PeriodType: cpu nanoseconds
Period: 10000000
Time: 2026-03-01 11:25:58.04437166 +0800 CST
Duration: 57.1
Samples:
samples/count cpu/nanoseconds
          1   10000000: 1 2 3 4 5 
          1   10000000: 6 7 8 9 10 11 
          2   20000000: 12 13 
         34  340000000: 14 15 16 17 18 8 9 10 11 
          1   10000000: 19 20 21 22 23 24 
         68  680000000: 14 25 26 27 28 29 10 11 
         57  570000000: 14 15 16 30 29 10 11 
          5   50000000: 31 32 33 34 35 
          3   30000000: 36 37 38 
         73  730000000: 14 25 26 39 9 10 11 
          1   10000000: 40 34 35 
          2   20000000: 41 42 43 37 38 
          1   10000000: 44 45 34 35 
          1   10000000: 46 47 48 43 37 38 
          1   10000000: 49 50 37 38 
          1   10000000: 51 37 38 
          3   30000000: 31 32 52 53 54 
         12  120000000: 55 47 48 43 37 38 
          2   20000000: 56 57 58 59 60 10 11 
          4   40000000: 61 53 54 
          1   10000000: 62 
         26  260000000: 14 15 16 17 63 64 65 10 11 
          3   30000000: 19 66 67 68 29 10 11 
         16  160000000: 69 
         17  170000000: 55 47 42 43 37 38 
          1   10000000: 70 34 35 
          1   10000000: 71 38 
          2   20000000: 72 73 74 11 
          2   20000000: 75 50 37 38 
          2   20000000: 76 77 18 8 9 10 11 
          2   20000000: 78 34 35 
          1   10000000: 79 48 43 37 38 
          1   10000000: 80 45 34 35 
          1   10000000: 81 34 35 
          1   10000000: 82 47 48 50 37 38 
         14  140000000: 55 47 48 50 37 38 
          1   10000000: 83 84 8 9 10 11 
          8   80000000: 19 20 21 22 13 
          1   10000000: 72 85 86 9 10 11 
          1   10000000: 87 53 54 
          2   20000000: 88 89 60 10 11 
          1   10000000: 90 16 30 29 10 11 
          1   10000000: 91 47 48 50 37 38 
          2   20000000: 92 93 94 10 11 
          3   30000000: 19 66 67 86 9 10 11 
          3   30000000: 46 47 42 43 37 38 
          1   10000000: 95 96 8 9 10 11 
          1   10000000: 97 58 59 60 10 11 
          1   10000000: 98 23 24 
          1   10000000: 99 100 45 34 35 
          1   10000000: 101 102 103 22 13 
         21  210000000: 55 47 42 50 37 38 
          1   10000000: 104 39 9 10 11 
          1   10000000: 105 59 60 10 11 
          1   10000000: 106 
          1   10000000: 107 53 54 
          2   20000000: 108 27 28 29 10 11 
          1   10000000: 109 34 35 
          1   10000000: 75 43 37 38 
          1   10000000: 110 38 
          1   10000000: 111 9 10 11 
          1   10000000: 112 48 43 37 38 
         11  110000000: 113 
          2   20000000: 72 85 68 29 10 11 
          1   10000000: 114 37 38 
          4   40000000: 19 66 77 18 8 9 10 11 
          2   20000000: 115 28 29 10 11 
          1   10000000: 55 47 48 100 45 34 35 
          2   20000000: 116 37 38 
          4   40000000: 117 118 57 58 59 60 10 11 
          1   10000000: 119 84 8 9 10 11 
          1   10000000: 120 84 8 9 10 11 
          7   70000000: 121 122 54 
          1   10000000: 123 124 34 35 
          1   10000000: 125 126 
          1   10000000: 127 128 129 4 130 131 132 133 34 35 
          2   20000000: 134 17 63 64 65 10 11 
          1   10000000: 135 136 
          5   50000000: 137 136 
          2   20000000: 138 139 50 37 38 
          1   10000000: 140 66 141 28 29 10 11 
          1   10000000: 55 47 42 100 45 34 35 
          1   10000000: 142 43 37 38 
          3   30000000: 19 66 143 64 65 10 11 
          1   10000000: 144 37 38 
          1   10000000: 145 37 38 
          4   40000000: 146 
          2   20000000: 147 42 50 37 38 
          1   10000000: 148 45 34 35 
          1   10000000: 149 34 35 
          1   10000000: 150 45 34 35 
          1   10000000: 151 37 38 
          1   10000000: 152 35 
          1   10000000: 153 154 22 23 24 
          1   10000000: 155 9 10 11 
          1   10000000: 98 156 34 35 
          1   10000000: 157 42 50 37 38 
         31  310000000: 158 53 54 
          1   10000000: 159 160 35 
          2   20000000: 70 160 35 
          1   10000000: 140 66 67 86 9 10 11 
          2   20000000: 161 160 35 
          4   40000000: 31 32 33 160 35 
          2   20000000: 98 13 
          7   70000000: 162 53 54 
          1   10000000: 163 53 54 
          6   60000000: 19 66 141 28 29 10 11 
          1   10000000: 164 165 166 167 64 65 10 11 
          1   10000000: 49 100 45 160 35 
          3   30000000: 137 124 160 35 
          1   10000000: 168 53 54 
          1   10000000: 124 160 35 
          4   40000000: 169 53 54 
          1   10000000: 79 42 43 37 38 
          5   50000000: 170 53 54 
          1   10000000: 157 42 43 37 38 
          2   20000000: 171 
          1   10000000: 172 48 43 37 38 
         10  100000000: 173 
          1   10000000: 98 156 160 35 
          1   10000000: 174 37 38 
          1   10000000: 175 43 37 38 
          2   20000000: 176 
          1   10000000: 177 50 37 38 
          1   10000000: 178 27 28 29 10 11 
          1   10000000: 179 122 54 
          2   20000000: 180 53 54 
          2   20000000: 49 43 37 38 
          1   10000000: 181 132 133 160 35 
          1   10000000: 72 182 28 29 10 11 
          1   10000000: 183 48 50 37 38 
          1   10000000: 184 53 54 
          1   10000000: 185 22 13 
          4   40000000: 186 53 54 
          1   10000000: 187 166 167 64 65 10 11 
          1   10000000: 188 9 10 11 
          2   20000000: 189 190 191 192 28 29 10 11 
          1   10000000: 185 22 156 160 35 
          1   10000000: 193 
          1   10000000: 76 194 195 196 197 136 
          1   10000000: 79 42 50 37 38 
          9   90000000: 198 
          1   10000000: 199 37 38 
          1   10000000: 200 53 54 
          1   10000000: 201 202 60 10 11 
          2   20000000: 203 53 54 
          1   10000000: 72 204 63 64 65 10 11 
          1   10000000: 55 47 42 100 45 160 35 
          2   20000000: 205 37 38 
          1   10000000: 206 50 37 38 
          1   10000000: 207 139 43 37 38 
          1   10000000: 92 208 129 4 130 131 132 133 160 35 
          1   10000000: 209 50 37 38 
          2   20000000: 55 47 48 100 45 160 35 
          1   10000000: 210 160 35 
          1   10000000: 211 38 
          1   10000000: 212 160 35 
          1   10000000: 213 214 215 24 
          1   10000000: 216 100 45 160 35 
          1   10000000: 217 139 50 37 38 
          1   10000000: 218 139 43 37 38 
          1   10000000: 219 37 38 
         16  160000000: 220 10 11 
          1   10000000: 147 48 43 37 38 
          1   10000000: 221 166 167 64 65 10 11 
          3   30000000: 222 
          1   10000000: 223 26 27 28 29 10 11 
          1   10000000: 137 124 224 35 
          1   10000000: 225 226 227 228 229 53 54 
          1   10000000: 230 57 58 59 60 10 11 
          2   20000000: 98 156 224 35 
          2   20000000: 231 37 38 
          1   10000000: 232 102 103 22 23 24 
          1   10000000: 233 234 53 54 
          1   10000000: 49 100 45 224 35 
          2   20000000: 235 156 224 35 
          1   10000000: 236 37 38 
          1   10000000: 75 100 45 224 35 
          1   10000000: 237 43 37 38 
          2   20000000: 238 239 240 234 53 54 
          1   10000000: 241 239 240 234 53 54 
          3   30000000: 242 243 10 11 
          1   10000000: 244 25 26 39 9 10 11 
          1   10000000: 245 246 102 103 22 156 224 35 
          1   10000000: 247 239 248 249 229 53 54 
          1   10000000: 250 251 191 192 28 29 10 11 
          3   30000000: 252 10 11 
          1   10000000: 223 26 39 9 10 11 
          1   10000000: 253 53 54 
          1   10000000: 254 215 24 
          1   10000000: 255 35 
          1   10000000: 256 227 228 229 53 54 
         14  140000000: 257 
          1   10000000: 72 204 18 8 9 10 11 
          1   10000000: 159 224 35 
          2   20000000: 258 53 54 
          1   10000000: 259 248 249 229 53 54 
          1   10000000: 260 35 
          1   10000000: 261 224 35 
          1   10000000: 262 38 
          1   10000000: 91 47 42 43 37 38 
        164 1640000000: 92 93 263 10 11 
          5   50000000: 31 32 33 224 35 
          1   10000000: 264 48 43 37 38 
          1   10000000: 265 165 166 167 64 65 10 11 
          1   10000000: 14 25 266 267 77 18 8 9 10 11 
          1   10000000: 268 269 228 229 53 54 
          1   10000000: 270 165 166 167 64 65 10 11 
          2   20000000: 271 224 35 
          2   20000000: 272 37 38 
          2   20000000: 273 38 
          1   10000000: 274 275 229 53 54 
          6   60000000: 31 32 276 53 54 
          1   10000000: 277 240 234 53 54 
          1   10000000: 70 224 35 
          1   10000000: 278 48 50 37 38 
          2   20000000: 279 42 50 37 38 
          1   10000000: 280 224 35 
          1   10000000: 281 43 37 38 
          2   20000000: 282 60 10 11 
          1   10000000: 283 59 60 10 11 
          1   10000000: 76 284 132 133 224 35 
          1   10000000: 285 156 224 35 
          1   10000000: 264 42 43 37 38 
          1   10000000: 286 38 
          1   10000000: 287 94 10 11 
          1   10000000: 288 239 240 234 53 54 
          1   10000000: 289 50 37 38 
          1   10000000: 290 47 42 43 37 38 
          1   10000000: 291 37 38 
          1   10000000: 292 227 228 229 53 54 
          1   10000000: 293 294 229 53 54 
          1   10000000: 295 296 86 9 10 11 
          1   10000000: 55 47 42 100 45 224 35 
          1   10000000: 297 122 54 
          1   10000000: 298 27 28 29 10 11 
          1   10000000: 299 239 240 234 53 54 
          1   10000000: 300 
          1   10000000: 301 224 35 
          1   10000000: 302 53 54 
          1   10000000: 303 
         34  340000000: 92 304 11 
          1   10000000: 161 224 35 
          1   10000000: 305 24 
          1   10000000: 306 42 100 45 224 35 
          1   10000000: 307 234 53 54 
          1   10000000: 308 133 224 35 
          1   10000000: 309 229 53 54 
          1   10000000: 149 224 35 
          1   10000000: 310 224 35 
          1   10000000: 19 66 96 8 9 10 11 
          1   10000000: 311 228 229 53 54 
          1   10000000: 312 226 227 228 229 53 54 
          1   10000000: 313 240 234 53 54 
          2   20000000: 55 47 48 100 45 224 35 
          1   10000000: 314 315 63 64 65 10 11 
          1   10000000: 316 100 45 224 35 
          1   10000000: 317 275 229 53 54 
          4   40000000: 318 
          1   10000000: 319 228 229 53 54 
          1   10000000: 320 224 35 
          1   10000000: 289 100 45 224 35 
          1   10000000: 321 224 35 
          1   10000000: 322 239 240 234 53 54 
          1   10000000: 323 324 325 326 60 10 11 
          1   10000000: 14 15 16 17 63 128 129 4 130 327 328 329 330 331 
          2   20000000: 323 332 333 334 335 
          1   10000000: 14 15 16 30 29 336 11 
          1   10000000: 323 324 325 326 60 336 11 
          1   10000000: 337 338 339 340 341 342 343 344 345 346 347 348 4 349 350 351 352 353 354 355 
          1   10000000: 356 357 355 
          9   90000000: 358 10 11 
         41  410000000: 359 360 361 362 11 
          1   10000000: 363 355 
          1   10000000: 19 66 194 195 196 364 365 355 
         73  730000000: 127 366 362 11 
          4   40000000: 367 368 369 370 
        744 7440000000: 19 66 143 366 362 11 
          1   10000000: 371 344 345 372 
        586 5860000000: 72 361 362 11 
       9427 94270000000: 19 66 373 362 11 
        309 3090000000: 14 25 266 267 373 362 11 
          2   20000000: 72 374 375 376 377 378 379 353 354 355 
         11  110000000: 380 373 362 11 
        868 8680000000: 19 66 381 60 10 11 
        269 2690000000: 382 383 384 
          1   10000000: 385 386 387 388 389 390 391 392 393 35 
          2   20000000: 394 395 396 397 
          1   10000000: 398 399 400 389 390 391 392 393 35 
          1   10000000: 401 402 2 403 4 5 
          1   10000000: 404 405 406 352 353 354 407 35 
          1   10000000: 408 409 60 10 11 
          2   20000000: 410 369 370 
          1   10000000: 259 345 411 354 407 35 
          1   10000000: 412 413 414 357 407 35 
          1   10000000: 415 413 416 357 407 35 
          1   10000000: 382 417 352 353 354 407 35 
          1   10000000: 92 208 418 4 419 376 377 378 379 353 354 407 35 
          1   10000000: 420 421 422 357 407 35 
          3   30000000: 423 424 369 370 
          1   10000000: 425 426 421 422 357 407 35 
          1   10000000: 19 66 427 60 10 11 
        100 1000000000: 19 66 428 60 429 362 11 
        999 9990000000: 19 66 381 60 429 362 11 
          1   10000000: 430 431 432 433 434 435 436 403 4 5 
          1   10000000: 437 438 439 440 433 434 435 436 3 4 5 
          1   10000000: 441 442 443 434 435 436 403 4 5 
          1   10000000: 444 143 64 65 10 11 
         86  860000000: 72 445 60 429 362 11 
          1   10000000: 446 447 448 449 
          1   10000000: 450 451 433 434 435 436 3 4 5 
          1   10000000: 452 102 103 453 454 455 
          1   10000000: 337 338 339 340 341 342 343 344 345 456 35 
          2   20000000: 457 436 403 4 5 
          1   10000000: 14 25 26 27 458 60 336 11 
          1   10000000: 459 402 460 461 462 4 463 464 465 345 466 467 468 35 
          1   10000000: 469 470 471 436 3 4 5 
        142 1420000000: 472 369 370 
          1   10000000: 473 474 
         10  100000000: 475 369 370 
          1   10000000: 476 477 344 345 478 474 
          8   80000000: 479 480 60 429 362 11 
        719 7190000000: 481 482 373 362 11 
        374 3740000000: 483 484 384 
         39  390000000: 485 381 60 429 362 11 
          1   10000000: 486 487 488 434 435 436 3 4 5 
          4   40000000: 489 490 491 3 4 5 
          1   10000000: 492 377 378 379 493 494 
          1   10000000: 495 496 497 498 4 499 500 501 502 
          1   10000000: 503 344 345 504 35 
          1   10000000: 505 506 507 348 4 349 508 509 510 
          3   30000000: 511 512 513 514 515 347 348 4 349 516 35 
          1   10000000: 14 15 16 517 518 4 519 520 344 345 521 509 510 
          1   10000000: 522 490 523 461 462 4 463 464 465 345 524 510 
          1   10000000: 525 440 433 434 435 526 461 462 4 463 464 465 345 524 510 
          1   10000000: 527 528 529 488 434 435 436 3 4 5 
          1   10000000: 530 451 433 434 435 526 461 462 4 463 464 465 345 524 510 
          1   10000000: 531 439 440 433 434 435 526 461 462 4 463 464 465 345 524 510 
          1   10000000: 532 533 534 461 462 4 463 464 465 345 524 510 
          1   10000000: 14 15 535 360 73 74 11 
          1   10000000: 536 537 461 462 4 463 464 465 345 524 510 
          1   10000000: 538 539 528 529 540 541 542 543 341 342 343 344 345 544 545 546 
          1   10000000: 547 548 74 11 
          2   20000000: 55 549 550 551 
          1   10000000: 552 540 541 553 554 340 341 342 343 344 345 544 545 546 
          1   10000000: 555 556 557 558 509 510 
          4   40000000: 430 431 451 433 434 435 436 3 4 5 
          1   10000000: 559 451 433 434 435 436 403 4 5 
          1   10000000: 531 439 440 433 434 435 436 403 4 5 
          1   10000000: 560 561 490 491 403 4 5 
          1   10000000: 337 338 339 340 341 342 343 344 345 346 347 348 4 349 516 35 
          1   10000000: 562 563 202 60 336 11 
          1   10000000: 564 59 60 336 11 
          1   10000000: 119 409 60 10 11 
          1   10000000: 565 4 566 567 568 569 570 571 572 449 
          1   10000000: 573 574 575 576 577 578 579 580 581 582 
          1   10000000: 583 2 3 4 5 
          2   20000000: 584 585 403 4 5 
          5   50000000: 586 587 588 498 4 499 500 501 502 
          7   70000000: 584 585 3 4 5 
          1   10000000: 589 60 429 362 11 
          2   20000000: 590 369 370 
          1   10000000: 591 60 10 11 
        118 1180000000: 444 373 362 11 
        143 1430000000: 592 448 449 
          3   30000000: 593 243 429 362 11 
        107 1070000000: 594 448 449 
       3374 33740000000: 595 448 449 
       3349 33490000000: 596 448 449 
         29  290000000: 597 93 263 429 362 11 
        302 3020000000: 485 373 362 11 
         73  730000000: 14 15 535 360 445 60 429 362 11 
          3   30000000: 598 381 60 429 362 11 
          4   40000000: 599 448 449 
         34  340000000: 220 429 362 11 
         35  350000000: 600 60 10 11 
        141 1410000000: 601 602 603 
         10  100000000: 604 605 352 353 602 603 
        705 7050000000: 19 66 143 128 418 4 419 376 377 378 379 353 602 603 
          6   60000000: 606 89 60 429 362 11 
        313 3130000000: 55 47 607 448 449 
        140 1400000000: 76 424 369 370 
        155 1550000000: 608 480 60 429 362 11 
        215 2150000000: 72 374 375 376 377 378 379 353 602 603 
        324 3240000000: 92 93 263 429 362 11 
          4   40000000: 609 93 263 429 362 11 
        219 2190000000: 382 417 352 353 602 603 
          2   20000000: 610 360 361 362 11 
          2   20000000: 147 607 448 449 
          5   50000000: 306 607 448 449 
         15  150000000: 611 612 344 345 411 602 603 
          1   10000000: 1 460 461 462 4 463 464 465 345 411 602 603 
         18  180000000: 613 480 60 429 362 11 
        514 5140000000: 76 373 362 11 
         72  720000000: 481 482 381 60 429 362 11 
          3   30000000: 614 60 10 11 
          6   60000000: 615 60 429 362 11 
        105 1050000000: 616 377 378 379 353 602 603 
        131 1310000000: 617 
          9   90000000: 618 612 344 345 411 602 603 
        276 2760000000: 31 32 619 448 449 
         21  210000000: 620 369 370 
          4   40000000: 621 369 370 
         62  620000000: 622 202 60 429 362 11 
        139 1390000000: 92 623 362 11 
         68  680000000: 72 445 60 10 11 
         23  230000000: 624 167 128 418 4 419 376 377 378 379 353 602 603 
         17  170000000: 625 11 
         87  870000000: 626 263 429 362 11 
         53  530000000: 627 628 418 4 419 376 377 378 379 353 602 603 
        217 2170000000: 483 629 352 353 602 603 
         35  350000000: 630 631 93 263 10 11 
         58  580000000: 632 376 377 378 379 353 602 603 
         43  430000000: 633 603 
         11  110000000: 634 635 384 
         14  140000000: 636 373 362 11 
         15  150000000: 637 638 60 429 362 11 
          3   30000000: 639 417 352 353 602 603 
         27  270000000: 640 623 362 11 
          6   60000000: 641 449 
          2   20000000: 642 267 373 362 11 
          2   20000000: 643 60 429 362 11 
          1   10000000: 644 645 4 646 647 648 369 370 
          1   10000000: 430 649 2 3 4 5 
         73  730000000: 608 480 60 10 11 
          1   10000000: 650 651 652 376 377 378 379 353 602 603 
         34  340000000: 76 143 366 362 11 
          2   20000000: 653 60 10 11 
         35  350000000: 14 15 535 360 654 128 418 4 419 376 377 378 379 353 602 603 
          4   40000000: 655 60 429 362 11 
          4   40000000: 656 263 429 362 11 
          1   10000000: 657 360 445 60 429 362 11 
         48  480000000: 658 369 370 
         23  230000000: 485 143 366 362 11 
          2   20000000: 659 60 10 11 
         29  290000000: 660 373 362 11 
          5   50000000: 661 429 362 11 
          6   60000000: 662 373 362 11 
          1   10000000: 663 424 369 370 
         16  160000000: 140 66 381 60 429 362 11 
         13  130000000: 664 373 362 11 
         38  380000000: 665 74 11 
          2   20000000: 666 362 11 
          4   40000000: 667 263 429 362 11 
        129 1290000000: 19 66 556 377 378 379 353 602 603 
         18  180000000: 668 449 
        219 2190000000: 76 556 377 378 379 353 602 603 
          2   20000000: 669 
         13  130000000: 140 66 143 128 418 4 419 376 377 378 379 353 602 603 
        122 1220000000: 127 128 418 4 419 376 377 378 379 353 602 603 
          2   20000000: 670 263 10 11 
         57  570000000: 626 263 10 11 
          2   20000000: 671 263 429 362 11 
         27  270000000: 672 379 353 602 603 
          4   40000000: 673 384 
          2   20000000: 674 419 376 377 378 379 353 602 603 
          1   10000000: 675 477 344 345 411 602 603 
          4   40000000: 676 344 345 411 602 603 
         21  210000000: 677 369 370 
         52  520000000: 492 377 378 379 353 602 603 
          2   20000000: 678 344 345 411 602 603 
         53  530000000: 76 381 60 10 11 
          2   20000000: 679 629 352 353 602 603 
          2   20000000: 680 202 60 429 362 11 
        212 2120000000: 681 373 362 11 
          6   60000000: 584 682 461 462 4 463 464 465 345 411 602 603 
          1   10000000: 683 684 645 646 647 685 89 60 429 362 11 
          8   80000000: 686 395 396 397 
         79  790000000: 245 687 369 370 
        230 2300000000: 14 15 535 360 361 362 11 
          3   30000000: 688 344 345 411 602 603 
         52  520000000: 630 631 93 263 429 362 11 
         22  220000000: 14 25 266 267 143 128 418 4 419 376 377 378 379 353 602 603 
         29  290000000: 72 654 366 362 11 
          1   10000000: 689 480 60 429 362 11 
          2   20000000: 690 607 448 449 
        114 1140000000: 691 448 449 
         16  160000000: 444 381 60 10 11 
          1   10000000: 692 360 445 60 429 362 11 
          4   40000000: 693 376 377 378 379 353 602 603 
         19  190000000: 694 695 263 429 362 11 
         13  130000000: 696 629 352 353 602 603 
          5   50000000: 697 698 74 11 
         15  150000000: 699 377 378 379 353 602 603 
          6   60000000: 700 448 449 
         24  240000000: 598 373 362 11 
          1   10000000: 701 10 11 
          2   20000000: 702 377 378 379 353 602 603 
          3   30000000: 703 628 418 4 419 376 377 378 379 353 602 603 
         53  530000000: 704 373 362 11 
          2   20000000: 705 47 607 448 449 
          1   10000000: 706 649 460 461 462 4 463 464 465 345 411 602 603 
         63  630000000: 707 60 429 362 11 
         61  610000000: 92 208 418 4 419 376 377 378 379 353 602 603 
          4   40000000: 708 11 
          8   80000000: 709 480 60 10 11 
          4   40000000: 636 381 60 429 362 11 
          3   30000000: 598 143 128 418 4 419 376 377 378 379 353 602 603 
          1   10000000: 710 60 10 11 
         12  120000000: 711 353 602 603 
          1   10000000: 712 429 362 11 
          1   10000000: 713 263 10 11 
          3   30000000: 82 47 607 448 449 
         62  620000000: 714 362 11 
         34  340000000: 715 369 370 
          1   10000000: 706 684 645 4 646 647 716 635 384 
         21  210000000: 717 605 352 353 602 603 
         10  100000000: 718 381 60 429 362 11 
          5   50000000: 719 60 429 362 11 
          7   70000000: 95 373 362 11 
         44  440000000: 481 482 143 128 418 4 419 376 377 378 379 353 602 603 
          1   10000000: 720 208 418 4 419 376 377 378 379 353 602 603 
          2   20000000: 721 202 60 429 362 11 
         27  270000000: 624 167 366 362 11 
         17  170000000: 709 480 60 429 362 11 
          2   20000000: 722 47 607 448 449 
          5   50000000: 723 373 362 11 
        108 1080000000: 724 
          3   30000000: 725 629 352 353 602 603 
         55  550000000: 14 15 535 360 445 60 10 11 
         76  760000000: 726 128 418 4 419 376 377 378 379 353 602 603 
          6   60000000: 727 267 373 362 11 
        132 1320000000: 728 605 352 353 602 603 
          4   40000000: 667 263 10 11 
          2   20000000: 729 362 11 
          4   40000000: 730 623 362 11 
          6   60000000: 731 732 429 362 11 
          3   30000000: 733 376 377 378 379 353 602 603 
          7   70000000: 734 429 362 11 
          3   30000000: 720 623 362 11 
        141 1410000000: 140 66 373 362 11 
          4   40000000: 735 10 11 
          2   20000000: 736 602 603 
         37  370000000: 737 448 449 
         12  120000000: 738 384 
          1   10000000: 739 47 607 448 449 
          6   60000000: 740 373 362 11 
          2   20000000: 741 345 411 602 603 
         27  270000000: 742 
          7   70000000: 743 360 445 60 429 362 11 
          2   20000000: 744 369 370 
        149 1490000000: 745 10 11 
          1   10000000: 746 747 348 4 349 350 351 352 353 602 603 
         11  110000000: 748 448 449 
          2   20000000: 749 612 344 345 411 602 603 
          8   80000000: 750 603 
         50  500000000: 76 381 60 429 362 11 
          1   10000000: 751 344 345 411 602 603 
          1   10000000: 752 490 491 3 4 5 
          3   30000000: 753 687 369 370 
         45  450000000: 754 484 384 
          2   20000000: 755 304 11 
          5   50000000: 756 
          4   40000000: 757 11 
          5   50000000: 758 602 603 
         50  500000000: 72 698 74 11 
         13  130000000: 759 373 362 11 
         54  540000000: 760 628 418 4 419 376 377 378 379 353 602 603 
          2   20000000: 761 353 602 603 
         26  260000000: 762 635 384 
          1   10000000: 763 652 376 377 378 379 353 602 603 
          1   10000000: 764 304 11 
          1   10000000: 765 373 362 11 
          2   20000000: 639 383 384 
         34  340000000: 14 15 535 360 654 366 362 11 
          2   20000000: 766 373 362 11 
          7   70000000: 252 429 362 11 
          5   50000000: 767 93 263 429 362 11 
          2   20000000: 768 424 369 370 
         36  360000000: 769 602 603 
          1   10000000: 770 267 373 362 11 
          1   10000000: 771 612 344 345 411 602 603 
          2   20000000: 772 93 263 429 362 11 
          1   10000000: 773 263 429 362 11 
          1   10000000: 774 432 433 434 435 436 3 4 5 
          1   10000000: 775 488 434 435 436 3 4 5 
         34  340000000: 622 202 60 10 11 
          1   10000000: 776 777 778 779 60 429 362 11 
          2   20000000: 780 635 384 
         15  150000000: 600 60 429 362 11 
          9   90000000: 704 381 60 429 362 11 
          4   40000000: 781 602 603 
          5   50000000: 782 623 362 11 
          4   40000000: 719 60 10 11 
          4   40000000: 783 362 11 
          2   20000000: 287 263 429 362 11 
          3   30000000: 784 369 370 
         19  190000000: 597 93 263 10 11 
          1   10000000: 785 482 373 362 11 
          2   20000000: 786 60 10 11 
        103 1030000000: 745 429 362 11 
         12  120000000: 787 362 11 
          2   20000000: 772 304 11 
         20  200000000: 788 208 418 4 419 376 377 378 379 353 602 603 
          2   20000000: 789 93 263 10 11 
         18  180000000: 681 143 366 362 11 
          1   10000000: 790 791 490 491 3 4 5 
          3   30000000: 792 93 263 429 362 11 
          1   10000000: 793 10 11 
         14  140000000: 794 362 11 
          7   70000000: 795 629 352 353 602 603 
         36  360000000: 754 629 352 353 602 603 
          1   10000000: 796 143 128 418 4 419 376 377 378 379 353 602 603 
         30  300000000: 14 25 266 267 381 60 429 362 11 
          3   30000000: 725 484 384 
         11  110000000: 797 362 11 
          3   30000000: 798 344 345 411 602 603 
          4   40000000: 799 
          3   30000000: 800 60 10 11 
          5   50000000: 801 384 
          7   70000000: 802 362 11 
          7   70000000: 696 484 384 
          1   10000000: 803 418 4 419 376 377 378 379 353 602 603 
          3   30000000: 681 556 377 378 379 353 602 603 
          1   10000000: 804 488 434 435 436 3 4 5 
          9   90000000: 704 381 60 10 11 
          1   10000000: 805 561 490 491 3 4 5 
          1   10000000: 806 448 449 
          7   70000000: 72 807 60 429 362 11 
          5   50000000: 697 361 362 11 
          2   20000000: 808 344 345 411 602 603 
         48  480000000: 481 482 381 60 10 11 
         50  500000000: 809 
          8   80000000: 810 
         18  180000000: 811 370 
          6   60000000: 812 352 353 602 603 
         11  110000000: 813 373 362 11 
          3   30000000: 814 344 345 411 602 603 
          3   30000000: 815 612 344 345 411 602 603 
          5   50000000: 816 373 362 11 
          2   20000000: 380 381 60 429 362 11 
         35  350000000: 817 369 370 
         27  270000000: 818 448 449 
          1   10000000: 759 381 60 10 11 
          1   10000000: 819 732 10 11 
          3   30000000: 820 602 603 
          3   30000000: 821 374 375 376 377 378 379 353 602 603 
          2   20000000: 822 375 376 377 378 379 353 602 603 
         32  320000000: 823 
          6   60000000: 157 607 448 449 
          2   20000000: 824 484 384 
          7   70000000: 825 
          3   30000000: 826 374 375 376 377 378 379 353 602 603 
         20  200000000: 681 381 60 10 11 
          1   10000000: 827 695 263 10 11 
         10  100000000: 828 360 361 362 11 
          2   20000000: 829 373 362 11 
          2   20000000: 830 11 
          1   10000000: 831 832 490 491 3 4 5 
          2   20000000: 833 635 384 
          1   10000000: 834 685 89 60 10 11 
          1   10000000: 835 684 645 646 647 685 732 10 11 
         18  180000000: 836 449 
          1   10000000: 837 208 418 4 419 376 377 378 379 353 602 603 
          2   20000000: 838 10 11 
          4   40000000: 839 602 603 
          1   10000000: 840 605 352 353 602 603 
          2   20000000: 841 345 411 602 603 
          8   80000000: 694 695 263 10 11 
          5   50000000: 842 344 345 411 602 603 
          1   10000000: 843 74 11 
          1   10000000: 844 263 429 362 11 
         83  830000000: 19 66 428 60 10 11 
         17  170000000: 485 143 128 418 4 419 376 377 378 379 353 602 603 
          3   30000000: 845 360 445 60 429 362 11 
          1   10000000: 846 631 93 263 10 11 
         37  370000000: 847 
          9   90000000: 457 436 3 4 5 
          3   30000000: 848 362 11 
          1   10000000: 849 850 397 
          2   20000000: 851 375 376 377 378 379 353 602 603 
          3   30000000: 852 369 370 
          6   60000000: 853 128 418 4 419 376 377 378 379 353 602 603 
          1   10000000: 854 344 345 411 602 603 
          1   10000000: 855 602 603 
          1   10000000: 856 369 370 
          1   10000000: 857 60 429 362 11 
          8   80000000: 444 143 128 418 4 419 376 377 378 379 353 602 603 
         11  110000000: 858 
          2   20000000: 859 369 370 
          2   20000000: 704 143 366 362 11 
          3   30000000: 860 352 353 602 603 
         34  340000000: 707 60 10 11 
          1   10000000: 503 344 345 411 602 603 
          1   10000000: 861 
          4   40000000: 862 353 602 603 
          2   20000000: 863 612 344 345 411 602 603 
          1   10000000: 864 362 11 
          2   20000000: 683 431 451 433 434 435 436 3 4 5 
          1   10000000: 865 654 366 362 11 
          2   20000000: 866 651 652 376 377 378 379 353 602 603 
         65  650000000: 481 482 143 366 362 11 
          1   10000000: 867 480 60 429 362 11 
          8   80000000: 290 47 607 448 449 
          9   90000000: 6 361 362 11 
          6   60000000: 868 361 362 11 
          2   20000000: 511 512 513 514 515 347 348 4 349 350 351 352 353 602 603 
          1   10000000: 869 870 871 406 352 353 602 603 
          1   10000000: 872 438 439 440 433 434 435 436 3 4 5 
          3   30000000: 873 60 429 362 11 
          2   20000000: 874 360 445 60 429 362 11 
          1   10000000: 875 612 344 345 411 602 603 
          6   60000000: 876 377 378 379 353 602 603 
         13  130000000: 637 638 60 10 11 
          3   30000000: 877 362 11 
          1   10000000: 878 263 10 11 
         26  260000000: 879 366 362 11 
          2   20000000: 880 628 418 4 419 376 377 378 379 353 602 603 
          9   90000000: 613 480 60 10 11 
          1   10000000: 881 345 411 602 603 
          1   10000000: 882 202 60 10 11 
          6   60000000: 883 373 362 11 
          8   80000000: 884 60 429 362 11 
         96  960000000: 718 373 362 11 
          3   30000000: 337 338 339 340 341 342 343 344 345 411 602 603 
         26  260000000: 14 25 266 267 381 60 10 11 
         11  110000000: 718 143 366 362 11 
          2   20000000: 885 4 419 376 377 378 379 353 602 603 
          1   10000000: 72 886 368 369 370 
          3   30000000: 887 449 
          4   40000000: 888 484 384 
          1   10000000: 889 448 449 
         26  260000000: 890 362 11 
         10  100000000: 891 344 345 411 602 603 
          1   10000000: 892 893 894 4 895 554 340 341 342 343 344 345 411 602 603 
          5   50000000: 282 60 429 362 11 
         13  130000000: 896 
          1   10000000: 897 779 60 429 362 11 
          3   30000000: 683 684 645 4 646 647 898 376 377 378 379 353 602 603 
          1   10000000: 430 431 432 433 434 435 436 3 4 5 
          1   10000000: 899 791 490 491 3 4 5 
          8   80000000: 900 429 362 11 
          1   10000000: 901 361 362 11 
          6   60000000: 902 362 11 
          1   10000000: 903 202 60 10 11 
          1   10000000: 904 202 60 10 11 
          9   90000000: 905 602 603 
          6   60000000: 906 603 
          4   40000000: 907 263 10 11 
          1   10000000: 908 60 429 362 11 
          1   10000000: 909 202 60 429 362 11 
          7   70000000: 910 448 449 
          5   50000000: 911 912 373 362 11 
          1   10000000: 913 208 418 4 419 376 377 378 379 353 602 603 
          9   90000000: 755 623 362 11 
          5   50000000: 914 373 362 11 
          2   20000000: 915 10 11 
         20  200000000: 140 66 381 60 10 11 
          9   90000000: 916 60 429 362 11 
          4   40000000: 917 482 373 362 11 
          1   10000000: 918 93 263 429 362 11 
          1   10000000: 919 202 60 429 362 11 
          2   20000000: 920 74 11 
          8   80000000: 921 66 373 362 11 
          1   10000000: 922 923 434 435 436 3 4 5 
          2   20000000: 924 925 488 434 435 436 3 4 5 
          1   10000000: 926 645 646 647 927 263 429 362 11 
          1   10000000: 928 929 930 433 434 435 526 461 462 4 463 464 465 345 411 602 603 
          1   10000000: 437 438 439 440 433 434 435 526 461 462 4 463 464 465 345 411 602 603 
          1   10000000: 931 433 434 435 436 3 4 5 
          3   30000000: 845 360 361 362 11 
          5   50000000: 932 377 378 379 353 602 603 
          3   30000000: 933 429 362 11 
          1   10000000: 934 635 384 
          4   40000000: 6 698 74 11 
          3   30000000: 935 651 652 376 377 378 379 353 602 603 
          1   10000000: 936 360 361 362 11 
          5   50000000: 481 482 428 60 10 11 
          5   50000000: 937 47 607 448 449 
          7   70000000: 242 243 429 362 11 
          2   20000000: 938 448 449 
          1   10000000: 939 93 263 429 362 11 
          2   20000000: 940 352 353 602 603 
          2   20000000: 941 376 377 378 379 353 602 603 
          7   70000000: 942 60 429 362 11 
          2   20000000: 943 263 429 362 11 
          3   30000000: 720 304 11 
          3   30000000: 918 93 263 10 11 
          1   10000000: 944 477 344 345 411 602 603 
          1   10000000: 945 
         12  120000000: 946 368 369 370 
          1   10000000: 947 360 361 362 11 
         30  300000000: 948 449 
          2   20000000: 949 368 369 370 
          2   20000000: 950 605 352 353 602 603 
          5   50000000: 951 361 362 11 
         13  130000000: 952 384 
          2   20000000: 359 360 445 60 429 362 11 
          1   10000000: 755 93 263 10 11 
          5   50000000: 76 428 60 10 11 
          2   20000000: 953 373 362 11 
          3   30000000: 954 344 345 411 602 603 
         10  100000000: 955 344 345 411 602 603 
         11  110000000: 956 603 
          2   20000000: 957 605 352 353 602 603 
          2   20000000: 659 60 429 362 11 
          1   10000000: 958 619 448 449 
          1   10000000: 959 362 11 
          5   50000000: 960 362 11 
          6   60000000: 961 448 449 
          3   30000000: 962 484 384 
          4   40000000: 963 369 370 
          1   10000000: 964 965 929 930 433 434 435 436 3 4 5 
          1   10000000: 966 431 451 433 434 435 436 3 4 5 
          1   10000000: 967 925 488 434 435 436 3 4 5 
          1   10000000: 968 969 490 491 3 4 5 
          1   10000000: 970 684 645 4 646 647 971 605 352 353 602 603 
          1   10000000: 19 66 373 972 973 
         16  160000000: 974 375 376 377 378 379 353 602 603 
          1   10000000: 975 384 
          2   20000000: 976 304 11 
          1   10000000: 977 638 60 429 362 11 
         37  370000000: 76 143 128 418 4 419 376 377 378 379 353 602 603 
          2   20000000: 978 603 
          7   70000000: 979 60 429 362 11 
         15  150000000: 980 981 652 376 377 378 379 353 602 603 
          1   10000000: 697 654 366 362 11 
          2   20000000: 982 369 370 
          4   40000000: 786 60 429 362 11 
          4   40000000: 983 344 345 411 602 603 
          7   70000000: 984 484 384 
          2   20000000: 985 202 60 10 11 
          5   50000000: 986 623 362 11 
          3   30000000: 987 368 369 370 
          3   30000000: 988 60 429 362 11 
          5   50000000: 660 381 60 10 11 
          2   20000000: 989 369 370 
          8   80000000: 990 
          5   50000000: 827 695 263 429 362 11 
          2   20000000: 991 418 4 419 376 377 378 379 353 602 603 
          9   90000000: 879 128 418 4 419 376 377 378 379 353 602 603 
          1   10000000: 992 623 362 11 
          4   40000000: 993 628 418 4 419 376 377 378 379 353 602 603 
          6   60000000: 994 362 11 
          3   30000000: 995 143 366 362 11 
          1   10000000: 874 360 654 128 418 4 419 376 377 378 379 353 602 603 
          3   30000000: 996 344 345 411 602 603 
          1   10000000: 662 143 128 418 4 419 376 377 378 379 353 602 603 
          1   10000000: 997 60 10 11 
          1   10000000: 998 554 340 341 342 343 344 345 411 602 603 
          1   10000000: 999 10 11 
          1   10000000: 1000 1001 4 1002 520 344 345 411 602 603 
          1   10000000: 559 451 433 434 435 436 3 4 5 
          1   10000000: 1003 645 4 646 647 648 369 370 
          1   10000000: 1004 490 491 3 4 5 
          1   10000000: 1005 60 429 362 11 
          5   50000000: 913 93 263 429 362 11 
          1   10000000: 1006 60 429 362 11 
          9   90000000: 1007 449 
          2   20000000: 1008 619 448 449 
          1   10000000: 1009 379 353 602 603 
          2   20000000: 1010 361 362 11 
          4   40000000: 1011 366 362 11 
          1   10000000: 883 143 128 418 4 419 376 377 378 379 353 602 603 
          1   10000000: 1012 360 361 362 11 
          1   10000000: 1013 638 60 10 11 
          3   30000000: 1014 263 429 362 11 
          1   10000000: 1015 1016 
          5   50000000: 1017 623 362 11 
          4   40000000: 1018 
          3   30000000: 1019 379 353 602 603 
          1   10000000: 1020 445 60 429 362 11 
          2   20000000: 1021 
         13  130000000: 72 654 128 418 4 419 376 377 378 379 353 602 603 
          3   30000000: 1022 687 369 370 
          4   40000000: 1023 373 362 11 
          4   40000000: 1020 361 362 11 
          4   40000000: 1024 93 263 429 362 11 
          8   80000000: 1025 362 11 
         40  400000000: 1026 418 4 419 376 377 378 379 353 602 603 
          3   30000000: 1027 529 488 434 435 436 3 4 5 
          1   10000000: 1028 684 645 4 646 647 1029 369 370 
          1   10000000: 1030 923 434 435 436 3 4 5 
          5   50000000: 1031 477 344 345 411 602 603 
          1   10000000: 1032 490 491 3 4 5 
          1   10000000: 1033 1034 1035 2 3 4 5 
          1   10000000: 1036 344 345 411 602 603 
          4   40000000: 1037 480 60 429 362 11 
          4   40000000: 1038 373 362 11 
          1   10000000: 213 1039 369 370 
          8   80000000: 1040 384 
          1   10000000: 1041 602 603 
          1   10000000: 1042 619 448 449 
          5   50000000: 1043 
          1   10000000: 1044 448 449 
          1   10000000: 1045 480 60 10 11 
          1   10000000: 1046 
          3   30000000: 1047 373 362 11 
          6   60000000: 1048 362 11 
          1   10000000: 632 376 377 1049 1050 
          1   10000000: 1051 480 60 429 362 11 
          5   50000000: 1052 373 362 11 
          3   30000000: 444 428 60 429 362 11 
          1   10000000: 1053 266 267 143 128 418 4 419 376 377 378 379 353 602 603 
         23  230000000: 14 25 266 267 143 366 362 11 
          3   30000000: 485 428 60 429 362 11 
          6   60000000: 1054 429 362 11 
          1   10000000: 868 654 366 362 11 
          3   30000000: 1055 602 603 
          3   30000000: 1017 304 11 
          2   20000000: 1056 477 344 345 411 602 603 
          1   10000000: 1057 1058 435 436 3 4 5 
          1   10000000: 1059 832 490 491 3 4 5 
          1   10000000: 1060 1061 777 778 779 60 10 11 
          1   10000000: 904 202 60 429 362 11 
         10  100000000: 1062 362 11 
          4   40000000: 1063 304 11 
          7   70000000: 614 60 429 362 11 
          1   10000000: 986 93 263 429 362 11 
          3   30000000: 1064 362 11 
          4   40000000: 1065 345 411 602 603 
          1   10000000: 1066 612 344 345 411 602 603 
          1   10000000: 1067 619 448 449 
          2   20000000: 1068 361 362 11 
          6   60000000: 1069 1039 369 370 
          3   30000000: 1070 384 
          9   90000000: 1071 166 167 366 362 11 
          2   20000000: 1072 202 60 10 11 
          2   20000000: 1073 263 429 362 11 
          1   10000000: 1074 60 10 11 
          4   40000000: 1075 132 1076 384 
          2   20000000: 1077 376 377 378 379 353 602 603 
          5   50000000: 1078 344 345 411 602 603 
          3   30000000: 1079 11 
         14  140000000: 481 482 428 60 429 362 11 
          3   30000000: 1080 369 370 
          1   10000000: 1081 1076 384 
          3   30000000: 933 10 11 
          1   10000000: 1082 635 384 
          1   10000000: 1083 360 361 362 11 
          1   10000000: 1084 369 370 
          4   40000000: 970 649 2 3 4 5 
          1   10000000: 598 556 377 378 379 353 602 603 
          1   10000000: 1085 1086 645 4 646 647 1087 369 370 
         45  450000000: 726 366 362 11 
          3   30000000: 1088 376 377 378 379 353 602 603 
          3   30000000: 1089 60 10 11 
          3   30000000: 1090 60 429 362 11 
          4   40000000: 1091 368 369 370 
          7   70000000: 985 202 60 429 362 11 
          4   40000000: 1092 384 
          2   20000000: 1093 344 345 411 602 603 
          1   10000000: 1094 384 
          5   50000000: 1095 484 384 
         10  100000000: 1096 602 603 
          6   60000000: 1097 60 429 362 11 
          1   10000000: 1098 
          2   20000000: 1099 369 370 
          1   10000000: 1100 267 381 60 10 11 
          5   50000000: 1101 585 3 4 5 
          8   80000000: 1102 461 462 4 463 464 465 345 411 602 603 
          1   10000000: 1103 526 461 462 4 463 464 465 345 411 602 603 
          1   10000000: 1104 1105 1106 397 
          1   10000000: 1107 698 74 11 
          9   90000000: 1108 480 60 429 362 11 
          1   10000000: 1109 1076 384 
          2   20000000: 1110 480 60 10 11 
          7   70000000: 1111 448 449 
          3   30000000: 1112 369 370 
          5   50000000: 1113 370 
          2   20000000: 1114 602 603 
          1   10000000: 1115 1039 369 370 
          1   10000000: 1116 807 60 10 11 
          1   10000000: 1117 1118 1119 1120 461 462 4 463 464 465 345 411 602 603 
          2   20000000: 1121 360 445 60 429 362 11 
          3   30000000: 800 60 429 362 11 
          5   50000000: 1011 128 418 4 419 376 377 378 379 353 602 603 
          1   10000000: 1122 353 602 603 
          1   10000000: 1123 628 418 4 419 376 377 378 379 353 602 603 
          1   10000000: 1124 60 10 11 
          2   20000000: 914 381 60 10 11 
          1   10000000: 1125 360 654 128 418 4 419 376 377 378 379 353 602 603 
          5   50000000: 979 60 10 11 
          2   20000000: 1126 779 60 429 362 11 
          2   20000000: 1127 602 603 
          2   20000000: 1128 263 10 11 
          1   10000000: 1129 60 429 362 11 
          2   20000000: 951 698 74 11 
          1   10000000: 1130 360 445 60 10 11 
          3   30000000: 1131 376 377 378 379 353 602 603 
          6   60000000: 1132 373 362 11 
          4   40000000: 1133 60 10 11 
          3   30000000: 1134 243 429 362 11 
          9   90000000: 1135 11 
          1   10000000: 1136 428 60 10 11 
          1   10000000: 1137 635 384 
          3   30000000: 1138 418 4 419 376 377 378 379 353 602 603 
          2   20000000: 1139 418 4 419 376 377 378 379 353 602 603 
          1   10000000: 834 1140 602 603 
          2   20000000: 1141 60 10 11 
          2   20000000: 1142 377 378 379 353 602 603 
          1   10000000: 1143 605 352 353 602 603 
          2   20000000: 816 381 60 429 362 11 
         25  250000000: 995 373 362 11 
          6   60000000: 91 47 607 448 449 
         16  160000000: 743 360 361 362 11 
          4   40000000: 1144 480 60 429 362 11 
          2   20000000: 1145 1146 1147 342 343 344 345 411 602 603 
          1   10000000: 1148 649 2 3 4 5 
          1   10000000: 1149 
          6   60000000: 1150 619 448 449 
          3   30000000: 1151 143 366 362 11 
          5   50000000: 1152 11 
          3   30000000: 1153 202 60 429 362 11 
          2   20000000: 1154 366 362 11 
          1   10000000: 1155 631 93 263 429 362 11 
         28  280000000: 681 381 60 429 362 11 
          2   20000000: 1156 384 
          3   30000000: 1157 362 11 
          1   10000000: 1158 93 263 10 11 
          1   10000000: 1159 361 362 11 
          1   10000000: 1160 343 344 345 411 602 603 
          1   10000000: 1161 384 
          4   40000000: 916 60 10 11 
          6   60000000: 14 15 535 360 807 60 429 362 11 
          3   30000000: 1162 602 603 
          4   40000000: 223 266 267 373 362 11 
          1   10000000: 1163 60 10 11 
          6   60000000: 1164 
          1   10000000: 1165 143 366 362 11 
          1   10000000: 1166 381 60 10 11 
          6   60000000: 46 47 607 448 449 
          4   40000000: 1167 602 603 
          2   20000000: 1168 480 60 10 11 
          3   30000000: 1169 
          1   10000000: 1170 1039 369 370 
          4   40000000: 1171 
          8   80000000: 640 208 418 4 419 376 377 378 379 353 602 603 
          3   30000000: 1172 623 362 11 
          9   90000000: 444 143 366 362 11 
          2   20000000: 1173 344 345 411 602 603 
          3   30000000: 14 25 266 267 428 60 429 362 11 
          2   20000000: 1174 375 376 377 378 379 353 602 603 
          1   10000000: 1175 490 491 3 4 5 
          1   10000000: 1176 445 60 429 362 11 
         27  270000000: 681 143 128 418 4 419 376 377 378 379 353 602 603 
          2   20000000: 1177 263 10 11 
          2   20000000: 1178 353 602 603 
          3   30000000: 1179 60 429 362 11 
          1   10000000: 1180 654 366 362 11 
          2   20000000: 1181 480 60 429 362 11 
          3   30000000: 1182 418 4 419 376 377 378 379 353 602 603 
          5   50000000: 1183 344 345 411 602 603 
          2   20000000: 1184 376 377 378 379 353 602 603 
          1   10000000: 995 428 60 429 362 11 
          2   20000000: 1185 480 60 429 362 11 
         22  220000000: 485 381 60 10 11 
          5   50000000: 1186 10 11 
          2   20000000: 1187 619 448 449 
          1   10000000: 1188 612 344 345 411 602 603 
          2   20000000: 1189 10 11 
          4   40000000: 1190 202 60 429 362 11 
          3   30000000: 1191 381 60 429 362 11 
          1   10000000: 1192 362 11 
          3   30000000: 767 93 263 10 11 
          1   10000000: 1193 480 60 10 11 
          1   10000000: 740 143 366 362 11 
         12  120000000: 1194 368 369 370 
          2   20000000: 1195 373 362 11 
          1   10000000: 1196 384 
          1   10000000: 481 1197 1058 435 436 3 4 5 
          5   50000000: 1198 623 362 11 
          3   30000000: 485 428 60 10 11 
          2   20000000: 1199 369 370 
          2   20000000: 1200 445 60 429 362 11 
          4   40000000: 1201 368 369 370 
          2   20000000: 1024 208 418 4 419 376 377 378 379 353 602 603 
          2   20000000: 882 202 60 429 362 11 
          2   20000000: 1202 1039 369 370 
          2   20000000: 1203 411 602 603 
          2   20000000: 1204 60 429 362 11 
          5   50000000: 1205 1039 369 370 
          3   30000000: 1206 
          1   10000000: 1207 360 361 362 11 
          1   10000000: 1208 480 60 10 11 
          1   10000000: 1209 534 461 462 4 463 464 465 345 411 602 603 
          2   20000000: 1210 263 429 362 11 
          2   20000000: 1211 373 362 11 
          2   20000000: 1212 384 
          3   30000000: 1213 603 
          1   10000000: 1214 
          5   50000000: 1215 638 60 429 362 11 
          1   10000000: 670 263 429 362 11 
          4   40000000: 1216 345 411 602 603 
          2   20000000: 1217 377 378 379 353 602 603 
          1   10000000: 359 360 654 366 362 11 
          4   40000000: 1218 383 384 
          3   30000000: 1219 60 10 11 
          7   70000000: 19 66 424 369 370 
          2   20000000: 1220 10 11 
          1   10000000: 1221 366 362 11 
          1   10000000: 1222 377 378 379 353 602 603 
          5   50000000: 1223 623 362 11 
          1   10000000: 1224 202 60 10 11 
          4   40000000: 1225 60 429 362 11 
         15  150000000: 140 66 143 366 362 11 
          1   10000000: 1226 202 60 10 11 
          4   40000000: 1227 602 603 
          1   10000000: 1228 263 429 362 11 
          4   40000000: 995 381 60 10 11 
          6   60000000: 19 1229 1058 435 436 3 4 5 
          2   20000000: 1230 167 366 362 11 
          1   10000000: 1231 619 448 449 
          1   10000000: 819 89 60 429 362 11 
          2   20000000: 1232 602 603 
          2   20000000: 1233 448 449 
          7   70000000: 1234 612 344 345 411 602 603 
          5   50000000: 718 143 128 418 4 419 376 377 378 379 353 602 603 
          2   20000000: 1235 369 370 
          4   40000000: 1236 60 429 362 11 
          1   10000000: 1237 1039 369 370 
          1   10000000: 1238 376 377 378 379 353 602 603 
          2   20000000: 1198 304 11 
          1   10000000: 1239 638 60 429 362 11 
          4   40000000: 1240 411 602 603 
          6   60000000: 1186 429 362 11 
          3   30000000: 1168 480 60 429 362 11 
          1   10000000: 1241 1242 341 342 343 344 345 411 602 603 
          1   10000000: 1243 378 379 353 602 603 
          2   20000000: 1244 369 370 
          3   30000000: 1245 429 362 11 
          1   10000000: 1246 353 602 603 
          2   20000000: 1247 366 362 11 
          1   10000000: 1248 344 345 411 602 603 
          1   10000000: 1249 1250 1251 1252 1253 4 1254 396 397 
          3   30000000: 1255 373 362 11 
          1   10000000: 1256 167 366 362 11 
          1   10000000: 1257 128 418 4 419 376 377 378 379 353 602 603 
          3   30000000: 710 60 429 362 11 
          3   30000000: 1258 981 652 376 377 378 379 353 602 603 
          1   10000000: 1259 344 345 411 602 603 
          1   10000000: 1260 373 362 11 
          2   20000000: 1261 370 
          2   20000000: 1262 366 362 11 
          3   30000000: 1263 687 369 370 
          5   50000000: 868 374 375 376 377 378 379 353 602 603 
          1   10000000: 1264 930 433 434 435 436 3 4 5 
          1   10000000: 1265 528 529 488 434 435 436 3 4 5 
          1   10000000: 1266 1267 369 370 
          1   10000000: 1133 60 429 362 11 
          2   20000000: 1153 202 60 10 11 
          5   50000000: 1268 429 362 11 
          3   30000000: 1269 361 362 11 
          4   40000000: 1270 
          1   10000000: 1271 369 370 
          2   20000000: 1272 623 362 11 
          2   20000000: 19 1229 1058 435 526 461 462 4 463 464 465 345 411 602 603 
          2   20000000: 1101 682 461 462 4 463 464 465 345 411 602 603 
          2   20000000: 1273 396 397 
          4   40000000: 1274 74 11 
          7   70000000: 444 381 60 429 362 11 
          2   20000000: 1275 362 11 
          2   20000000: 1276 484 384 
          1   10000000: 1277 631 93 263 429 362 11 
          1   10000000: 1278 
          2   20000000: 1279 89 60 429 362 11 
          1   10000000: 1280 128 418 4 419 376 377 378 379 353 602 603 
          4   40000000: 1281 603 
          2   20000000: 1282 344 345 411 602 603 
          3   30000000: 1283 397 
          1   10000000: 1284 396 397 
          1   10000000: 1285 445 60 10 11 
          5   50000000: 609 623 362 11 
          2   20000000: 1286 344 345 411 602 603 
          1   10000000: 1287 376 377 378 379 353 602 603 
          2   20000000: 828 360 654 128 418 4 419 376 377 378 379 353 602 603 
          3   30000000: 1288 
          1   10000000: 865 654 128 418 4 419 376 377 378 379 353 602 603 
          3   30000000: 1289 263 429 362 11 
          3   30000000: 1290 60 10 11 
          2   20000000: 1291 429 362 11 
          2   20000000: 1292 352 353 602 603 
         10  100000000: 1268 10 11 
          1   10000000: 1255 381 60 429 362 11 
          8   80000000: 1293 373 362 11 
          3   30000000: 1294 418 4 419 376 377 378 379 353 602 603 
          1   10000000: 1295 3 4 5 
          1   10000000: 1296 373 362 11 
          1   10000000: 1297 373 362 11 
          3   30000000: 1298 66 373 362 11 
          1   10000000: 1299 362 11 
          2   20000000: 479 480 60 10 11 
          2   20000000: 743 360 654 366 362 11 
          3   30000000: 1054 10 11 
          3   30000000: 1300 652 376 377 378 379 353 602 603 
          1   10000000: 1301 370 
          2   20000000: 1302 1303 607 448 449 
          1   10000000: 1304 376 377 378 379 353 602 603 
          1   10000000: 1305 585 3 4 5 
          1   10000000: 1306 490 491 3 4 5 
          1   10000000: 19 66 143 366 972 973 
          5   50000000: 1307 369 370 
          1   10000000: 1166 373 362 11 
          7   70000000: 1308 
          9   90000000: 718 381 60 10 11 
          3   30000000: 1309 635 384 
          1   10000000: 1310 602 603 
          1   10000000: 796 381 60 429 362 11 
          1   10000000: 1311 2 3 4 5 
          3   30000000: 1312 695 263 429 362 11 
          1   10000000: 1313 381 60 429 362 11 
          1   10000000: 1314 370 
          2   20000000: 1223 304 11 
          2   20000000: 976 623 362 11 
          1   10000000: 1315 429 362 11 
          3   30000000: 1071 166 167 128 418 4 419 376 377 378 379 353 602 603 
          4   40000000: 1316 629 352 353 602 603 
          1   10000000: 76 1317 1039 369 370 
          1   10000000: 1318 612 344 345 411 602 603 
          1   10000000: 911 912 143 366 362 11 
          8   80000000: 984 629 352 353 602 603 
          1   10000000: 789 208 418 4 419 376 377 378 379 353 602 603 
          1   10000000: 727 267 381 60 429 362 11 
          5   50000000: 768 373 362 11 
          1   10000000: 1319 684 645 4 646 647 898 376 377 378 379 353 602 603 
          1   10000000: 1136 373 362 11 
          3   30000000: 1320 429 362 11 
          3   30000000: 1321 376 377 378 379 353 602 603 
          1   10000000: 1322 362 11 
          2   20000000: 1323 343 344 345 411 602 603 
          1   10000000: 1324 1325 342 343 344 345 411 602 603 
          3   30000000: 1326 635 384 
          4   40000000: 1327 602 603 
          2   20000000: 1328 981 652 376 377 378 379 353 602 603 
          3   30000000: 1329 373 362 11 
          1   10000000: 1330 628 418 4 419 376 377 378 379 353 602 603 
          1   10000000: 1331 263 429 362 11 
          3   30000000: 1332 74 11 
          2   20000000: 1333 
          6   60000000: 1334 362 11 
          2   20000000: 1335 418 4 419 376 377 378 379 353 602 603 
          3   30000000: 615 60 10 11 
         14  140000000: 1336 
          2   20000000: 1337 11 
          1   10000000: 1338 344 345 411 602 603 
          3   30000000: 768 556 377 378 379 353 602 603 
          1   10000000: 244 15 535 360 361 362 11 
          8   80000000: 457 526 461 462 4 463 464 465 345 411 602 603 
          1   10000000: 1339 526 461 462 4 463 464 465 345 411 602 603 
          2   20000000: 1340 
          1   10000000: 1341 1342 1146 1147 342 343 344 345 411 602 603 
          2   20000000: 1343 11 
          2   20000000: 1344 11 
          3   30000000: 838 429 362 11 
          1   10000000: 1345 373 362 11 
          2   20000000: 1346 1146 1147 342 343 344 345 411 602 603 
          1   10000000: 1347 1001 4 1002 520 344 345 411 602 603 
          1   10000000: 1348 1058 435 436 3 4 5 
          3   30000000: 1349 1350 396 397 
          1   10000000: 1351 605 352 353 602 603 
          1   10000000: 1180 807 60 10 11 
          1   10000000: 1352 373 362 11 
          2   20000000: 1353 369 370 
          2   20000000: 1354 344 345 411 602 603 
          5   50000000: 731 732 10 11 
          2   20000000: 1355 362 11 
          1   10000000: 1356 373 362 11 
          1   10000000: 1357 304 11 
          1   10000000: 1358 631 93 263 429 362 11 
          2   20000000: 1359 460 461 462 4 463 464 465 345 411 602 603 
          1   10000000: 1360 1361 533 1362 461 462 4 463 464 465 345 411 602 603 
          1   10000000: 1363 1076 384 
          3   30000000: 1154 128 418 4 419 376 377 378 379 353 602 603 
          2   20000000: 1364 360 361 362 11 
          2   20000000: 1365 652 376 377 378 379 353 602 603 
          3   30000000: 1366 263 10 11 
          1   10000000: 1367 166 167 366 362 11 
          1   10000000: 1368 202 60 10 11 
          2   20000000: 1369 373 362 11 
          1   10000000: 1370 1086 645 646 647 927 263 10 11 
          1   10000000: 1371 534 461 462 4 463 464 465 345 411 602 603 
          1   10000000: 1372 402 2 3 4 5 
          3   30000000: 1373 74 11 
          4   40000000: 664 381 60 429 362 11 
          1   10000000: 1374 132 1076 384 
          2   20000000: 1375 484 384 
          1   10000000: 1376 732 429 362 11 
          1   10000000: 792 623 362 11 
          1   10000000: 1159 445 60 10 11 
          1   10000000: 1074 60 429 362 11 
          1   10000000: 813 143 128 418 4 419 376 377 378 379 353 602 603 
          1   10000000: 1377 369 370 
          1   10000000: 1378 4 419 376 377 378 379 353 602 603 
          1   10000000: 1379 438 1380 1381 451 433 434 435 526 461 462 4 463 464 465 345 411 602 603 
          1   10000000: 1382 490 491 3 4 5 
          4   40000000: 1383 11 
          1   10000000: 1384 361 362 11 
          1   10000000: 772 208 418 4 419 376 377 378 379 353 602 603 
          1   10000000: 1385 732 10 11 
          1   10000000: 1386 484 384 
          2   20000000: 1387 362 11 
          4   40000000: 1276 629 352 353 602 603 
          1   10000000: 1388 376 377 378 379 353 602 603 
          2   20000000: 1389 
          4   40000000: 6 374 375 376 377 378 379 353 602 603 
          3   30000000: 704 143 128 418 4 419 376 377 378 379 353 602 603 
          4   40000000: 1180 361 362 11 
          2   20000000: 1390 384 
          1   10000000: 663 381 60 429 362 11 
          1   10000000: 1391 1250 1251 1252 1253 4 1254 396 397 
          1   10000000: 1392 623 362 11 
          2   20000000: 1393 202 60 429 362 11 
          1   10000000: 829 143 128 418 4 419 376 377 378 379 353 602 603 
          1   10000000: 1394 344 345 411 602 603 
          1   10000000: 1395 263 10 11 
          2   20000000: 244 25 266 267 373 362 11 
          4   40000000: 95 556 377 378 379 353 602 603 
          5   50000000: 1396 373 362 11 
          4   40000000: 701 429 362 11 
          3   30000000: 1397 652 376 377 378 379 353 602 603 
          2   20000000: 1398 384 
          2   20000000: 1132 143 128 418 4 419 376 377 378 379 353 602 603 
          1   10000000: 1399 344 345 411 602 603 
          1   10000000: 1400 682 461 462 4 463 464 465 345 411 602 603 
          3   30000000: 951 374 375 376 377 378 379 353 602 603 
          1   10000000: 259 345 411 602 603 
          1   10000000: 1191 428 60 429 362 11 
          1   10000000: 1401 619 448 449 
          1   10000000: 1402 
          1   10000000: 1403 
          1   10000000: 1404 1016 
          1   10000000: 1405 619 448 449 
          3   30000000: 1406 377 378 379 353 602 603 
          2   20000000: 1407 344 345 411 602 603 
          2   20000000: 14 25 26 27 1408 1409 60 429 362 11 
          1   10000000: 1410 523 461 462 4 463 464 465 345 411 602 603 
          1   10000000: 1004 490 523 461 462 4 463 464 465 345 411 602 603 
          2   20000000: 683 791 490 523 461 462 4 463 464 465 345 411 602 603 
          1   10000000: 1369 381 60 10 11 
          1   10000000: 1411 631 93 263 10 11 
          3   30000000: 181 132 1076 384 
          4   40000000: 1412 384 
          1   10000000: 1413 369 370 
          2   20000000: 1414 1039 369 370 
          3   30000000: 1415 362 11 
          4   40000000: 1416 128 418 4 419 376 377 378 379 353 602 603 
          1   10000000: 1417 428 60 429 362 11 
          1   10000000: 1418 366 362 11 
          2   20000000: 1419 344 345 411 602 603 
          2   20000000: 1420 2 3 4 5 
          3   30000000: 1128 263 429 362 11 
          3   30000000: 1421 60 10 11 
          6   60000000: 1422 
          2   20000000: 1423 377 378 379 353 602 603 
          2   20000000: 995 381 60 429 362 11 
          1   10000000: 1424 202 60 429 362 11 
          1   10000000: 1425 344 345 411 602 603 
          1   10000000: 1426 166 167 128 418 4 419 376 377 378 379 353 602 603 
          1   10000000: 723 381 60 10 11 
          2   20000000: 1427 638 60 10 11 
          3   30000000: 1428 607 448 449 
          1   10000000: 970 649 460 461 462 4 463 464 465 345 411 602 603 
          2   20000000: 1385 732 429 362 11 
          3   30000000: 1364 360 654 366 362 11 
          2   20000000: 1089 60 429 362 11 
          4   40000000: 1429 263 429 362 11 
          1   10000000: 1430 373 362 11 
          2   20000000: 1431 384 
          1   10000000: 1432 10 11 
          1   10000000: 1433 384 
          4   40000000: 76 428 60 429 362 11 
          4   40000000: 1434 243 429 362 11 
          5   50000000: 1435 369 370 
          1   10000000: 1436 
          1   10000000: 1437 202 60 10 11 
          1   10000000: 1438 74 11 
          1   10000000: 1439 352 353 602 603 
          1   10000000: 1395 263 429 362 11 
          1   10000000: 1121 360 445 60 10 11 
          1   10000000: 718 556 377 378 379 353 602 603 
          1   10000000: 1440 428 60 10 11 
          1   10000000: 1441 461 462 4 463 464 465 345 411 602 603 
          1   10000000: 1442 1086 645 4 646 647 1443 369 370 
          1   10000000: 1444 480 60 10 11 
          2   20000000: 792 93 263 10 11 
          2   20000000: 1445 352 353 602 603 
          2   20000000: 1446 60 429 362 11 
          3   30000000: 1024 93 263 10 11 
          3   30000000: 793 429 362 11 
          3   30000000: 1220 429 362 11 
          5   50000000: 731 89 60 10 11 
          1   10000000: 821 654 366 362 11 
          2   20000000: 1447 374 375 376 377 378 379 353 602 603 
          4   40000000: 1448 202 60 429 362 11 
          3   30000000: 1236 60 10 11 
          2   20000000: 1449 60 429 362 11 
          4   40000000: 1450 429 362 11 
          5   50000000: 1451 1039 369 370 
          1   10000000: 1452 143 128 418 4 419 376 377 378 379 353 602 603 
          1   10000000: 1453 379 353 602 603 
          4   40000000: 1454 
          2   20000000: 1455 607 448 449 
          5   50000000: 1456 373 362 11 
          4   40000000: 1457 60 429 362 11 
          2   20000000: 1458 11 
          2   20000000: 1459 1039 369 370 
          2   20000000: 1460 360 361 362 11 
          1   10000000: 1461 11 
          1   10000000: 1462 778 779 60 10 11 
          8   80000000: 731 89 60 429 362 11 
          4   40000000: 1063 623 362 11 
          1   10000000: 1463 612 344 345 411 602 603 
          3   30000000: 1464 376 377 378 379 353 602 603 
          1   10000000: 1465 778 779 60 10 11 
          3   30000000: 1466 607 448 449 
          2   20000000: 610 360 654 128 418 4 419 376 377 378 379 353 602 603 
          1   10000000: 1349 1467 1468 894 4 895 554 340 341 342 343 344 345 411 602 603 
          3   30000000: 1469 370 
          2   20000000: 1470 376 377 378 379 353 602 603 
          2   20000000: 1411 631 93 263 429 362 11 
          1   10000000: 1471 60 10 11 
          1   10000000: 1472 32 619 448 449 
          2   20000000: 1473 373 362 11 
          3   30000000: 1474 1475 344 345 411 602 603 
          1   10000000: 1476 1058 435 436 3 4 5 
          1   10000000: 1477 1253 4 1254 396 397 
         11  110000000: 1151 373 362 11 
          1   10000000: 1417 373 362 11 
          1   10000000: 947 360 654 128 418 4 419 376 377 378 379 353 602 603 
          2   20000000: 1313 143 366 362 11 
          2   20000000: 1478 11 
          1   10000000: 1479 638 60 10 11 
          1   10000000: 1480 344 345 411 602 603 
          1   10000000: 1481 1146 1147 342 343 344 345 411 602 603 
          2   20000000: 868 698 74 11 
          1   10000000: 1482 484 384 
          2   20000000: 1483 1001 4 1002 520 344 345 411 602 603 
          2   20000000: 1484 402 2 3 4 5 
          3   30000000: 1126 779 60 10 11 
          1   10000000: 1485 490 491 3 4 5 
          2   20000000: 1486 1039 369 370 
          2   20000000: 1487 605 352 353 602 603 
          2   20000000: 1488 
          1   10000000: 845 360 654 366 362 11 
          2   20000000: 1489 60 10 11 
          2   20000000: 1095 629 352 353 602 603 
          1   10000000: 828 360 445 60 429 362 11 
          3   30000000: 1490 
          1   10000000: 6 445 60 429 362 11 
          1   10000000: 1491 490 491 3 4 5 
          1   10000000: 1492 341 342 343 344 345 411 602 603 
          3   30000000: 1452 373 362 11 
          3   30000000: 1493 369 370 
          1   10000000: 1494 638 60 10 11 
          2   20000000: 1495 384 
          1   10000000: 1496 368 369 370 
          1   10000000: 1497 369 370 
          1   10000000: 1498 448 449 
          3   30000000: 1499 263 429 362 11 
          1   10000000: 1500 352 353 602 603 
          1   10000000: 790 684 645 646 647 1501 263 429 362 11 
          1   10000000: 1502 384 
          2   20000000: 172 607 448 449 
          3   30000000: 1503 652 376 377 378 379 353 602 603 
          2   20000000: 1448 202 60 10 11 
          2   20000000: 1504 411 602 603 
          3   30000000: 41 607 448 449 
          2   20000000: 1505 1076 384 
          2   20000000: 1506 344 345 411 602 603 
          3   30000000: 1191 143 128 418 4 419 376 377 378 379 353 602 603 
          1   10000000: 1507 491 3 4 5 
          1   10000000: 1508 362 11 
          2   20000000: 664 143 366 362 11 
          2   20000000: 1151 381 60 10 11 
          1   10000000: 1509 366 362 11 
          1   10000000: 1510 373 362 11 
          1   10000000: 1511 381 60 429 362 11 
         13  130000000: 1191 373 362 11 
          2   20000000: 1512 477 344 345 411 602 603 
          1   10000000: 1513 595 448 449 
          1   10000000: 1514 345 411 602 603 
          2   20000000: 782 304 11 
          3   30000000: 1515 361 362 11 
          4   40000000: 1516 477 344 345 411 602 603 
          1   10000000: 1221 128 418 4 419 376 377 378 379 353 602 603 
          1   10000000: 1517 345 411 602 603 
          1   10000000: 1518 11 
          2   20000000: 1519 374 375 376 377 378 379 353 602 603 
          1   10000000: 1520 436 3 4 5 
          2   20000000: 1521 402 2 3 4 5 
          2   20000000: 1522 602 603 
          4   40000000: 660 143 128 418 4 419 376 377 378 379 353 602 603 
          2   20000000: 1523 368 369 370 
          1   10000000: 1239 638 60 10 11 
          3   30000000: 1524 384 
          1   10000000: 1525 1039 369 370 
          1   10000000: 768 381 60 429 362 11 
          1   10000000: 1526 3 4 5 
          2   20000000: 1527 556 377 378 379 353 602 603 
          3   30000000: 1528 60 10 11 
          1   10000000: 1529 376 377 378 379 353 602 603 
          3   30000000: 660 381 60 429 362 11 
          3   30000000: 1530 612 344 345 411 602 603 
          1   10000000: 1531 373 362 11 
          4   40000000: 1532 480 60 429 362 11 
          2   20000000: 1533 429 362 11 
          1   10000000: 1534 428 60 429 362 11 
          1   10000000: 1535 635 384 
          1   10000000: 1536 480 60 429 362 11 
          1   10000000: 1537 369 370 
          2   20000000: 1538 418 4 419 376 377 378 379 353 602 603 
          1   10000000: 1539 344 345 411 602 603 
          5   50000000: 1540 687 369 370 
          1   10000000: 1541 360 654 128 418 4 419 376 377 378 379 353 602 603 
          2   20000000: 1542 202 60 429 362 11 
          1   10000000: 1543 603 
          1   10000000: 1544 684 645 4 646 647 1029 369 370 
          3   30000000: 1545 362 11 
          4   40000000: 1546 629 352 353 602 603 
          1   10000000: 1547 373 362 11 
          1   10000000: 768 428 60 10 11 
          2   20000000: 1200 361 362 11 
          4   40000000: 1548 11 
          1   10000000: 1549 11 
          2   20000000: 1550 344 345 411 602 603 
          2   20000000: 1551 368 369 370 
          1   10000000: 183 607 448 449 
          1   10000000: 1552 629 352 353 602 603 
          1   10000000: 1553 1554 645 646 1555 461 462 4 463 464 465 345 411 602 603 
          1   10000000: 1556 684 645 646 647 1501 263 10 11 
          2   20000000: 1557 602 603 
          1   10000000: 986 304 11 
          1   10000000: 1558 74 11 
          5   50000000: 1090 60 10 11 
          3   30000000: 816 424 369 370 
          1   10000000: 1559 93 263 429 362 11 
          1   10000000: 1410 491 3 4 5 
          2   20000000: 1560 373 362 11 
          1   10000000: 1104 1561 341 342 343 344 345 411 602 603 
          1   10000000: 1562 1039 369 370 
          6   60000000: 1546 484 384 
          1   10000000: 1547 143 366 362 11 
          1   10000000: 1563 448 449 
          1   10000000: 1564 429 362 11 
          3   30000000: 1565 623 362 11 
          5   50000000: 1566 
          1   10000000: 1567 93 263 429 362 11 
          1   10000000: 1568 344 345 411 602 603 
          1   10000000: 1569 651 652 376 377 378 379 353 602 603 
          3   30000000: 1570 373 362 11 
          2   20000000: 1571 602 603 
          3   30000000: 1572 556 377 378 379 353 602 603 
          2   20000000: 1573 448 449 
          1   10000000: 1574 912 373 362 11 
          1   10000000: 1575 612 344 345 411 602 603 
          2   20000000: 1576 635 384 
          3   30000000: 1577 687 369 370 
          1   10000000: 1578 362 11 
          2   20000000: 1579 344 345 411 602 603 
          2   20000000: 1580 490 491 3 4 5 
          1   10000000: 1581 
          1   10000000: 1582 11 
          1   10000000: 1583 369 370 
          3   30000000: 1584 384 
          2   20000000: 1585 373 362 11 
          5   50000000: 1586 429 362 11 
          4   40000000: 1587 4 419 376 377 378 379 353 602 603 
          2   20000000: 1588 605 352 353 602 603 
          2   20000000: 1589 202 60 429 362 11 
          1   10000000: 1290 60 429 362 11 
          1   10000000: 1590 1076 384 
          1   10000000: 681 428 60 429 362 11 
          3   30000000: 1591 687 369 370 
          1   10000000: 1592 635 384 
          1   10000000: 1593 344 345 411 602 603 
          2   20000000: 1594 344 345 411 602 603 
          1   10000000: 683 649 460 461 462 4 463 464 465 345 411 602 603 
          1   10000000: 1595 779 60 10 11 
          3   30000000: 1596 60 429 362 11 
          1   10000000: 1597 638 60 10 11 
          2   20000000: 1598 366 362 11 
          2   20000000: 1599 369 370 
          1   10000000: 1600 377 378 379 353 602 603 
          1   10000000: 1601 362 11 
          2   20000000: 1602 418 4 419 376 377 378 379 353 602 603 
          2   20000000: 1603 535 360 361 362 11 
          1   10000000: 740 381 60 429 362 11 
          1   10000000: 874 360 445 60 10 11 
          4   40000000: 1604 384 
          1   10000000: 1176 698 74 11 
          1   10000000: 966 684 645 646 647 927 263 10 11 
          4   40000000: 1605 60 429 362 11 
          1   10000000: 1606 496 1251 1252 1253 4 1254 396 397 
          1   10000000: 1607 384 
          1   10000000: 759 143 366 362 11 
          1   10000000: 868 654 128 418 4 419 376 377 378 379 353 602 603 
          2   20000000: 6 445 60 10 11 
          4   40000000: 1608 362 11 
          5   50000000: 767 208 418 4 419 376 377 378 379 353 602 603 
          1   10000000: 1609 11 
          1   10000000: 1610 373 362 11 
          1   10000000: 1611 477 344 345 411 602 603 
          1   10000000: 1612 344 345 411 602 603 
          1   10000000: 1613 384 
          3   30000000: 1614 1058 435 436 3 4 5 
          1   10000000: 1615 969 490 491 3 4 5 
          1   10000000: 1616 396 397 
          1   10000000: 1617 631 93 263 10 11 
          1   10000000: 1364 360 445 60 429 362 11 
          3   30000000: 1618 602 603 
          1   10000000: 1619 378 379 353 602 603 
          3   30000000: 919 202 60 10 11 
          1   10000000: 1116 361 362 11 
          1   10000000: 1620 11 
          1   10000000: 1621 429 362 11 
          1   10000000: 1622 344 345 411 602 603 
          1   10000000: 1623 377 378 379 353 602 603 
          1   10000000: 1624 603 
          2   20000000: 1400 585 3 4 5 
          1   10000000: 1625 384 
          1   10000000: 1626 397 
          1   10000000: 1605 60 10 11 
          1   10000000: 1627 4 419 376 377 378 379 353 602 603 
          6   60000000: 655 60 10 11 
          4   40000000: 1628 60 10 11 
          5   50000000: 1586 10 11 
          4   40000000: 1629 
          1   10000000: 1630 
          1   10000000: 1631 379 353 602 603 
          3   30000000: 1632 202 60 429 362 11 
          1   10000000: 1633 352 353 602 603 
          4   40000000: 1634 384 
          2   20000000: 1635 345 411 602 603 
          1   10000000: 1636 435 526 461 462 4 463 464 465 345 411 602 603 
          1   10000000: 1637 602 603 
          1   10000000: 1638 429 362 11 
          1   10000000: 1440 381 60 429 362 11 
          2   20000000: 1639 11 
          2   20000000: 1640 202 60 10 11 
          2   20000000: 683 684 645 646 647 685 732 429 362 11 
          2   20000000: 1641 3 4 5 
          1   10000000: 1442 1086 645 4 646 647 898 376 377 378 379 353 602 603 
          2   20000000: 1642 384 
          5   50000000: 88 89 60 429 362 11 
          4   40000000: 1643 345 411 602 603 
          1   10000000: 1547 381 60 429 362 11 
          2   20000000: 1644 89 60 10 11 
          1   10000000: 1645 402 2 3 4 5 
          4   40000000: 1646 66 373 362 11 
          2   20000000: 609 208 418 4 419 376 377 378 379 353 602 603 
          2   20000000: 1647 369 370 
          1   10000000: 1648 362 11 
          1   10000000: 1649 619 448 449 
          1   10000000: 1650 366 362 11 
          3   30000000: 755 208 418 4 419 376 377 378 379 353 602 603 
          2   20000000: 1651 418 4 419 376 377 378 379 353 602 603 
          1   10000000: 1652 1016 
          2   20000000: 721 202 60 10 11 
          3   30000000: 1108 480 60 10 11 
          1   10000000: 853 366 362 11 
          2   20000000: 1366 263 429 362 11 
          1   10000000: 970 684 645 4 646 647 1653 384 
          2   20000000: 1654 202 60 10 11 
          3   30000000: 1655 448 449 
          2   20000000: 1656 353 602 603 
          1   10000000: 1421 60 429 362 11 
          5   50000000: 1657 352 353 602 603 
          1   10000000: 1658 369 370 
          1   10000000: 547 374 375 376 377 378 379 353 602 603 
          1   10000000: 868 445 60 10 11 
          2   20000000: 1659 377 378 379 353 602 603 
          1   10000000: 1660 491 3 4 5 
          1   10000000: 1661 684 645 646 647 927 263 10 11 
          2   20000000: 1662 1663 344 345 411 602 603 
          1   10000000: 1664 1665 341 342 343 344 345 411 602 603 
          1   10000000: 1666 381 60 10 11 
          2   20000000: 14 15 535 360 807 60 10 11 
          2   20000000: 1667 379 353 602 603 
          1   10000000: 1668 411 602 603 
          2   20000000: 1669 1039 369 370 
          1   10000000: 1670 687 369 370 
          3   30000000: 1671 32 619 448 449 
          1   10000000: 1614 1058 435 526 461 462 4 463 464 465 345 411 602 603 
          2   20000000: 1672 60 429 362 11 
          1   10000000: 1673 352 353 602 603 
          3   30000000: 88 732 429 362 11 
          1   10000000: 1674 11 
          1   10000000: 1367 166 167 128 418 4 419 376 377 378 379 353 602 603 
          1   10000000: 1675 11 
          1   10000000: 1676 369 370 
          1   10000000: 683 684 645 646 647 927 263 429 362 11 
          1   10000000: 19 66 1677 1409 60 429 362 11 
          3   30000000: 1678 375 376 377 378 379 353 602 603 
          1   10000000: 1437 202 60 429 362 11 
          1   10000000: 1679 202 60 429 362 11 
          1   10000000: 796 373 362 11 
          1   10000000: 1680 243 10 11 
          3   30000000: 772 623 362 11 
          1   10000000: 1681 366 362 11 
          2   20000000: 1682 360 361 362 11 
          1   10000000: 1020 654 366 362 11 
          1   10000000: 1683 930 433 434 435 436 3 4 5 
          2   20000000: 1684 461 462 4 463 464 465 345 411 602 603 
          1   10000000: 1685 638 60 429 362 11 
          1   10000000: 609 93 263 10 11 
          1   10000000: 610 360 445 60 429 362 11 
          2   20000000: 664 428 60 10 11 
          2   20000000: 1686 687 369 370 
          1   10000000: 1687 480 60 10 11 
          1   10000000: 1688 631 93 263 10 11 
          2   20000000: 1689 
          1   10000000: 1690 449 
          1   10000000: 704 428 60 429 362 11 
          4   40000000: 1691 448 449 
          1   10000000: 1130 360 445 60 429 362 11 
          3   30000000: 900 10 11 
          1   10000000: 1692 369 370 
          1   10000000: 1693 1039 369 370 
          1   10000000: 1694 
          2   20000000: 1695 480 60 429 362 11 
          1   10000000: 1289 263 10 11 
          1   10000000: 1696 344 345 411 602 603 
          1   10000000: 1509 128 418 4 419 376 377 378 379 353 602 603 
          1   10000000: 1697 526 461 462 4 463 464 465 345 411 602 603 
          1   10000000: 1010 445 60 10 11 
          2   20000000: 1698 480 60 10 11 
          1   10000000: 734 10 11 
          1   10000000: 1107 374 375 376 377 378 379 353 602 603 
          2   20000000: 1699 369 370 
          1   10000000: 1700 344 345 411 602 603 
          2   20000000: 1701 366 362 11 
          6   60000000: 1702 602 603 
          1   10000000: 1703 10 11 
          1   10000000: 1704 528 529 488 434 435 436 3 4 5 
          1   10000000: 1705 684 645 4 646 647 1706 369 370 
          4   40000000: 95 424 369 370 
          1   10000000: 1707 60 429 362 11 
          2   20000000: 1708 373 362 11 
          1   10000000: 1709 4 419 376 377 378 379 353 602 603 
          2   20000000: 1710 628 418 4 419 376 377 378 379 353 602 603 
          1   10000000: 1531 381 60 429 362 11 
          1   10000000: 1711 628 418 4 419 376 377 378 379 353 602 603 
          1   10000000: 1191 381 60 10 11 
          1   10000000: 1712 1713 1714 434 435 436 3 4 5 
          1   10000000: 1715 1716 1717 1718 1719 3 4 5 
          2   20000000: 1720 344 345 411 602 603 
          4   40000000: 1721 369 370 
          2   20000000: 1722 361 362 11 
          3   30000000: 660 556 377 378 379 353 602 603 
          1   10000000: 1723 460 461 462 4 463 464 465 345 411 602 603 
          1   10000000: 1724 369 370 
          2   20000000: 1121 360 361 362 11 
          2   20000000: 1644 732 10 11 
          1   10000000: 792 304 11 
          1   10000000: 1725 638 60 10 11 
          1   10000000: 951 445 60 10 11 
          1   10000000: 1726 631 93 263 429 362 11 
          4   40000000: 1727 652 376 377 378 379 353 602 603 
          2   20000000: 1728 1729 1001 4 1002 520 344 345 411 602 603 
          1   10000000: 1730 684 645 646 647 685 732 10 11 
          1   10000000: 1731 434 435 436 3 4 5 
          1   10000000: 805 1086 645 4 646 647 1267 369 370 
          2   20000000: 1732 607 448 449 
          1   10000000: 921 66 143 366 362 11 
          1   10000000: 1733 1039 369 370 
          1   10000000: 1734 373 362 11 
          1   10000000: 1735 352 353 602 603 
          1   10000000: 589 60 10 11 
          1   10000000: 1515 698 74 11 
          2   20000000: 1736 376 377 378 379 353 602 603 
          3   30000000: 1737 93 263 429 362 11 
          1   10000000: 1738 
          1   10000000: 755 93 263 429 362 11 
          4   40000000: 1739 344 345 411 602 603 
          3   30000000: 359 360 445 60 10 11 
          2   20000000: 1740 687 369 370 
          1   10000000: 1359 2 3 4 5 
          1   10000000: 1741 353 602 603 
          3   30000000: 1163 60 429 362 11 
          1   10000000: 1742 381 60 10 11 
          1   10000000: 1743 369 370 
          2   20000000: 821 698 74 11 
          1   10000000: 72 1744 1745 4 1254 396 397 
          1   10000000: 1746 32 619 448 449 
          1   10000000: 1747 381 60 429 362 11 
          5   50000000: 1748 243 429 362 11 
          1   10000000: 1519 445 60 429 362 11 
          1   10000000: 1749 60 10 11 
          1   10000000: 1418 128 418 4 419 376 377 378 379 353 602 603 
          1   10000000: 1750 352 353 602 603 
          1   10000000: 1751 344 345 411 602 603 
          2   20000000: 1097 60 10 11 
          1   10000000: 921 66 428 60 429 362 11 
          1   10000000: 1752 607 448 449 
          1   10000000: 1753 360 361 362 11 
          1   10000000: 1754 93 263 429 362 11 
          1   10000000: 1755 353 602 603 
          1   10000000: 1756 360 361 362 11 
          3   30000000: 1368 202 60 429 362 11 
          1   10000000: 1528 60 429 362 11 
          1   10000000: 1757 434 435 436 3 4 5 
          1   10000000: 788 93 263 429 362 11 
          2   20000000: 1758 602 603 
          2   20000000: 1759 651 652 376 377 378 379 353 602 603 
          2   20000000: 664 381 60 10 11 
          1   10000000: 1760 362 11 
          3   30000000: 1761 418 4 419 376 377 378 379 353 602 603 
          3   30000000: 1698 480 60 429 362 11 
          1   10000000: 1541 360 654 366 362 11 
          1   10000000: 1762 449 
          1   10000000: 1763 60 429 362 11 
          1   10000000: 782 208 418 4 419 376 377 378 379 353 602 603 
          3   30000000: 1764 11 
          1   10000000: 1666 373 362 11 
          2   20000000: 1765 344 345 411 602 603 
          4   40000000: 942 60 10 11 
          1   10000000: 1766 369 370 
          5   50000000: 1767 612 344 345 411 602 603 
          5   50000000: 1768 352 353 602 603 
          1   10000000: 1638 10 11 
          2   20000000: 1769 362 11 
          1   10000000: 1770 1076 384 
          1   10000000: 1771 533 1362 461 462 4 463 464 465 345 411 602 603 
          1   10000000: 1772 684 645 646 647 685 89 60 429 362 11 
          1   10000000: 1773 202 60 429 362 11 
          1   10000000: 1774 369 370 
          1   10000000: 1176 445 60 10 11 
          1   10000000: 1775 344 345 411 602 603 
          3   30000000: 1776 698 74 11 
          1   10000000: 1777 344 345 411 602 603 
          1   10000000: 264 607 448 449 
          1   10000000: 1778 373 362 11 
          1   10000000: 1779 304 11 
          1   10000000: 962 629 352 353 602 603 
          1   10000000: 821 361 362 11 
          1   10000000: 1780 362 11 
          1   10000000: 1132 381 60 429 362 11 
          3   30000000: 1781 
          1   10000000: 1782 490 491 3 4 5 
          1   10000000: 683 684 645 4 646 647 1029 369 370 
          1   10000000: 1783 377 378 379 353 602 603 
          1   10000000: 1784 381 60 10 11 
          1   10000000: 1785 
          3   30000000: 1519 361 362 11 
          1   10000000: 1646 66 143 366 362 11 
          1   10000000: 1786 352 353 602 603 
          2   20000000: 1787 74 11 
          1   10000000: 1788 418 4 419 376 377 378 379 353 602 603 
          1   10000000: 1789 378 379 353 602 603 
          2   20000000: 1790 202 60 429 362 11 
          2   20000000: 1791 1076 384 
          2   20000000: 1792 419 376 377 378 379 353 602 603 
          1   10000000: 1068 445 60 429 362 11 
          1   10000000: 1793 418 4 419 376 377 378 379 353 602 603 
          1   10000000: 1519 654 128 418 4 419 376 377 378 379 353 602 603 
          2   20000000: 1794 366 362 11 
          1   10000000: 1795 373 362 11 
          2   20000000: 1796 369 370 
          1   10000000: 1456 143 128 418 4 419 376 377 378 379 353 602 603 
          2   20000000: 1797 
          1   10000000: 1200 654 128 418 4 419 376 377 378 379 353 602 603 
          1   10000000: 1158 93 263 429 362 11 
          2   20000000: 789 304 11 
          1   10000000: 1798 436 3 4 5 
          1   10000000: 1799 619 448 449 
          1   10000000: 1800 629 352 353 602 603 
          1   10000000: 1801 344 345 411 602 603 
          1   10000000: 1802 360 361 362 11 
          1   10000000: 1014 263 10 11 
          1   10000000: 1803 649 460 461 462 4 463 464 465 345 411 602 603 
          1   10000000: 1804 360 807 60 429 362 11 
          1   10000000: 1805 345 411 602 603 
          2   20000000: 1219 60 429 362 11 
          2   20000000: 1806 419 376 377 378 379 353 602 603 
          1   10000000: 1807 369 370 
          1   10000000: 1808 1809 779 60 10 11 
          1   10000000: 1810 1811 556 377 378 379 353 602 603 
          1   10000000: 244 25 266 267 381 60 429 362 11 
          4   40000000: 72 807 60 10 11 
          2   20000000: 1790 202 60 10 11 
          1   10000000: 730 93 263 429 362 11 
          4   40000000: 873 60 10 11 
          1   10000000: 1812 894 4 895 554 340 341 342 343 344 345 411 602 603 
          2   20000000: 1813 74 11 
          1   10000000: 1814 1039 369 370 
          2   20000000: 1815 362 11 
          1   10000000: 1816 361 362 11 
          1   10000000: 1817 1818 1819 4 1820 520 344 345 411 602 603 
          1   10000000: 1821 791 490 523 461 462 4 463 464 465 345 411 602 603 
          1   10000000: 1010 374 375 376 377 378 379 353 602 603 
          1   10000000: 1822 635 384 
          1   10000000: 1447 698 74 11 
          1   10000000: 1285 374 375 376 377 378 379 353 602 603 
          2   20000000: 1177 263 429 362 11 
          1   10000000: 1823 631 93 263 429 362 11 
          2   20000000: 358 429 362 11 
          1   10000000: 1429 263 10 11 
          2   20000000: 1824 11 
          1   10000000: 1825 602 603 
          1   10000000: 1826 167 366 362 11 
          1   10000000: 1827 376 377 378 379 353 602 603 
          1   10000000: 1828 344 345 411 602 603 
          3   30000000: 1680 243 429 362 11 
          4   40000000: 995 143 128 418 4 419 376 377 378 379 353 602 603 
          1   10000000: 1829 684 645 4 646 647 648 369 370 
          1   10000000: 1830 60 429 362 11 
          1   10000000: 1831 362 11 
          1   10000000: 1832 480 60 429 362 11 
          1   10000000: 1833 612 344 345 411 602 603 
          2   20000000: 1834 629 352 353 602 603 
          2   20000000: 845 360 654 128 418 4 419 376 377 378 379 353 602 603 
          2   20000000: 1835 448 449 
          1   10000000: 1836 3 4 5 
          1   10000000: 1210 263 10 11 
          1   10000000: 1837 384 
          1   10000000: 1838 93 263 10 11 
          1   10000000: 1839 32 619 448 449 
          1   10000000: 1840 623 362 11 
          1   10000000: 1841 1039 369 370 
          2   20000000: 1842 602 603 
          1   10000000: 826 361 362 11 
          1   10000000: 1843 344 345 411 602 603 
          1   10000000: 1844 25 266 267 381 60 10 11 
          1   10000000: 1845 1251 1252 1253 4 1254 396 397 
          1   10000000: 1846 344 345 411 602 603 
          1   10000000: 1847 612 344 345 411 602 603 
          1   10000000: 1848 384 
          1   10000000: 834 685 89 60 429 362 11 
          2   20000000: 1849 369 370 
          1   10000000: 140 66 428 60 429 362 11 
          2   20000000: 1850 628 418 4 419 376 377 378 379 353 602 603 
          1   10000000: 1851 60 10 11 
          1   10000000: 1852 628 418 4 419 376 377 378 379 353 602 603 
          1   10000000: 888 629 352 353 602 603 
          1   10000000: 1853 360 654 128 418 4 419 376 377 378 379 353 602 603 
          1   10000000: 1854 652 376 377 378 379 353 602 603 
          1   10000000: 1855 360 361 362 11 
          3   30000000: 1856 361 362 11 
          1   10000000: 911 912 556 377 378 379 353 602 603 
          1   10000000: 723 556 377 378 379 353 602 603 
          1   10000000: 1857 480 60 429 362 11 
          1   10000000: 1272 208 418 4 419 376 377 378 379 353 602 603 
          1   10000000: 1858 373 362 11 
          1   10000000: 1859 304 11 
          1   10000000: 1860 1861 1039 369 370 
          1   10000000: 1748 243 10 11 
          1   10000000: 1862 612 344 345 411 602 603 
          1   10000000: 813 143 366 362 11 
          1   10000000: 1863 60 10 11 
          1   10000000: 1864 684 645 646 647 685 732 429 362 11 
          1   10000000: 1865 373 362 11 
          1   10000000: 1866 344 345 411 602 603 
          2   20000000: 743 360 445 60 10 11 
          3   30000000: 555 373 362 11 
          1   10000000: 1010 654 366 362 11 
          1   10000000: 1867 449 
          2   20000000: 371 344 345 411 602 603 
          1   10000000: 1447 361 362 11 
          1   10000000: 1132 143 366 362 11 
          2   20000000: 1868 
          1   10000000: 1869 352 353 602 603 
          1   10000000: 1870 344 345 411 602 603 
          2   20000000: 1871 60 429 362 11 
          1   10000000: 1776 361 362 11 
          1   10000000: 1565 208 418 4 419 376 377 378 379 353 602 603 
          1   10000000: 1838 304 11 
          1   10000000: 1701 128 418 4 419 376 377 378 379 353 602 603 
          1   10000000: 1872 360 445 60 429 362 11 
          1   10000000: 1873 1039 369 370 
          1   10000000: 1874 379 353 602 603 
          1   10000000: 970 791 490 491 3 4 5 
          2   20000000: 845 360 445 60 10 11 
          1   10000000: 1875 480 60 429 362 11 
          1   10000000: 1876 638 60 10 11 
          1   10000000: 140 66 556 377 378 379 353 602 603 
          1   10000000: 1877 1061 777 778 779 60 429 362 11 
          1   10000000: 1878 369 370 
          4   40000000: 1189 429 362 11 
          3   30000000: 1176 361 362 11 
          1   10000000: 1266 685 89 60 429 362 11 
          1   10000000: 1879 143 128 418 4 419 376 377 378 379 353 602 603 
          1   10000000: 1880 375 376 377 378 379 353 602 603 
          2   20000000: 1881 612 344 345 411 602 603 
          2   20000000: 772 93 263 10 11 
          1   10000000: 1882 490 491 3 4 5 
          1   10000000: 1883 60 429 362 11 
          1   10000000: 1884 373 362 11 
          2   20000000: 1542 202 60 10 11 
          1   10000000: 1885 411 602 603 
          1   10000000: 1532 480 60 10 11 
          2   20000000: 1886 361 362 11 
          1   10000000: 663 373 362 11 
          1   10000000: 1887 263 429 362 11 
          1   10000000: 683 649 2 3 4 5 
          1   10000000: 660 143 366 362 11 
          1   10000000: 1737 93 263 10 11 
          2   20000000: 1888 362 11 
          1   10000000: 1889 93 263 429 362 11 
          1   10000000: 1450 10 11 
          1   10000000: 1890 1891 341 342 343 344 345 411 602 603 
          1   10000000: 1892 263 429 362 11 
          2   20000000: 1893 429 362 11 
          1   10000000: 1894 2 1895 4 5 
          1   10000000: 835 684 645 4 646 647 1140 602 603 
          1   10000000: 1896 202 60 10 11 
          1   10000000: 1876 638 60 429 362 11 
          1   10000000: 1897 370 
          1   10000000: 1898 11 
          1   10000000: 1628 60 429 362 11 
          1   10000000: 662 381 60 10 11 
          2   20000000: 1489 60 429 362 11 
          1   10000000: 1037 480 60 10 11 
          1   10000000: 1899 490 491 3 4 5 
          2   20000000: 1900 
          1   10000000: 1901 352 353 602 603 
          1   10000000: 1902 369 370 
          5   50000000: 1903 362 11 
          1   10000000: 1121 360 807 60 429 362 11 
          1   10000000: 1904 
          1   10000000: 1905 602 603 
          1   10000000: 1906 263 10 11 
          1   10000000: 1907 1908 1909 
          2   20000000: 903 202 60 429 362 11 
          1   10000000: 1910 470 1911 436 3 4 5 
          3   30000000: 1912 373 362 11 
          1   10000000: 1913 418 4 419 376 377 378 379 353 602 603 
          2   20000000: 591 60 429 362 11 
          1   10000000: 268 981 652 376 377 378 379 353 602 603 
          1   10000000: 1386 629 352 353 602 603 
          1   10000000: 1914 166 167 366 362 11 
          1   10000000: 874 360 654 366 362 11 
          1   10000000: 1277 631 93 263 10 11 
          1   10000000: 1915 2 3 4 5 
          1   10000000: 1916 623 362 11 
          2   20000000: 1917 373 362 11 
          1   10000000: 1215 638 60 10 11 
          2   20000000: 692 360 361 362 11 
          1   10000000: 1918 638 60 10 11 
          1   10000000: 1919 480 60 429 362 11 
          2   20000000: 1654 202 60 429 362 11 
          1   10000000: 1920 373 362 11 
          1   10000000: 1872 360 361 362 11 
          1   10000000: 1921 373 362 11 
          1   10000000: 1922 638 60 10 11 
          1   10000000: 1923 484 384 
          1   10000000: 1924 369 370 
          1   10000000: 1925 166 167 128 418 4 419 376 377 378 379 353 602 603 
          1   10000000: 1926 304 11 
          1   10000000: 1927 381 60 10 11 
          2   20000000: 1247 128 418 4 419 376 377 378 379 353 602 603 
          1   10000000: 1928 449 
          1   10000000: 555 143 366 362 11 
          2   20000000: 1929 605 352 353 602 603 
          2   20000000: 1930 369 370 
          2   20000000: 915 429 362 11 
          1   10000000: 1931 263 429 362 11 
          1   10000000: 939 93 263 10 11 
          1   10000000: 1020 445 60 10 11 
          1   10000000: 1932 791 490 491 3 4 5 
          1   10000000: 720 93 263 10 11 
          2   20000000: 901 445 60 10 11 
          1   10000000: 1632 202 60 10 11 
          1   10000000: 1933 362 11 
          1   10000000: 1572 424 369 370 
          1   10000000: 766 143 128 418 4 419 376 377 378 379 353 602 603 
          1   10000000: 697 445 60 10 11 
          1   10000000: 1934 807 60 429 362 11 
          1   10000000: 1935 612 344 345 411 602 603 
          2   20000000: 1269 698 74 11 
          1   10000000: 1285 361 362 11 
          1   10000000: 1936 429 362 11 
          1   10000000: 764 623 362 11 
          1   10000000: 1937 263 429 362 11 
          1   10000000: 1938 623 362 11 
          1   10000000: 1191 556 377 378 379 353 602 603 
          1   10000000: 844 263 10 11 
          2   20000000: 1823 631 93 263 10 11 
          2   20000000: 1939 369 370 
          1   10000000: 430 431 451 433 434 435 526 461 462 4 463 464 465 345 411 602 603 
          1   10000000: 697 374 375 376 377 378 379 353 602 603 
          1   10000000: 1940 1941 894 4 895 554 340 341 342 343 344 345 411 602 603 
          1   10000000: 1456 381 60 10 11 
          1   10000000: 883 143 366 362 11 
          1   10000000: 868 445 60 429 362 11 
          2   20000000: 1942 369 370 
          1   10000000: 1943 612 344 345 411 602 603 
          1   10000000: 1944 418 4 419 376 377 378 379 353 602 603 
          1   10000000: 735 429 362 11 
          1   10000000: 1024 623 362 11 
          1   10000000: 1945 602 603 
          1   10000000: 1589 202 60 10 11 
          1   10000000: 1946 373 362 11 
          1   10000000: 1457 60 10 11 
          1   10000000: 1947 635 384 
          1   10000000: 1948 
          1   10000000: 1949 384 
          1   10000000: 1950 360 374 375 376 377 378 379 353 602 603 
          1   10000000: 1640 202 60 429 362 11 
          1   10000000: 1951 373 362 11 
          1   10000000: 1952 344 345 411 602 603 
          1   10000000: 653 60 429 362 11 
          1   10000000: 1856 374 375 376 377 378 379 353 602 603 
          2   20000000: 1953 1039 369 370 
          1   10000000: 1954 619 448 449 
          1   10000000: 1955 461 462 4 463 464 465 345 411 602 603 
          1   10000000: 1956 202 60 429 362 11 
          1   10000000: 995 428 60 10 11 
          1   10000000: 819 89 60 10 11 
          1   10000000: 1957 
          1   10000000: 1107 361 362 11 
          1   10000000: 1958 376 377 378 379 353 602 603 
          1   10000000: 1938 93 263 429 362 11 
          1   10000000: 1959 143 366 362 11 
          1   10000000: 1934 374 375 376 377 378 379 353 602 603 
          2   20000000: 743 360 654 128 418 4 419 376 377 378 379 353 602 603 
          1   10000000: 1960 60 429 362 11 
          1   10000000: 1961 202 60 10 11 
          1   10000000: 644 645 646 647 1501 263 429 362 11 
          2   20000000: 1560 143 128 418 4 419 376 377 378 379 353 602 603 
          1   10000000: 1962 419 376 377 378 379 353 602 603 
          1   10000000: 1963 1039 369 370 
          1   10000000: 1964 1342 1146 1147 342 343 344 345 411 602 603 
          1   10000000: 1965 373 362 11 
          1   10000000: 1966 11 
          1   10000000: 1906 263 429 362 11 
          1   10000000: 1967 342 343 344 345 411 602 603 
          1   10000000: 1968 10 11 
          1   10000000: 1969 344 345 411 602 603 
          2   20000000: 1970 362 11 
          1   10000000: 1971 377 378 379 353 602 603 
          1   10000000: 1052 381 60 429 362 11 
          1   10000000: 1121 360 654 128 418 4 419 376 377 378 379 353 602 603 
          1   10000000: 1972 1303 607 448 449 
          1   10000000: 1570 143 128 418 4 419 376 377 378 379 353 602 603 
          1   10000000: 636 556 377 378 379 353 602 603 
          1   10000000: 1973 1016 
          1   10000000: 1315 10 11 
          1   10000000: 1974 480 60 429 362 11 
          1   10000000: 883 381 60 10 11 
          1   10000000: 1975 645 646 647 927 263 10 11 
          1   10000000: 1976 484 384 
          1   10000000: 1950 360 807 60 429 362 11 
          1   10000000: 1977 345 411 602 603 
          1   10000000: 76 1978 1979 4 1254 396 397 
          1   10000000: 1980 1105 1106 397 
          1   10000000: 1981 166 167 128 418 4 419 376 377 378 379 353 602 603 
          1   10000000: 1982 362 11 
          1   10000000: 1983 352 353 602 603 
          1   10000000: 593 243 10 11 
          1   10000000: 643 60 10 11 
          1   10000000: 1006 60 10 11 
          1   10000000: 1984 345 411 602 603 
          1   10000000: 1985 461 462 4 463 464 465 345 411 602 603 
          1   10000000: 1986 491 3 4 5 
          2   20000000: 1987 384 
          1   10000000: 1988 373 362 11 
          1   10000000: 1989 484 384 
          1   10000000: 767 623 362 11 
          1   10000000: 1990 1991 2 3 4 5 
          1   10000000: 1708 143 366 362 11 
          1   10000000: 1992 373 362 11 
          1   10000000: 1993 381 60 429 362 11 
          1   10000000: 1994 344 345 411 602 603 
          1   10000000: 1995 267 373 362 11 
          2   20000000: 1996 369 370 
          1   10000000: 782 93 263 429 362 11 
          1   10000000: 1997 373 362 11 
          1   10000000: 1893 10 11 
          1   10000000: 914 143 128 418 4 419 376 377 378 379 353 602 603 
          1   10000000: 1998 243 10 11 
          1   10000000: 1999 360 361 362 11 
          1   10000000: 2000 344 345 411 602 603 
          2   20000000: 874 360 361 362 11 
          1   10000000: 2001 345 411 602 603 
          1   10000000: 2002 480 60 10 11 
          2   20000000: 2003 607 448 449 
          1   10000000: 2004 263 429 362 11 
          1   10000000: 2005 480 60 10 11 
          1   10000000: 1840 208 418 4 419 376 377 378 379 353 602 603 
          1   10000000: 2006 93 263 10 11 
          2   20000000: 1794 128 418 4 419 376 377 378 379 353 602 603 
          1   10000000: 19 66 2007 2008 4 2009 2010 
          1   10000000: 824 629 352 353 602 603 
          1   10000000: 2011 631 93 263 429 362 11 
          1   10000000: 380 143 128 418 4 419 376 377 378 379 353 602 603 
          1   10000000: 1959 381 60 10 11 
          1   10000000: 636 381 60 10 11 
          1   10000000: 2012 353 602 603 
          1   10000000: 2013 652 376 377 378 379 353 602 603 
          2   20000000: 2014 376 377 378 379 353 602 603 
          1   10000000: 2015 381 60 10 11 
          1   10000000: 1840 93 263 429 362 11 
          1   10000000: 2016 341 342 343 344 345 411 602 603 
          1   10000000: 2017 1146 1147 342 343 344 345 411 602 603 
          1   10000000: 2018 645 646 1555 461 462 4 463 464 465 345 411 602 603 
          1   10000000: 609 304 11 
          1   10000000: 1912 143 366 362 11 
          1   10000000: 2019 480 60 429 362 11 
          1   10000000: 2020 477 344 345 411 602 603 
          1   10000000: 481 482 556 377 378 379 353 602 603 
          1   10000000: 1772 649 460 461 462 4 463 464 465 345 411 602 603 
          1   10000000: 2021 369 370 
          2   20000000: 2022 376 377 378 379 353 602 603 
          1   10000000: 2023 484 384 
          1   10000000: 598 143 366 362 11 
          1   10000000: 788 93 263 10 11 
          1   10000000: 2024 344 345 411 602 603 
          1   10000000: 2025 369 370 
          1   10000000: 1511 373 362 11 
          1   10000000: 2026 623 362 11 
          1   10000000: 140 66 428 60 10 11 
          1   10000000: 2027 607 448 449 
          1   10000000: 2028 411 602 603 
          1   10000000: 423 373 362 11 
          2   20000000: 878 263 429 362 11 
          1   10000000: 2029 981 652 376 377 378 379 353 602 603 
          1   10000000: 2030 
          1   10000000: 2031 384 
          1   10000000: 1482 629 352 353 602 603 
          1   10000000: 2032 352 353 602 603 
          1   10000000: 2033 628 418 4 419 376 377 378 379 353 602 603 
          1   10000000: 730 208 418 4 419 376 377 378 379 353 602 603 
          1   10000000: 1559 93 263 10 11 
          1   10000000: 986 93 263 10 11 
          1   10000000: 2034 373 362 11 
          1   10000000: 2035 1016 
          1   10000000: 2036 360 445 60 10 11 
          1   10000000: 511 512 513 2037 2038 747 348 4 349 350 351 352 353 602 603 
          1   10000000: 380 381 60 10 11 
          1   10000000: 1442 561 490 491 3 4 5 
          1   10000000: 2039 612 344 345 411 602 603 
          1   10000000: 2040 202 60 10 11 
          1   10000000: 359 360 807 60 10 11 
          1   10000000: 2041 373 362 11 
          1   10000000: 2042 32 619 448 449 
          1   10000000: 2043 373 362 11 
          1   10000000: 681 428 60 10 11 
          1   10000000: 14 15 535 360 2044 1409 60 429 972 973 
          1   10000000: 2045 443 434 435 436 3 4 5 
          1   10000000: 1209 1362 461 462 4 463 464 465 345 411 602 603 
          1   10000000: 683 684 645 4 646 647 1267 369 370 
          1   10000000: 2046 15 535 360 654 366 362 11 
          1   10000000: 2047 484 384 
          1   10000000: 1279 89 60 10 11 
          1   10000000: 2048 369 370 
          1   10000000: 2049 612 344 345 411 602 603 
          1   10000000: 2050 629 352 353 602 603 
          1   10000000: 1442 1086 645 4 646 647 716 635 384 
          1   10000000: 2051 684 645 4 646 647 648 369 370 
          1   10000000: 2052 2 3 4 5 
          1   10000000: 1180 654 128 418 4 419 376 377 378 379 353 602 603 
          1   10000000: 2053 344 345 411 602 603 
          1   10000000: 2054 429 362 11 
          1   10000000: 2055 1713 1714 434 435 436 3 4 5 
          1   10000000: 1010 698 74 11 
          1   10000000: 2056 1039 369 370 
          1   10000000: 1132 556 377 378 379 353 602 603 
          2   20000000: 313 345 411 602 603 
          1   10000000: 2057 638 60 429 362 11 
          2   20000000: 14 15 535 360 361 972 973 
          1   10000000: 2058 
          1   10000000: 2059 418 4 419 376 377 378 379 353 602 603 
          1   10000000: 2060 376 377 378 379 353 602 603 
          1   10000000: 918 208 418 4 419 376 377 378 379 353 602 603 
          1   10000000: 2061 10 11 
          1   10000000: 2062 1468 894 4 895 554 340 341 342 343 344 345 411 602 603 
          1   10000000: 1772 684 645 646 647 927 263 429 362 11 
          1   10000000: 1636 435 436 3 4 5 
          1   10000000: 2063 528 529 488 434 435 436 3 4 5 
          1   10000000: 1730 649 2 3 4 5 
          1   10000000: 2064 396 397 
          1   10000000: 547 654 128 418 4 419 376 377 378 379 353 602 603 
          1   10000000: 2065 369 370 
          1   10000000: 2066 635 384 
          1   10000000: 2067 376 377 378 379 353 602 603 
          1   10000000: 2068 369 370 
          1   10000000: 2069 1039 369 370 
          1   10000000: 828 360 654 366 362 11 
          1   10000000: 2070 
          1   10000000: 2071 2 3 4 5 
          1   10000000: 2072 1267 369 370 
          1   10000000: 2073 377 378 379 353 602 603 
          1   10000000: 2074 619 448 449 
          1   10000000: 1296 143 366 362 11 
          1   10000000: 2075 47 607 448 449 
          1   10000000: 2076 74 11 
          1   10000000: 2077 912 381 60 10 11 
          1   10000000: 2078 436 3 4 5 
          1   10000000: 2079 378 379 353 602 603 
          1   10000000: 1749 60 429 362 11 
          1   10000000: 2080 369 370 
          1   10000000: 2081 353 602 603 
          1   10000000: 2082 360 361 362 11 
          1   10000000: 2083 631 93 263 429 362 11 
          1   10000000: 2084 449 
          1   10000000: 2085 631 93 263 429 362 11 
          1   10000000: 2086 11 
          1   10000000: 2087 344 345 411 602 603 
          1   10000000: 1838 208 418 4 419 376 377 378 379 353 602 603 
          1   10000000: 14 15 535 360 698 74 11 
          1   10000000: 95 381 60 429 362 11 
          1   10000000: 2088 612 344 345 411 602 603 
          1   10000000: 2089 368 369 370 
Locations
     1: 0x434e02 M=1 runtime.scanObject /home/jzh/go/src/runtime/mgcmark_greenteagc.go:1254:0 s=1187
     2: 0x431705 M=1 runtime.gcDrain /home/jzh/go/src/runtime/mgcmark.go:1331:0 s=1239
     3: 0x42d679 M=1 runtime.gcDrainMarkWorkerDedicated /home/jzh/go/src/runtime/mgcmark.go:1178:0 s=1173
             runtime.gcBgMarkWorker.func2 /home/jzh/go/src/runtime/mgc.go:1862:0 s=1847
     4: 0x48d8c9 M=1 runtime.systemstack /home/jzh/go/src/runtime/asm_amd64.s:562:0 s=520
     5: 0x42d47e M=1 runtime.gcBgMarkWorker /home/jzh/go/src/runtime/mgc.go:1847:0 s=1750
     6: 0x41f67b M=1 runtime.unlock2 /home/jzh/go/src/runtime/lock_spinbit.go:275:0 s=267
     7: 0x4570bb M=1 runtime.unlockWithRank /home/jzh/go/src/runtime/lockrank_off.go:35:0 s=34
             runtime.unlock /home/jzh/go/src/runtime/lock_spinbit.go:261:0 s=260
             runtime.handoffp /home/jzh/go/src/runtime/proc.go:3192:0 s=3131
     8: 0x4571f1 M=1 runtime.stoplockedm /home/jzh/go/src/runtime/proc.go:3259:0 s=3250
     9: 0x459799 M=1 runtime.schedule /home/jzh/go/src/runtime/proc.go:4143:0 s=4135
    10: 0x459ca4 M=1 runtime.park_m /home/jzh/go/src/runtime/proc.go:4304:0 s=4253
    11: 0x48d854 M=1 runtime.mcall /home/jzh/go/src/runtime/asm_amd64.s:496:0 s=458
    12: 0x493fa0 M=1 internal/sync.(*Mutex).Lock /home/jzh/go/src/internal/sync/mutex.go:63:0 s=61
             sync.(*Mutex).Lock /home/jzh/go/src/sync/mutex.go:46:0 s=45
    13: 0x5d1831 M=1 github.com/jzhang405/NexKV/internal/infrastructure/concurrency.(*coreWorker).run /home/jzh/ws/go/src/github.com/jzhang405/NexKV/internal/infrastructure/concurrency/executor_percore.go:450:0 s=432
    14: 0x491003 M=1 runtime.futex /home/jzh/go/src/runtime/sys_linux_amd64.s:570:0 s=561
    15: 0x44b5cf M=1 runtime.futexwakeup /home/jzh/go/src/runtime/os_linux.go:86:0 s=85
    16: 0x41eb84 M=1 runtime.notewakeup /home/jzh/go/src/runtime/lock_futex.go:32:0 s=26
    17: 0x456da7 M=1 runtime.startm /home/jzh/go/src/runtime/proc.go:3121:0 s=3035
    18: 0x457175 M=1 runtime.handoffp /home/jzh/go/src/runtime/proc.go:3137:0 s=3131
    19: 0x48f08a M=1 runtime.procyieldAsm /home/jzh/go/src/runtime/asm_amd64.s:869:0 s=863
    20: 0x488674 M=1 runtime.procyield /home/jzh/go/src/runtime/stubs.go:282:0 s=278
             internal/sync.runtime_doSpin /home/jzh/go/src/runtime/proc.go:7956:0 s=7955
    21: 0x493baa M=1 internal/sync.(*Mutex).lockSlow /home/jzh/go/src/internal/sync/mutex.go:112:0 s=95
    22: 0x493fab M=1 internal/sync.(*Mutex).Lock /home/jzh/go/src/internal/sync/mutex.go:70:0 s=61
             sync.(*Mutex).Lock /home/jzh/go/src/sync/mutex.go:46:0 s=45
    23: 0x493e04 M=1 sync.(*Cond).Wait /home/jzh/go/src/sync/cond.go:72:0 s=67
    24: 0x5d183c M=1 github.com/jzhang405/NexKV/internal/infrastructure/concurrency.(*coreWorker).run /home/jzh/ws/go/src/github.com/jzhang405/NexKV/internal/infrastructure/concurrency/executor_percore.go:454:0 s=432
    25: 0x44b50f M=1 runtime.futexsleep /home/jzh/go/src/runtime/os_linux.go:73:0 s=66
    26: 0x41ec86 M=1 runtime.notesleep /home/jzh/go/src/runtime/lock_futex.go:47:0 s=35
    27: 0x456b0b M=1 runtime.mPark /home/jzh/go/src/runtime/proc.go:1967:0 s=1965
             runtime.stopm /home/jzh/go/src/runtime/proc.go:3008:0 s=2992
    28: 0x45747d M=1 runtime.startlockedm /home/jzh/go/src/runtime/proc.go:3291:0 s=3278
    29: 0x4597c9 M=1 runtime.schedule /home/jzh/go/src/runtime/proc.go:4226:0 s=4135
    30: 0x457478 M=1 runtime.startlockedm /home/jzh/go/src/runtime/proc.go:3290:0 s=3278
    31: 0x48bacd M=1 time.runtimeNow /home/jzh/go/src/runtime/time.go:29:0 s=17
    32: 0x4acf72 M=1 time.Now /home/jzh/go/src/time/time.go:1348:0 s=1347
    33: 0x5d107a M=1 github.com/jzhang405/NexKV/internal/infrastructure/concurrency.(*PerCoreExecutor).SubmitWithPriority /home/jzh/ws/go/src/github.com/jzhang405/NexKV/internal/infrastructure/concurrency/executor_percore.go:349:0 s=317
    34: 0x5d8971 M=1 github.com/jzhang405/NexKV/internal/infrastructure/concurrency.(*PerCoreExecutor).Submit /home/jzh/ws/go/src/github.com/jzhang405/NexKV/internal/infrastructure/concurrency/executor_percore.go:313:0 s=312
             github.com/jzhang405/NexKV/internal/infrastructure/concurrency.TestPerCore_CPUAffinity_PerfAnalysis.func1 /home/jzh/ws/go/src/github.com/jzhang405/NexKV/internal/infrastructure/concurrency/affinity_perf_test.go:79:0 s=62
    35: 0x5037e9 M=1 testing.tRunner /home/jzh/go/src/testing/testing.go:2036:0 s=1876
    36: 0x5d2009 M=1 github.com/jzhang405/NexKV/internal/infrastructure/concurrency.heapDown /home/jzh/ws/go/src/github.com/jzhang405/NexKV/internal/infrastructure/concurrency/executor_percore.go:541:0 s=527
    37: 0x5d1bca M=1 github.com/jzhang405/NexKV/internal/infrastructure/concurrency.heapPop /home/jzh/ws/go/src/github.com/jzhang405/NexKV/internal/infrastructure/concurrency/executor_percore.go:508:0 s=499
    38: 0x5d17a4 M=1 github.com/jzhang405/NexKV/internal/infrastructure/concurrency.(*coreWorker).run /home/jzh/ws/go/src/github.com/jzhang405/NexKV/internal/infrastructure/concurrency/executor_percore.go:464:0 s=432
    39: 0x457212 M=1 runtime.mPark /home/jzh/go/src/runtime/proc.go:1967:0 s=1965
             runtime.stoplockedm /home/jzh/go/src/runtime/proc.go:3263:0 s=3250
    40: 0x5d0fe0 M=1 github.com/jzhang405/NexKV/internal/infrastructure/concurrency.(*PerCoreExecutor).SubmitWithPriority /home/jzh/ws/go/src/github.com/jzhang405/NexKV/internal/infrastructure/concurrency/executor_percore.go:330:0 s=317
    41: 0x4a5ecb M=1 time.Since /home/jzh/go/src/time/time.go:1227:0 s=1227
    42: 0x5d04cb M=1 github.com/jzhang405/NexKV/internal/infrastructure/concurrency.taskQueue.Less /home/jzh/ws/go/src/github.com/jzhang405/NexKV/internal/infrastructure/concurrency/executor_percore.go:129:0 s=126
    43: 0x5d1ff4 M=1 github.com/jzhang405/NexKV/internal/infrastructure/concurrency.heapDown /home/jzh/ws/go/src/github.com/jzhang405/NexKV/internal/infrastructure/concurrency/executor_percore.go:538:0 s=527
    44: 0x5d1d3a M=1 github.com/jzhang405/NexKV/internal/infrastructure/concurrency.heapUp /home/jzh/ws/go/src/github.com/jzhang405/NexKV/internal/infrastructure/concurrency/executor_percore.go:519:0 s=516
    45: 0x5d117b M=1 github.com/jzhang405/NexKV/internal/infrastructure/concurrency.heapPush /home/jzh/ws/go/src/github.com/jzhang405/NexKV/internal/infrastructure/concurrency/executor_percore.go:496:0 s=493
             github.com/jzhang405/NexKV/internal/infrastructure/concurrency.(*PerCoreExecutor).SubmitWithPriority /home/jzh/ws/go/src/github.com/jzhang405/NexKV/internal/infrastructure/concurrency/executor_percore.go:347:0 s=317
    46: 0x48bae0 M=1 time.runtimeNano /home/jzh/go/src/runtime/time.go:33:0 s=33
    47: 0x4a5f19 M=1 time.Since /home/jzh/go/src/time/time.go:1230:0 s=1227
    48: 0x5d050a M=1 github.com/jzhang405/NexKV/internal/infrastructure/concurrency.taskQueue.Less /home/jzh/ws/go/src/github.com/jzhang405/NexKV/internal/infrastructure/concurrency/executor_percore.go:130:0 s=126
    49: 0x5d04fc M=1 github.com/jzhang405/NexKV/internal/infrastructure/concurrency.taskQueue.Less /home/jzh/ws/go/src/github.com/jzhang405/NexKV/internal/infrastructure/concurrency/executor_percore.go:130:0 s=126
    50: 0x5d1fa5 M=1 github.com/jzhang405/NexKV/internal/infrastructure/concurrency.heapDown /home/jzh/ws/go/src/github.com/jzhang405/NexKV/internal/infrastructure/concurrency/executor_percore.go:535:0 s=527
    51: 0x5d20d4 M=1 github.com/jzhang405/NexKV/internal/infrastructure/concurrency.heapDown /home/jzh/ws/go/src/github.com/jzhang405/NexKV/internal/infrastructure/concurrency/executor_percore.go:541:0 s=527
    52: 0x5d8afa M=1 github.com/jzhang405/NexKV/internal/infrastructure/concurrency.TestPerCore_CPUAffinity_PerfAnalysis.func1.1 /home/jzh/ws/go/src/github.com/jzhang405/NexKV/internal/infrastructure/concurrency/affinity_perf_test.go:70:0 s=68
    53: 0x5d19af M=1 github.com/jzhang405/NexKV/internal/infrastructure/concurrency.(*coreWorker).executeTask /home/jzh/ws/go/src/github.com/jzhang405/NexKV/internal/infrastructure/concurrency/executor_percore.go:486:0 s=475
    54: 0x5d1818 M=1 github.com/jzhang405/NexKV/internal/infrastructure/concurrency.(*coreWorker).run /home/jzh/ws/go/src/github.com/jzhang405/NexKV/internal/infrastructure/concurrency/executor_percore.go:470:0 s=432
    55: 0x48bb08 M=1 runtime.nanotime /home/jzh/go/src/runtime/time_nofake.go:33:0 s=32
             time.runtimeNano /home/jzh/go/src/runtime/time.go:38:0 s=33
    56: 0x461390 M=1 runtime.runqgrab /home/jzh/go/src/runtime/proc.go:7665:0 s=7662
    57: 0x461556 M=1 runtime.runqsteal /home/jzh/go/src/runtime/proc.go:7732:0 s=7730
    58: 0x458e64 M=1 runtime.stealWork /home/jzh/go/src/runtime/proc.go:3884:0 s=3828
    59: 0x457cde M=1 runtime.findRunnable /home/jzh/go/src/runtime/proc.go:3522:0 s=3389
    60: 0x459810 M=1 runtime.schedule /home/jzh/go/src/runtime/proc.go:4164:0 s=4135
    61: 0x5d8b0a M=1 time.(*Time).unixSec /home/jzh/go/src/time/time.go:189:0 s=189
             time.Time.UnixNano /home/jzh/go/src/time/time.go:1461:0 s=1460
             github.com/jzhang405/NexKV/internal/infrastructure/concurrency.TestPerCore_CPUAffinity_PerfAnalysis.func1.1 /home/jzh/ws/go/src/github.com/jzhang405/NexKV/internal/infrastructure/concurrency/affinity_perf_test.go:70:0 s=68
    62: 0x5d184a M=1 github.com/jzhang405/NexKV/internal/infrastructure/concurrency.(*coreWorker).run /home/jzh/ws/go/src/github.com/jzhang405/NexKV/internal/infrastructure/concurrency/executor_percore.go:453:0 s=432
    63: 0x487f6b M=1 runtime.wakep /home/jzh/go/src/runtime/proc.go:3243:0 s=3212
    64: 0x45935d M=1 runtime.resetspinning /home/jzh/go/src/runtime/proc.go:4034:0 s=4021
    65: 0x459886 M=1 runtime.schedule /home/jzh/go/src/runtime/proc.go:4199:0 s=4135
    66: 0x41f348 M=1 runtime.procyield /home/jzh/go/src/runtime/stubs.go:282:0 s=278
             runtime.lock2 /home/jzh/go/src/runtime/lock_spinbit.go:216:0 s=155
    67: 0x45eb24 M=1 runtime.lockWithRank /home/jzh/go/src/runtime/lockrank_off.go:24:0 s=23
             runtime.lock /home/jzh/go/src/runtime/lock_spinbit.go:152:0 s=151
             runtime.incidlelocked /home/jzh/go/src/runtime/proc.go:6356:0 s=6355
    68: 0x457457 M=1 runtime.startlockedm /home/jzh/go/src/runtime/proc.go:3287:0 s=3278
    69: 0x490b80 M=1 runtime.nanotime1 /home/jzh/go/src/runtime/sys_linux_amd64.s:223:0 s=223
    70: 0x5d1155 M=1 github.com/jzhang405/NexKV/internal/infrastructure/concurrency.heapPush /home/jzh/ws/go/src/github.com/jzhang405/NexKV/internal/infrastructure/concurrency/executor_percore.go:494:0 s=493
             github.com/jzhang405/NexKV/internal/infrastructure/concurrency.(*PerCoreExecutor).SubmitWithPriority /home/jzh/ws/go/src/github.com/jzhang405/NexKV/internal/infrastructure/concurrency/executor_percore.go:347:0 s=317
    71: 0x5d1c3b M=1 github.com/jzhang405/NexKV/internal/infrastructure/concurrency.heapPop /home/jzh/ws/go/src/github.com/jzhang405/NexKV/internal/infrastructure/concurrency/executor_percore.go:513:0 s=499
    72: 0x41f679 M=1 runtime.unlock2 /home/jzh/go/src/runtime/lock_spinbit.go:275:0 s=267
    73: 0x4599f7 M=1 runtime.unlockWithRank /home/jzh/go/src/runtime/lockrank_off.go:35:0 s=34
             runtime.unlock /home/jzh/go/src/runtime/lock_spinbit.go:261:0 s=260
             runtime.parkunlock_c /home/jzh/go/src/runtime/proc.go:4248:0 s=4247
    74: 0x459b79 M=1 runtime.park_m /home/jzh/go/src/runtime/proc.go:4283:0 s=4253
    75: 0x5d04d1 M=1 github.com/jzhang405/NexKV/internal/infrastructure/concurrency.taskQueue.Less /home/jzh/ws/go/src/github.com/jzhang405/NexKV/internal/infrastructure/concurrency/executor_percore.go:130:0 s=126
    76: 0x41f1b7 M=1 runtime.lock2 /home/jzh/go/src/runtime/lock_spinbit.go:166:0 s=155
    77: 0x456c04 M=1 runtime.lockWithRank /home/jzh/go/src/runtime/lockrank_off.go:24:0 s=23
             runtime.lock /home/jzh/go/src/runtime/lock_spinbit.go:152:0 s=151
             runtime.startm /home/jzh/go/src/runtime/proc.go:3054:0 s=3035
    78: 0x5d0fee M=1 github.com/jzhang405/NexKV/internal/infrastructure/concurrency.(*PerCoreExecutor).SubmitWithPriority /home/jzh/ws/go/src/github.com/jzhang405/NexKV/internal/infrastructure/concurrency/executor_percore.go:329:0 s=317
    79: 0x4a5ee1 M=1 time.Since /home/jzh/go/src/time/time.go:1228:0 s=1227
    80: 0x5d1d36 M=1 github.com/jzhang405/NexKV/internal/infrastructure/concurrency.heapUp /home/jzh/ws/go/src/github.com/jzhang405/NexKV/internal/infrastructure/concurrency/executor_percore.go:519:0 s=516
    81: 0x5d0f6c M=1 github.com/jzhang405/NexKV/internal/infrastructure/concurrency.(*PerCoreExecutor).SubmitWithPriority /home/jzh/ws/go/src/github.com/jzhang405/NexKV/internal/infrastructure/concurrency/executor_percore.go:319:0 s=317
    82: 0x48bb04 M=1 runtime.nanotime /home/jzh/go/src/runtime/time_nofake.go:33:0 s=32
             time.runtimeNano /home/jzh/go/src/runtime/time.go:38:0 s=33
    83: 0x460caa M=1 runtime.pidleput /home/jzh/go/src/runtime/proc.go:7389:0 s=7373
    84: 0x4570ad M=1 runtime.handoffp /home/jzh/go/src/runtime/proc.go:3191:0 s=3131
    85: 0x45eb45 M=1 runtime.unlockWithRank /home/jzh/go/src/runtime/lockrank_off.go:35:0 s=34
             runtime.unlock /home/jzh/go/src/runtime/lock_spinbit.go:261:0 s=260
             runtime.incidlelocked /home/jzh/go/src/runtime/proc.go:6361:0 s=6355
    86: 0x4571fb M=1 runtime.stoplockedm /home/jzh/go/src/runtime/proc.go:3261:0 s=3250
    87: 0x5d8ae6 M=1 github.com/jzhang405/NexKV/internal/infrastructure/concurrency.TestPerCore_CPUAffinity_PerfAnalysis.func1.1 /home/jzh/ws/go/src/github.com/jzhang405/NexKV/internal/infrastructure/concurrency/affinity_perf_test.go:68:0 s=68
    88: 0x4537c6 M=1 runtime.(*m).clearAllpSnapshot /home/jzh/go/src/runtime/proc.go:1097:0 s=1097
    89: 0x45782d M=1 runtime.findRunnable /home/jzh/go/src/runtime/proc.go:3400:0 s=3389
    90: 0x44b5dd M=1 runtime.futexwakeup /home/jzh/go/src/runtime/os_linux.go:86:0 s=85
    91: 0x48bb1a M=1 time.runtimeNano /home/jzh/go/src/runtime/time.go:38:0 s=33
    92: 0x45414a M=1 internal/runtime/atomic.(*Uint32).CompareAndSwap /home/jzh/go/src/internal/runtime/atomic/types.go:236:0 s=235
             runtime.casgstatus /home/jzh/go/src/runtime/proc.go:1295:0 s=1277
    93: 0x45768d M=1 runtime.execute /home/jzh/go/src/runtime/proc.go:3345:0 s=3331
    94: 0x4597ac M=1 runtime.schedule /home/jzh/go/src/runtime/proc.go:4144:0 s=4135
    95: 0x41f1f7 M=1 runtime.lock2 /home/jzh/go/src/runtime/lock_spinbit.go:167:0 s=155
    96: 0x456fb8 M=1 runtime.lockWithRank /home/jzh/go/src/runtime/lockrank_off.go:24:0 s=23
             runtime.lock /home/jzh/go/src/runtime/lock_spinbit.go:152:0 s=151
             runtime.handoffp /home/jzh/go/src/runtime/proc.go:3157:0 s=3131
    97: 0x461598 M=1 runtime.runqsteal /home/jzh/go/src/runtime/proc.go:7746:0 s=7730
    98: 0x493f9d M=1 internal/sync.(*Mutex).Lock /home/jzh/go/src/internal/sync/mutex.go:63:0 s=61
             sync.(*Mutex).Lock /home/jzh/go/src/sync/mutex.go:46:0 s=45
    99: 0x5d0510 M=1 github.com/jzhang405/NexKV/internal/infrastructure/concurrency.taskQueue.Less /home/jzh/ws/go/src/github.com/jzhang405/NexKV/internal/infrastructure/concurrency/executor_percore.go:132:0 s=126
   100: 0x5d1d4f M=1 github.com/jzhang405/NexKV/internal/infrastructure/concurrency.heapUp /home/jzh/ws/go/src/github.com/jzhang405/NexKV/internal/infrastructure/concurrency/executor_percore.go:519:0 s=516
   101: 0x466100 M=1 runtime.semacquire1 /home/jzh/go/src/runtime/sema.go:146:0 s=146
   102: 0x4892a4 M=1 internal/sync.runtime_SemacquireMutex /home/jzh/go/src/runtime/sema.go:95:0 s=94
   103: 0x493b1c M=1 internal/sync.(*Mutex).lockSlow /home/jzh/go/src/internal/sync/mutex.go:149:0 s=95
   104: 0x41ec5e M=1 runtime.notesleep /home/jzh/go/src/runtime/lock_futex.go:51:0 s=35
   105: 0x458c61 M=1 runtime.stealWork /home/jzh/go/src/runtime/proc.go:3835:0 s=3828
   106: 0x5d17ee M=1 github.com/jzhang405/NexKV/internal/infrastructure/concurrency.(*coreWorker).run /home/jzh/ws/go/src/github.com/jzhang405/NexKV/internal/infrastructure/concurrency/executor_percore.go:467:0 s=432
   107: 0x5d8b0e M=1 time.(*Time).unixSec /home/jzh/go/src/time/time.go:189:0 s=189
             time.Time.UnixNano /home/jzh/go/src/time/time.go:1461:0 s=1460
             github.com/jzhang405/NexKV/internal/infrastructure/concurrency.TestPerCore_CPUAffinity_PerfAnalysis.func1.1 /home/jzh/ws/go/src/github.com/jzhang405/NexKV/internal/infrastructure/concurrency/affinity_perf_test.go:70:0 s=68
   108: 0x41ec8e M=1 runtime.notesleep /home/jzh/go/src/runtime/lock_futex.go:48:0 s=35
   109: 0x5d0f64 M=1 github.com/jzhang405/NexKV/internal/infrastructure/concurrency.(*PerCoreExecutor).SubmitWithPriority /home/jzh/ws/go/src/github.com/jzhang405/NexKV/internal/infrastructure/concurrency/executor_percore.go:319:0 s=317
   110: 0x5d1c54 M=1 github.com/jzhang405/NexKV/internal/infrastructure/concurrency.heapPop /home/jzh/ws/go/src/github.com/jzhang405/NexKV/internal/infrastructure/concurrency/executor_percore.go:513:0 s=499
   111: 0x4571f2 M=1 runtime.stoplockedm /home/jzh/go/src/runtime/proc.go:3261:0 s=3250
   112: 0x4a5ee6 M=1 time.Since /home/jzh/go/src/time/time.go:1228:0 s=1227
   113: 0x490bb6 M=1 runtime.nanotime1 /home/jzh/go/src/runtime/sys_linux_amd64.s:258:0 s=223
   114: 0x5d1f8f M=1 github.com/jzhang405/NexKV/internal/infrastructure/concurrency.heapDown /home/jzh/ws/go/src/github.com/jzhang405/NexKV/internal/infrastructure/concurrency/executor_percore.go:535:0 s=527
   115: 0x456b30 M=1 runtime.stopm /home/jzh/go/src/runtime/proc.go:3009:0 s=2992
   116: 0x5d2005 M=1 github.com/jzhang405/NexKV/internal/infrastructure/concurrency.heapDown /home/jzh/ws/go/src/github.com/jzhang405/NexKV/internal/infrastructure/concurrency/executor_percore.go:541:0 s=527
   117: 0x490a17 M=1 runtime.usleep /home/jzh/go/src/runtime/sys_linux_amd64.s:135:0 s=120
   118: 0x461406 M=1 runtime.runqgrab /home/jzh/go/src/runtime/proc.go:7695:0 s=7662
   119: 0x460cd5 M=1 runtime.pidleput /home/jzh/go/src/runtime/proc.go:7392:0 s=7373
   120: 0x460c41 M=1 runtime.pidleput /home/jzh/go/src/runtime/proc.go:7385:0 s=7373
   121: 0x5d1a60 M=1 github.com/jzhang405/NexKV/internal/infrastructure/concurrency.(*coreWorker).executeTask.func1 /home/jzh/ws/go/src/github.com/jzhang405/NexKV/internal/infrastructure/concurrency/executor_percore.go:484:0 s=476
   122: 0x5d19be M=1 github.com/jzhang405/NexKV/internal/infrastructure/concurrency.(*coreWorker).executeTask /home/jzh/ws/go/src/github.com/jzhang405/NexKV/internal/infrastructure/concurrency/executor_percore.go:487:0 s=475
   123: 0x494009 M=1 sync.(*Mutex).Unlock /home/jzh/go/src/sync/mutex.go:66:0 s=64
   124: 0x5d11a1 M=1 github.com/jzhang405/NexKV/internal/infrastructure/concurrency.(*PerCoreExecutor).SubmitWithPriority /home/jzh/ws/go/src/github.com/jzhang405/NexKV/internal/infrastructure/concurrency/executor_percore.go:354:0 s=317
   125: 0x4d35a0 M=1 sync/atomic.(*Value).Load /home/jzh/go/src/sync/atomic/value.go:31:0 s=28
             context.(*cancelCtx).Err /home/jzh/go/src/context/context.go:465:0 s=463
   126: 0x5d1881 M=1 github.com/jzhang405/NexKV/internal/infrastructure/concurrency.(*coreWorker).run /home/jzh/ws/go/src/github.com/jzhang405/NexKV/internal/infrastructure/concurrency/executor_percore.go:458:0 s=432
   127: 0x487e98 M=1 runtime.wakep /home/jzh/go/src/runtime/proc.go:3215:0 s=3212
   128: 0x453936 M=1 runtime.ready /home/jzh/go/src/runtime/proc.go:1138:0 s=1120
   129: 0x4660e4 M=1 runtime.readyWithTime.goready.func1 /home/jzh/go/src/runtime/proc.go:483:0 s=482
   130: 0x46608d M=1 runtime.goready /home/jzh/go/src/runtime/proc.go:482:0 s=481
             runtime.readyWithTime /home/jzh/go/src/runtime/sema.go:131:0 s=127
   131: 0x4899fa M=1 sync.runtime_notifyListNotifyOne /home/jzh/go/src/runtime/sema.go:717:0 s=668
   132: 0x493e84 M=1 sync.(*Cond).Signal /home/jzh/go/src/sync/cond.go:84:0 s=82
   133: 0x5d1189 M=1 github.com/jzhang405/NexKV/internal/infrastructure/concurrency.(*PerCoreExecutor).SubmitWithPriority /home/jzh/ws/go/src/github.com/jzhang405/NexKV/internal/infrastructure/concurrency/executor_percore.go:353:0 s=317
   134: 0x41eb75 M=1 runtime.notewakeup /home/jzh/go/src/runtime/lock_futex.go:28:0 s=26
   135: 0x494005 M=1 sync.(*Mutex).Unlock /home/jzh/go/src/sync/mutex.go:66:0 s=64
   136: 0x5d1806 M=1 github.com/jzhang405/NexKV/internal/infrastructure/concurrency.(*coreWorker).run /home/jzh/ws/go/src/github.com/jzhang405/NexKV/internal/infrastructure/concurrency/executor_percore.go:467:0 s=432
   137: 0x493ff8 M=1 internal/sync.(*Mutex).Unlock /home/jzh/go/src/internal/sync/mutex.go:194:0 s=187
             sync.(*Mutex).Unlock /home/jzh/go/src/sync/mutex.go:65:0 s=64
   138: 0x4a4c9a M=1 time.Time.Before /home/jzh/go/src/time/time.go:282:0 s=281
   139: 0x5d05c4 M=1 github.com/jzhang405/NexKV/internal/infrastructure/concurrency.taskQueue.Less /home/jzh/ws/go/src/github.com/jzhang405/NexKV/internal/infrastructure/concurrency/executor_percore.go:146:0 s=126
   140: 0x48f088 M=1 runtime.procyieldAsm /home/jzh/go/src/runtime/asm_amd64.s:868:0 s=863
   141: 0x456ad8 M=1 runtime.lockWithRank /home/jzh/go/src/runtime/lockrank_off.go:24:0 s=23
             runtime.lock /home/jzh/go/src/runtime/lock_spinbit.go:152:0 s=151
             runtime.stopm /home/jzh/go/src/runtime/proc.go:3005:0 s=2992
   142: 0x5d057f M=1 github.com/jzhang405/NexKV/internal/infrastructure/concurrency.taskQueue.Less /home/jzh/ws/go/src/github.com/jzhang405/NexKV/internal/infrastructure/concurrency/executor_percore.go:138:0 s=126
   143: 0x487edc M=1 runtime.lockWithRank /home/jzh/go/src/runtime/lockrank_off.go:24:0 s=23
             runtime.lock /home/jzh/go/src/runtime/lock_spinbit.go:152:0 s=151
             runtime.wakep /home/jzh/go/src/runtime/proc.go:3227:0 s=3212
   144: 0x5d1f92 M=1 github.com/jzhang405/NexKV/internal/infrastructure/concurrency.heapDown /home/jzh/ws/go/src/github.com/jzhang405/NexKV/internal/infrastructure/concurrency/executor_percore.go:535:0 s=527
   145: 0x5d2017 M=1 github.com/jzhang405/NexKV/internal/infrastructure/concurrency.heapDown /home/jzh/ws/go/src/github.com/jzhang405/NexKV/internal/infrastructure/concurrency/executor_percore.go:541:0 s=527
   146: 0x5d17cc M=1 github.com/jzhang405/NexKV/internal/infrastructure/concurrency.(*coreWorker).run /home/jzh/ws/go/src/github.com/jzhang405/NexKV/internal/infrastructure/concurrency/executor_percore.go:464:0 s=432
   147: 0x4a5f21 M=1 time.subMono /home/jzh/go/src/time/time.go:1215:0 s=1214
             time.Since /home/jzh/go/src/time/time.go:1230:0 s=1227
   148: 0x5d1d3e M=1 github.com/jzhang405/NexKV/internal/infrastructure/concurrency.heapUp /home/jzh/ws/go/src/github.com/jzhang405/NexKV/internal/infrastructure/concurrency/executor_percore.go:519:0 s=516
   149: 0x5d100a M=1 github.com/jzhang405/NexKV/internal/infrastructure/concurrency.(*PerCoreExecutor).SubmitWithPriority /home/jzh/ws/go/src/github.com/jzhang405/NexKV/internal/infrastructure/concurrency/executor_percore.go:333:0 s=317
   150: 0x5d1eb1 M=1 github.com/jzhang405/NexKV/internal/infrastructure/concurrency.heapUp /home/jzh/ws/go/src/github.com/jzhang405/NexKV/internal/infrastructure/concurrency/executor_percore.go:525:0 s=516
   151: 0x5d1f60 M=1 github.com/jzhang405/NexKV/internal/infrastructure/concurrency.heapDown /home/jzh/ws/go/src/github.com/jzhang405/NexKV/internal/infrastructure/concurrency/executor_percore.go:531:0 s=527
   152: 0x5d8977 M=1 github.com/jzhang405/NexKV/internal/infrastructure/concurrency.TestPerCore_CPUAffinity_PerfAnalysis.func1 /home/jzh/ws/go/src/github.com/jzhang405/NexKV/internal/infrastructure/concurrency/affinity_perf_test.go:78:0 s=62
   153: 0x4885f5 M=1 internal/runtime/atomic.(*Int32).Load /home/jzh/go/src/internal/runtime/atomic/types.go:21:0 s=20
             internal/sync.runtime_canSpin /home/jzh/go/src/runtime/proc.go:7944:0 s=7938
   154: 0x493a18 M=1 internal/sync.(*Mutex).lockSlow /home/jzh/go/src/internal/sync/mutex.go:104:0 s=95
   155: 0x457264 M=1 runtime.stoplockedm /home/jzh/go/src/runtime/proc.go:3271:0 s=3250
   156: 0x5d100b M=1 github.com/jzhang405/NexKV/internal/infrastructure/concurrency.(*PerCoreExecutor).SubmitWithPriority /home/jzh/ws/go/src/github.com/jzhang405/NexKV/internal/infrastructure/concurrency/executor_percore.go:333:0 s=317
   157: 0x4a5f47 M=1 time.subMono /home/jzh/go/src/time/time.go:1219:0 s=1214
             time.Since /home/jzh/go/src/time/time.go:1230:0 s=1227
   158: 0x5d8882 M=1 github.com/jzhang405/NexKV/internal/infrastructure/concurrency.TestPerCore_CPUAffinity_PerfAnalysis.func2.1 /home/jzh/ws/go/src/github.com/jzhang405/NexKV/internal/infrastructure/concurrency/affinity_perf_test.go:117:0 s=102
   159: 0x5d1015 M=1 github.com/jzhang405/NexKV/internal/infrastructure/concurrency.(*PerCoreExecutor).SubmitWithPriority /home/jzh/ws/go/src/github.com/jzhang405/NexKV/internal/infrastructure/concurrency/executor_percore.go:334:0 s=317
   160: 0x5d867c M=1 github.com/jzhang405/NexKV/internal/infrastructure/concurrency.(*PerCoreExecutor).Submit /home/jzh/ws/go/src/github.com/jzhang405/NexKV/internal/infrastructure/concurrency/executor_percore.go:313:0 s=312
             github.com/jzhang405/NexKV/internal/infrastructure/concurrency.TestPerCore_CPUAffinity_PerfAnalysis.func2 /home/jzh/ws/go/src/github.com/jzhang405/NexKV/internal/infrastructure/concurrency/affinity_perf_test.go:121:0 s=93
   161: 0x5d0fde M=1 github.com/jzhang405/NexKV/internal/infrastructure/concurrency.(*PerCoreExecutor).SubmitWithPriority /home/jzh/ws/go/src/github.com/jzhang405/NexKV/internal/infrastructure/concurrency/executor_percore.go:329:0 s=317
   162: 0x5d884d M=1 github.com/jzhang405/NexKV/internal/infrastructure/concurrency.TestPerCore_CPUAffinity_PerfAnalysis.func2.1 /home/jzh/ws/go/src/github.com/jzhang405/NexKV/internal/infrastructure/concurrency/affinity_perf_test.go:112:0 s=102
   163: 0x5d8830 M=1 github.com/jzhang405/NexKV/internal/infrastructure/concurrency.TestPerCore_CPUAffinity_PerfAnalysis.func2.1 /home/jzh/ws/go/src/github.com/jzhang405/NexKV/internal/infrastructure/concurrency/affinity_perf_test.go:109:0 s=102
   164: 0x42ec19 M=1 runtime.(*limiterEvent).stop /home/jzh/go/src/runtime/mgclimit.go:473:0 s=447
   165: 0x460e53 M=1 runtime.pidleget /home/jzh/go/src/runtime/proc.go:7415:0 s=7402
   166: 0x460eb2 M=1 runtime.pidlegetSpinning /home/jzh/go/src/runtime/proc.go:7433:0 s=7430
   167: 0x487ee4 M=1 runtime.wakep /home/jzh/go/src/runtime/proc.go:3228:0 s=3212
   168: 0x5d8864 M=1 github.com/jzhang405/NexKV/internal/infrastructure/concurrency.TestPerCore_CPUAffinity_PerfAnalysis.func2.1 /home/jzh/ws/go/src/github.com/jzhang405/NexKV/internal/infrastructure/concurrency/affinity_perf_test.go:113:0 s=102
   169: 0x5d8851 M=1 github.com/jzhang405/NexKV/internal/infrastructure/concurrency.TestPerCore_CPUAffinity_PerfAnalysis.func2.1 /home/jzh/ws/go/src/github.com/jzhang405/NexKV/internal/infrastructure/concurrency/affinity_perf_test.go:112:0 s=102
   170: 0x5d884a M=1 github.com/jzhang405/NexKV/internal/infrastructure/concurrency.TestPerCore_CPUAffinity_PerfAnalysis.func2.1 /home/jzh/ws/go/src/github.com/jzhang405/NexKV/internal/infrastructure/concurrency/affinity_perf_test.go:113:0 s=102
   171: 0x490ba6 M=1 runtime.nanotime1 /home/jzh/go/src/runtime/sys_linux_amd64.s:255:0 s=223
   172: 0x4a5ec0 M=1 time.Since /home/jzh/go/src/time/time.go:1227:0 s=1227
   173: 0x490b81 M=1 runtime.nanotime1 /home/jzh/go/src/runtime/sys_linux_amd64.s:223:0 s=223
   174: 0x5d1f39 M=1 github.com/jzhang405/NexKV/internal/infrastructure/concurrency.heapDown /home/jzh/ws/go/src/github.com/jzhang405/NexKV/internal/infrastructure/concurrency/executor_percore.go:541:0 s=527
   175: 0x5d04b1 M=1 github.com/jzhang405/NexKV/internal/infrastructure/concurrency.taskQueue.Less /home/jzh/ws/go/src/github.com/jzhang405/NexKV/internal/infrastructure/concurrency/executor_percore.go:129:0 s=126
   176: 0x490b88 M=1 runtime.nanotime1 /home/jzh/go/src/runtime/sys_linux_amd64.s:243:0 s=223
   177: 0x5d059f M=1 github.com/jzhang405/NexKV/internal/infrastructure/concurrency.taskQueue.Less /home/jzh/ws/go/src/github.com/jzhang405/NexKV/internal/infrastructure/concurrency/executor_percore.go:146:0 s=126
   178: 0x41ec91 M=1 runtime.notesleep /home/jzh/go/src/runtime/lock_futex.go:48:0 s=35
   179: 0x5d1a00 M=1 github.com/jzhang405/NexKV/internal/infrastructure/concurrency.(*coreWorker).executeTask.func1 /home/jzh/ws/go/src/github.com/jzhang405/NexKV/internal/infrastructure/concurrency/executor_percore.go:476:0 s=476
   180: 0x5d8883 M=1 github.com/jzhang405/NexKV/internal/infrastructure/concurrency.TestPerCore_CPUAffinity_PerfAnalysis.func2.1 /home/jzh/ws/go/src/github.com/jzhang405/NexKV/internal/infrastructure/concurrency/affinity_perf_test.go:117:0 s=102
   181: 0x4898bc M=1 sync.runtime_notifyListNotifyOne /home/jzh/go/src/runtime/sema.go:672:0 s=668
   182: 0x456af4 M=1 runtime.unlockWithRank /home/jzh/go/src/runtime/lockrank_off.go:35:0 s=34
             runtime.unlock /home/jzh/go/src/runtime/lock_spinbit.go:261:0 s=260
             runtime.stopm /home/jzh/go/src/runtime/proc.go:3007:0 s=2992
   183: 0x4a5ed7 M=1 time.Since /home/jzh/go/src/time/time.go:1228:0 s=1227
   184: 0x5d886e M=1 github.com/jzhang405/NexKV/internal/infrastructure/concurrency.TestPerCore_CPUAffinity_PerfAnalysis.func2.1 /home/jzh/ws/go/src/github.com/jzhang405/NexKV/internal/infrastructure/concurrency/affinity_perf_test.go:113:0 s=102
   185: 0x493acf M=1 internal/sync.(*Mutex).lockSlow /home/jzh/go/src/internal/sync/mutex.go:140:0 s=95
   186: 0x5d8871 M=1 github.com/jzhang405/NexKV/internal/infrastructure/concurrency.TestPerCore_CPUAffinity_PerfAnalysis.func2.1 /home/jzh/ws/go/src/github.com/jzhang405/NexKV/internal/infrastructure/concurrency/affinity_perf_test.go:112:0 s=102
   187: 0x460dd8 M=1 runtime.pidleget /home/jzh/go/src/runtime/proc.go:7412:0 s=7402
   188: 0x45723e M=1 runtime.stoplockedm /home/jzh/go/src/runtime/proc.go:3265:0 s=3250
   189: 0x45e789 M=1 runtime.wirep /home/jzh/go/src/runtime/proc.go:6306:0 s=6296
   190: 0x45e6d7 M=1 runtime.acquirepNoTrace /home/jzh/go/src/runtime/proc.go:6276:0 s=6274
   191: 0x45e616 M=1 runtime.acquirep /home/jzh/go/src/runtime/proc.go:6261:0 s=6259
   192: 0x456b34 M=1 runtime.stopm /home/jzh/go/src/runtime/proc.go:3009:0 s=2992
   193: 0x5d1845 M=1 github.com/jzhang405/NexKV/internal/infrastructure/concurrency.(*coreWorker).run /home/jzh/ws/go/src/github.com/jzhang405/NexKV/internal/infrastructure/concurrency/executor_percore.go:453:0 s=432
   194: 0x4664d4 M=1 runtime.lockWithRank /home/jzh/go/src/runtime/lockrank_off.go:24:0 s=23
             runtime.semrelease1 /home/jzh/go/src/runtime/sema.go:219:0 s=207
   195: 0x489452 M=1 internal/sync.runtime_Semrelease /home/jzh/go/src/runtime/sema.go:124:0 s=123
   196: 0x493d3a M=1 internal/sync.(*Mutex).unlockSlow /home/jzh/go/src/internal/sync/mutex.go:221:0 s=202
   197: 0x494004 M=1 internal/sync.(*Mutex).Unlock /home/jzh/go/src/internal/sync/mutex.go:198:0 s=187
             sync.(*Mutex).Unlock /home/jzh/go/src/sync/mutex.go:65:0 s=64
   198: 0x490c17 M=1 runtime.nanotime1 /home/jzh/go/src/runtime/sys_linux_amd64.s:292:0 s=223
   199: 0x5d1fd8 M=1 github.com/jzhang405/NexKV/internal/infrastructure/concurrency.heapDown /home/jzh/ws/go/src/github.com/jzhang405/NexKV/internal/infrastructure/concurrency/executor_percore.go:538:0 s=527
   200: 0x5d8842 M=1 github.com/jzhang405/NexKV/internal/infrastructure/concurrency.TestPerCore_CPUAffinity_PerfAnalysis.func2.1 /home/jzh/ws/go/src/github.com/jzhang405/NexKV/internal/infrastructure/concurrency/affinity_perf_test.go:109:0 s=102
   201: 0x472237 M=1 runtime.(*timers).wakeTime /home/jzh/go/src/runtime/time.go:992:0 s=985
             runtime.(*timers).check /home/jzh/go/src/runtime/time.go:1013:0 s=1009
   202: 0x45787b M=1 runtime.findRunnable /home/jzh/go/src/runtime/proc.go:3415:0 s=3389
   203: 0x5d8856 M=1 github.com/jzhang405/NexKV/internal/infrastructure/concurrency.TestPerCore_CPUAffinity_PerfAnalysis.func2.1 /home/jzh/ws/go/src/github.com/jzhang405/NexKV/internal/infrastructure/concurrency/affinity_perf_test.go:113:0 s=102
   204: 0x456c76 M=1 runtime.unlockWithRank /home/jzh/go/src/runtime/lockrank_off.go:35:0 s=34
             runtime.unlock /home/jzh/go/src/runtime/lock_spinbit.go:261:0 s=260
             runtime.startm /home/jzh/go/src/runtime/proc.go:3107:0 s=3035
   205: 0x5d1fbe M=1 github.com/jzhang405/NexKV/internal/infrastructure/concurrency.heapDown /home/jzh/ws/go/src/github.com/jzhang405/NexKV/internal/infrastructure/concurrency/executor_percore.go:538:0 s=527
   206: 0x5d05c5 M=1 github.com/jzhang405/NexKV/internal/infrastructure/concurrency.taskQueue.Less /home/jzh/ws/go/src/github.com/jzhang405/NexKV/internal/infrastructure/concurrency/executor_percore.go:146:0 s=126
   207: 0x4a4c85 M=1 time.Time.Before /home/jzh/go/src/time/time.go:281:0 s=281
   208: 0x4538a4 M=1 runtime.ready /home/jzh/go/src/runtime/proc.go:1132:0 s=1120
   209: 0x5d0480 M=1 github.com/jzhang405/NexKV/internal/infrastructure/concurrency.taskQueue.Less /home/jzh/ws/go/src/github.com/jzhang405/NexKV/internal/infrastructure/concurrency/executor_percore.go:128:0 s=126
   210: 0x5d0ff6 M=1 github.com/jzhang405/NexKV/internal/infrastructure/concurrency.(*PerCoreExecutor).SubmitWithPriority /home/jzh/ws/go/src/github.com/jzhang405/NexKV/internal/infrastructure/concurrency/executor_percore.go:330:0 s=317
   211: 0x5d1bec M=1 github.com/jzhang405/NexKV/internal/infrastructure/concurrency.heapPop /home/jzh/ws/go/src/github.com/jzhang405/NexKV/internal/infrastructure/concurrency/executor_percore.go:511:0 s=499
   212: 0x5d1181 M=1 github.com/jzhang405/NexKV/internal/infrastructure/concurrency.(*PerCoreExecutor).SubmitWithPriority /home/jzh/ws/go/src/github.com/jzhang405/NexKV/internal/infrastructure/concurrency/executor_percore.go:353:0 s=317
   213: 0x4523d9 M=1 runtime.releaseSudog /home/jzh/go/src/runtime/proc.go:530:0 s=526
   214: 0x4896c8 M=1 sync.runtime_notifyListWait /home/jzh/go/src/runtime/sema.go:625:0 s=588
   215: 0x493df2 M=1 sync.(*Cond).Wait /home/jzh/go/src/sync/cond.go:71:0 s=67
   216: 0x5d0489 M=1 github.com/jzhang405/NexKV/internal/infrastructure/concurrency.taskQueue.Less /home/jzh/ws/go/src/github.com/jzhang405/NexKV/internal/infrastructure/concurrency/executor_percore.go:129:0 s=126
   217: 0x4a4c8f M=1 time.Time.Before /home/jzh/go/src/time/time.go:282:0 s=281
   218: 0x4a4d0b M=1 time.Time.Before /home/jzh/go/src/time/time.go:283:0 s=281
   219: 0x5d20e2 M=1 github.com/jzhang405/NexKV/internal/infrastructure/concurrency.heapDown /home/jzh/ws/go/src/github.com/jzhang405/NexKV/internal/infrastructure/concurrency/executor_percore.go:541:0 s=527
   220: 0x45997b M=1 runtime.schedule /home/jzh/go/src/runtime/proc.go:4223:0 s=4135
   221: 0x460d78 M=1 runtime.nanotime /home/jzh/go/src/runtime/time_nofake.go:33:0 s=32
             runtime.pidleget /home/jzh/go/src/runtime/proc.go:7409:0 s=7402
   222: 0x490c05 M=1 runtime.nanotime1 /home/jzh/go/src/runtime/sys_linux_amd64.s:287:0 s=223
   223: 0x44b510 M=1 runtime.futexsleep /home/jzh/go/src/runtime/os_linux.go:73:0 s=66
   224: 0x5d8271 M=1 github.com/jzhang405/NexKV/internal/infrastructure/concurrency.(*PerCoreExecutor).Submit /home/jzh/ws/go/src/github.com/jzhang405/NexKV/internal/infrastructure/concurrency/executor_percore.go:313:0 s=312
             github.com/jzhang405/NexKV/internal/infrastructure/concurrency.TestPerCore_CPUAffinity_PerfAnalysis.func3 /home/jzh/ws/go/src/github.com/jzhang405/NexKV/internal/infrastructure/concurrency/affinity_perf_test.go:156:0 s=134
   225: 0x4dc946 M=1 fmt.(*pp).fmtInteger /home/jzh/go/src/fmt/print.go:431:0 s=422
   226: 0x4de86b M=1 fmt.(*pp).printArg /home/jzh/go/src/fmt/print.go:720:0 s=682
   227: 0x4e14ab M=1 fmt.(*pp).doPrintf /home/jzh/go/src/fmt/print.go:1075:0 s=1020
   228: 0x4db812 M=1 fmt.Sprintf /home/jzh/go/src/fmt/print.go:239:0 s=237
   229: 0x5d84c4 M=1 github.com/jzhang405/NexKV/internal/infrastructure/concurrency.TestPerCore_CPUAffinity_PerfAnalysis.func3.1 /home/jzh/ws/go/src/github.com/jzhang405/NexKV/internal/infrastructure/concurrency/affinity_perf_test.go:149:0 s=138
   230: 0x46136b M=1 runtime.runqgrab /home/jzh/go/src/runtime/proc.go:7662:0 s=7662
   231: 0x5d202c M=1 github.com/jzhang405/NexKV/internal/infrastructure/concurrency.heapDown /home/jzh/ws/go/src/github.com/jzhang405/NexKV/internal/infrastructure/concurrency/executor_percore.go:541:0 s=527
   232: 0x466135 M=1 runtime.cansemacquire /home/jzh/go/src/runtime/sema.go:294:0 s=291
             runtime.semacquire1 /home/jzh/go/src/runtime/sema.go:153:0 s=146
   233: 0x485826 M=1 runtime.convT64 /home/jzh/go/src/runtime/iface.go:400:0 s=400
   234: 0x5d8493 M=1 github.com/jzhang405/NexKV/internal/infrastructure/concurrency.TestPerCore_CPUAffinity_PerfAnalysis.func3.1 /home/jzh/ws/go/src/github.com/jzhang405/NexKV/internal/infrastructure/concurrency/affinity_perf_test.go:149:0 s=138
   235: 0x493f86 M=1 sync.(*Mutex).Lock /home/jzh/go/src/sync/mutex.go:45:0 s=45
   236: 0x5d20f5 M=1 github.com/jzhang405/NexKV/internal/infrastructure/concurrency.heapDown /home/jzh/ws/go/src/github.com/jzhang405/NexKV/internal/infrastructure/concurrency/executor_percore.go:541:0 s=527
   237: 0x5d058d M=1 github.com/jzhang405/NexKV/internal/infrastructure/concurrency.taskQueue.Less /home/jzh/ws/go/src/github.com/jzhang405/NexKV/internal/infrastructure/concurrency/executor_percore.go:145:0 s=126
   238: 0x420b7c M=1 runtime.nextFreeFast /home/jzh/go/src/runtime/malloc.go:1022:0 s=1021
             runtime.mallocgcTiny /home/jzh/go/src/runtime/malloc.go:1329:0 s=1254
   239: 0x485be4 M=1 runtime.mallocgc /home/jzh/go/src/runtime/malloc.go:1193:0 s=1119
   240: 0x48585a M=1 runtime.convT64 /home/jzh/go/src/runtime/iface.go:404:0 s=400
   241: 0x420c6d M=1 runtime.mallocgcTiny /home/jzh/go/src/runtime/malloc.go:1352:0 s=1254
   242: 0x435fd7 M=1 runtime.(*gcControllerState).releaseNextGCMarkWorker /home/jzh/go/src/runtime/mgcpacer.go:903:0 s=901
   243: 0x459844 M=1 runtime.schedule /home/jzh/go/src/runtime/proc.go:4181:0 s=4135
   244: 0x491007 M=1 runtime.futex /home/jzh/go/src/runtime/sys_linux_amd64.s:571:0 s=561
   245: 0x487dd3 M=1 runtime.gopark /home/jzh/go/src/runtime/proc.go:463:0 s=445
   246: 0x466331 M=1 runtime.goparkunlock /home/jzh/go/src/runtime/proc.go:468:0 s=467
             runtime.semacquire1 /home/jzh/go/src/runtime/sema.go:192:0 s=146
   247: 0x420c43 M=1 runtime.mallocgcTiny /home/jzh/go/src/runtime/malloc.go:1333:0 s=1254
   248: 0x46dd16 M=1 runtime.slicebytetostring /home/jzh/go/src/runtime/string.go:170:0 s=139
   249: 0x4db825 M=1 fmt.Sprintf /home/jzh/go/src/fmt/print.go:240:0 s=237
   250: 0x424920 M=1 runtime.(*mcache).prepareForSweep /home/jzh/go/src/runtime/mcache.go:350:0 s=350
   251: 0x45e70d M=1 runtime.acquirepNoTrace /home/jzh/go/src/runtime/proc.go:6287:0 s=6274
   252: 0x4597cf M=1 runtime.schedule /home/jzh/go/src/runtime/proc.go:4154:0 s=4135
   253: 0x5d84d8 M=1 github.com/jzhang405/NexKV/internal/infrastructure/concurrency.TestPerCore_CPUAffinity_PerfAnalysis.func3.1 /home/jzh/ws/go/src/github.com/jzhang405/NexKV/internal/infrastructure/concurrency/affinity_perf_test.go:152:0 s=138
   254: 0x48967d M=1 sync.runtime_notifyListWait /home/jzh/go/src/runtime/sema.go:623:0 s=588
   255: 0x5d8277 M=1 github.com/jzhang405/NexKV/internal/infrastructure/concurrency.TestPerCore_CPUAffinity_PerfAnalysis.func3 /home/jzh/ws/go/src/github.com/jzhang405/NexKV/internal/infrastructure/concurrency/affinity_perf_test.go:155:0 s=134
   256: 0x4de84f M=1 fmt.(*pp).printArg /home/jzh/go/src/fmt/print.go:719:0 s=682
   257: 0x490b96 M=1 runtime.nanotime1 /home/jzh/go/src/runtime/sys_linux_amd64.s:251:0 s=223
   258: 0x5d84d4 M=1 github.com/jzhang405/NexKV/internal/infrastructure/concurrency.TestPerCore_CPUAffinity_PerfAnalysis.func3.1 /home/jzh/ws/go/src/github.com/jzhang405/NexKV/internal/infrastructure/concurrency/affinity_perf_test.go:152:0 s=138
   259: 0x485c49 M=1 runtime.mallocgc /home/jzh/go/src/runtime/malloc.go:1251:0 s=1119
   260: 0x5d824a M=1 github.com/jzhang405/NexKV/internal/infrastructure/concurrency.TestPerCore_CPUAffinity_PerfAnalysis.func3 /home/jzh/ws/go/src/github.com/jzhang405/NexKV/internal/infrastructure/concurrency/affinity_perf_test.go:155:0 s=134
   261: 0x5d0fa1 M=1 github.com/jzhang405/NexKV/internal/infrastructure/concurrency.(*PerCoreExecutor).SubmitWithPriority /home/jzh/ws/go/src/github.com/jzhang405/NexKV/internal/infrastructure/concurrency/executor_percore.go:319:0 s=317
   262: 0x5d1bb2 M=1 github.com/jzhang405/NexKV/internal/infrastructure/concurrency.heapPop /home/jzh/ws/go/src/github.com/jzhang405/NexKV/internal/infrastructure/concurrency/executor_percore.go:506:0 s=499
   263: 0x45998f M=1 runtime.schedule /home/jzh/go/src/runtime/proc.go:4230:0 s=4135
   264: 0x4a5f45 M=1 time.subMono /home/jzh/go/src/time/time.go:1219:0 s=1214
             time.Since /home/jzh/go/src/time/time.go:1230:0 s=1227
   265: 0x42eb97 M=1 internal/runtime/atomic.(*Uint64).CompareAndSwap /home/jzh/go/src/internal/runtime/atomic/types.go:325:0 s=324
             runtime.(*limiterEvent).stop /home/jzh/go/src/runtime/mgclimit.go:455:0 s=447
   266: 0x41f02c M=1 runtime.semasleep /home/jzh/go/src/runtime/lock_futex.go:146:0 s=139
   267: 0x41f489 M=1 runtime.lock2 /home/jzh/go/src/runtime/lock_spinbit.go:250:0 s=155
   268: 0x48fc43 M=1 runtime.memmove /home/jzh/go/src/runtime/memmove_amd64.s:40:0 s=35
   269: 0x4e1244 M=1 fmt.(*buffer).writeString /home/jzh/go/src/fmt/print.go:108:0 s=107
             fmt.(*pp).doPrintf /home/jzh/go/src/fmt/print.go:1033:0 s=1020
   270: 0x42eb9b M=1 internal/runtime/atomic.(*Uint64).CompareAndSwap /home/jzh/go/src/internal/runtime/atomic/types.go:325:0 s=324
             runtime.(*limiterEvent).stop /home/jzh/go/src/runtime/mgclimit.go:455:0 s=447
   271: 0x5d1190 M=1 github.com/jzhang405/NexKV/internal/infrastructure/concurrency.(*PerCoreExecutor).SubmitWithPriority /home/jzh/ws/go/src/github.com/jzhang405/NexKV/internal/infrastructure/concurrency/executor_percore.go:354:0 s=317
   272: 0x5d1f3e M=1 github.com/jzhang405/NexKV/internal/infrastructure/concurrency.heapDown /home/jzh/ws/go/src/github.com/jzhang405/NexKV/internal/infrastructure/concurrency/executor_percore.go:541:0 s=527
   273: 0x5d1c40 M=1 github.com/jzhang405/NexKV/internal/infrastructure/concurrency.heapPop /home/jzh/ws/go/src/github.com/jzhang405/NexKV/internal/infrastructure/concurrency/executor_percore.go:513:0 s=499
   274: 0x4db3c4 M=1 fmt.(*pp).free /home/jzh/go/src/fmt/print.go:182:0 s=161
   275: 0x4db839 M=1 fmt.Sprintf /home/jzh/go/src/fmt/print.go:241:0 s=237
   276: 0x5d8404 M=1 github.com/jzhang405/NexKV/internal/infrastructure/concurrency.TestPerCore_CPUAffinity_PerfAnalysis.func3.1 /home/jzh/ws/go/src/github.com/jzhang405/NexKV/internal/infrastructure/concurrency/affinity_perf_test.go:140:0 s=138
   277: 0x485bdc M=1 runtime.mallocgc /home/jzh/go/src/runtime/malloc.go:1192:0 s=1119
   278: 0x4a5f56 M=1 time.Since /home/jzh/go/src/time/time.go:1230:0 s=1227
   279: 0x4a5ed2 M=1 time.Since /home/jzh/go/src/time/time.go:1227:0 s=1227
   280: 0x5d115f M=1 github.com/jzhang405/NexKV/internal/infrastructure/concurrency.heapPush /home/jzh/ws/go/src/github.com/jzhang405/NexKV/internal/infrastructure/concurrency/executor_percore.go:494:0 s=493
             github.com/jzhang405/NexKV/internal/infrastructure/concurrency.(*PerCoreExecutor).SubmitWithPriority /home/jzh/ws/go/src/github.com/jzhang405/NexKV/internal/infrastructure/concurrency/executor_percore.go:347:0 s=317
   281: 0x5d0518 M=1 github.com/jzhang405/NexKV/internal/infrastructure/concurrency.taskQueue.Less /home/jzh/ws/go/src/github.com/jzhang405/NexKV/internal/infrastructure/concurrency/executor_percore.go:131:0 s=126
   282: 0x457b11 M=1 runtime.(*guintptr).cas /home/jzh/go/src/runtime/runtime2.go:252:0 s=251
             runtime.runqget /home/jzh/go/src/runtime/proc.go:7604:0 s=7598
             runtime.findRunnable /home/jzh/go/src/runtime/proc.go:3469:0 s=3389
   283: 0x458c2e M=1 runtime.(*randomOrder).start /home/jzh/go/src/runtime/proc.go:8025:0 s=8021
             runtime.stealWork /home/jzh/go/src/runtime/proc.go:3837:0 s=3828
   284: 0x48988d M=1 runtime.lockWithRank /home/jzh/go/src/runtime/lockrank_off.go:24:0 s=23
             sync.runtime_notifyListNotifyOne /home/jzh/go/src/runtime/sema.go:675:0 s=668
   285: 0x493f80 M=1 sync.(*Mutex).Lock /home/jzh/go/src/sync/mutex.go:45:0 s=45
   286: 0x5d1bd7 M=1 github.com/jzhang405/NexKV/internal/infrastructure/concurrency.heapPop /home/jzh/ws/go/src/github.com/jzhang405/NexKV/internal/infrastructure/concurrency/executor_percore.go:511:0 s=499
   287: 0x457634 M=1 runtime.execute /home/jzh/go/src/runtime/proc.go:3342:0 s=3331
   288: 0x420af0 M=1 runtime.alignUp /home/jzh/go/src/runtime/stubs.go:375:0 s=374
             runtime.mallocgcTiny /home/jzh/go/src/runtime/malloc.go:1303:0 s=1254
   289: 0x5d05b3 M=1 github.com/jzhang405/NexKV/internal/infrastructure/concurrency.taskQueue.Less /home/jzh/ws/go/src/github.com/jzhang405/NexKV/internal/infrastructure/concurrency/executor_percore.go:146:0 s=126
   290: 0x48bb16 M=1 runtime.nanotime /home/jzh/go/src/runtime/time_nofake.go:33:0 s=32
             time.runtimeNano /home/jzh/go/src/runtime/time.go:38:0 s=33
   291: 0x5d1ff0 M=1 github.com/jzhang405/NexKV/internal/infrastructure/concurrency.heapDown /home/jzh/ws/go/src/github.com/jzhang405/NexKV/internal/infrastructure/concurrency/executor_percore.go:538:0 s=527
   292: 0x4de85f M=1 fmt.(*pp).printArg /home/jzh/go/src/fmt/print.go:719:0 s=682
   293: 0x4db240 M=1 fmt.newPrinter /home/jzh/go/src/fmt/print.go:151:0 s=151
   294: 0x4db7ef M=1 fmt.Sprintf /home/jzh/go/src/fmt/print.go:238:0 s=237
   295: 0x45eba1 M=1 runtime.checkdead /home/jzh/go/src/runtime/proc.go:6392:0 s=6367
   296: 0x45eb37 M=1 runtime.incidlelocked /home/jzh/go/src/runtime/proc.go:6359:0 s=6355
   297: 0x5d1a64 M=1 github.com/jzhang405/NexKV/internal/infrastructure/concurrency.(*coreWorker).executeTask.func1 /home/jzh/ws/go/src/github.com/jzhang405/NexKV/internal/infrastructure/concurrency/executor_percore.go:484:0 s=476
   298: 0x41ec33 M=1 runtime.notesleep /home/jzh/go/src/runtime/lock_futex.go:41:0 s=35
   299: 0x420b80 M=1 runtime.nextFreeFast /home/jzh/go/src/runtime/malloc.go:1022:0 s=1021
             runtime.mallocgcTiny /home/jzh/go/src/runtime/malloc.go:1329:0 s=1254
   300: 0x5d17be M=1 github.com/jzhang405/NexKV/internal/infrastructure/concurrency.(*coreWorker).run /home/jzh/ws/go/src/github.com/jzhang405/NexKV/internal/infrastructure/concurrency/executor_percore.go:464:0 s=432
   301: 0x5d0fc9 M=1 github.com/jzhang405/NexKV/internal/infrastructure/concurrency.(*PerCoreExecutor).SubmitWithPriority /home/jzh/ws/go/src/github.com/jzhang405/NexKV/internal/infrastructure/concurrency/executor_percore.go:329:0 s=317
   302: 0x5d8494 M=1 github.com/jzhang405/NexKV/internal/infrastructure/concurrency.TestPerCore_CPUAffinity_PerfAnalysis.func3.1 /home/jzh/ws/go/src/github.com/jzhang405/NexKV/internal/infrastructure/concurrency/affinity_perf_test.go:149:0 s=138
   303: 0x5d183d M=1 github.com/jzhang405/NexKV/internal/infrastructure/concurrency.(*coreWorker).run /home/jzh/ws/go/src/github.com/jzhang405/NexKV/internal/infrastructure/concurrency/executor_percore.go:453:0 s=432
   304: 0x459ad0 M=1 runtime.park_m /home/jzh/go/src/runtime/proc.go:4275:0 s=4253
   305: 0x493e03 M=1 sync.(*Cond).Wait /home/jzh/go/src/sync/cond.go:72:0 s=67
   306: 0x4a5ef2 M=1 time.Since /home/jzh/go/src/time/time.go:1228:0 s=1227
   307: 0x485848 M=1 runtime.convT64 /home/jzh/go/src/runtime/iface.go:404:0 s=400
   308: 0x493e4e M=1 sync.(*copyChecker).check /home/jzh/go/src/sync/cond.go:104:0 s=99
             sync.(*Cond).Signal /home/jzh/go/src/sync/cond.go:83:0 s=82
   309: 0x4db83f M=1 fmt.Sprintf /home/jzh/go/src/fmt/print.go:242:0 s=237
   310: 0x5d1002 M=1 github.com/jzhang405/NexKV/internal/infrastructure/concurrency.(*PerCoreExecutor).SubmitWithPriority /home/jzh/ws/go/src/github.com/jzhang405/NexKV/internal/infrastructure/concurrency/executor_percore.go:333:0 s=317
   311: 0x4e11bc M=1 fmt.(*buffer).writeString /home/jzh/go/src/fmt/print.go:108:0 s=107
             fmt.(*pp).doPrintf /home/jzh/go/src/fmt/print.go:1033:0 s=1020
   312: 0x4dc9ee M=1 fmt.(*pp).fmtInteger /home/jzh/go/src/fmt/print.go:449:0 s=422
   313: 0x485bfa M=1 runtime.mallocgc /home/jzh/go/src/runtime/malloc.go:1241:0 s=1119
   314: 0x41ea46 M=1 runtime.(*listHeadManual).pop /home/jzh/go/src/runtime/list_manual.go:117:0 s=96
   315: 0x456c48 M=1 runtime.mget /home/jzh/go/src/runtime/proc.go:7216:0 s=7213
             runtime.startm /home/jzh/go/src/runtime/proc.go:3072:0 s=3035
   316: 0x5d0501 M=1 github.com/jzhang405/NexKV/internal/infrastructure/concurrency.taskQueue.Less /home/jzh/ws/go/src/github.com/jzhang405/NexKV/internal/infrastructure/concurrency/executor_percore.go:130:0 s=126
   317: 0x4db36b M=1 fmt.(*pp).free /home/jzh/go/src/fmt/print.go:178:0 s=161
   318: 0x490c24 M=1 runtime.nanotime1 /home/jzh/go/src/runtime/sys_linux_amd64.s:294:0 s=223
   319: 0x4e1bd6 M=1 fmt.(*pp).doPrintf /home/jzh/go/src/fmt/print.go:1179:0 s=1020
   320: 0x5d114d M=1 github.com/jzhang405/NexKV/internal/infrastructure/concurrency.heapPush /home/jzh/ws/go/src/github.com/jzhang405/NexKV/internal/infrastructure/concurrency/executor_percore.go:494:0 s=493
             github.com/jzhang405/NexKV/internal/infrastructure/concurrency.(*PerCoreExecutor).SubmitWithPriority /home/jzh/ws/go/src/github.com/jzhang405/NexKV/internal/infrastructure/concurrency/executor_percore.go:347:0 s=317
   321: 0x5d1185 M=1 github.com/jzhang405/NexKV/internal/infrastructure/concurrency.(*PerCoreExecutor).SubmitWithPriority /home/jzh/ws/go/src/github.com/jzhang405/NexKV/internal/infrastructure/concurrency/executor_percore.go:353:0 s=317
   322: 0x420ad7 M=1 runtime.getMCache /home/jzh/go/src/runtime/mcache.go:150:0 s=139
             runtime.mallocgcTiny /home/jzh/go/src/runtime/malloc.go:1299:0 s=1254
   323: 0x409c0e M=1 internal/runtime/syscall/linux.Syscall6 /home/jzh/go/src/internal/runtime/syscall/linux/asm_linux_amd64.s:36:0 s=27
   324: 0x409a24 M=1 internal/runtime/syscall/linux.EpollWait /home/jzh/go/src/internal/runtime/syscall/linux/syscall_linux.go:32:0 s=25
   325: 0x44b1b3 M=1 runtime.netpoll /home/jzh/go/src/runtime/netpoll_epoll.go:119:0 s=99
   326: 0x45817e M=1 runtime.findRunnable /home/jzh/go/src/runtime/proc.go:3754:0 s=3389
   327: 0x4665cf M=1 runtime.semrelease1 /home/jzh/go/src/runtime/sema.go:263:0 s=207
   328: 0x489252 M=1 sync.runtime_Semrelease /home/jzh/go/src/runtime/sema.go:90:0 s=89
   329: 0x495288 M=1 sync.(*WaitGroup).Add /home/jzh/go/src/sync/waitgroup.go:142:0 s=77
   330: 0x5d193d M=1 sync.(*WaitGroup).Done /home/jzh/go/src/sync/waitgroup.go:156:0 s=155
   331: 0x5d18db M=1 github.com/jzhang405/NexKV/internal/infrastructure/concurrency.(*coreWorker).run /home/jzh/ws/go/src/github.com/jzhang405/NexKV/internal/infrastructure/concurrency/executor_percore.go:460:0 s=432
   332: 0x49f0ac M=1 syscall.RawSyscall6 /home/jzh/go/src/syscall/syscall_linux.go:65:0 s=63
   333: 0x49f105 M=1 syscall.Syscall /home/jzh/go/src/syscall/syscall_linux.go:87:0 s=73
   334: 0x5cd9d8 M=1 github.com/jzhang405/NexKV/internal/infrastructure/concurrency.pinToCore /home/jzh/ws/go/src/github.com/jzhang405/NexKV/internal/infrastructure/concurrency/affinity_linux.go:53:0 s=39
   335: 0x5d175c M=1 github.com/jzhang405/NexKV/internal/infrastructure/concurrency.(*coreWorker).run /home/jzh/ws/go/src/github.com/jzhang405/NexKV/internal/infrastructure/concurrency/executor_percore.go:443:0 s=432
   336: 0x45a5f7 M=1 runtime.goexit0 /home/jzh/go/src/runtime/proc.go:4500:0 s=4491
   337: 0x48fb8b M=1 runtime.memclrNoHeapPointers /home/jzh/go/src/runtime/memclr_amd64.s:192:0 s=15
   338: 0x423144 M=1 runtime.(*mspan).initHeapBits /home/jzh/go/src/runtime/mbitmap.go:516:0 s=508
   339: 0x424fe4 M=1 runtime.(*mcentral).grow /home/jzh/go/src/runtime/mcentral.go:257:0 s=251
   340: 0x424e53 M=1 runtime.(*mcentral).cacheSpan /home/jzh/go/src/runtime/mcentral.go:171:0 s=82
   341: 0x42442a M=1 runtime.(*mcache).refill /home/jzh/go/src/runtime/mcache.go:205:0 s=160
   342: 0x42091d M=1 runtime.(*mcache).nextFree /home/jzh/go/src/runtime/malloc.go:1058:0 s=1048
   343: 0x4211c4 M=1 runtime.mallocgcSmallScanNoHeader /home/jzh/go/src/runtime/malloc.go:1581:0 s=1555
   344: 0x485bc4 M=1 runtime.mallocgc /home/jzh/go/src/runtime/malloc.go:1202:0 s=1119
   345: 0x421ce4 M=1 runtime.newobject /home/jzh/go/src/runtime/malloc.go:2209:0 s=2208
   346: 0x45bac4 M=1 runtime.malg /home/jzh/go/src/runtime/proc.go:5274:0 s=5273
   347: 0x45bd38 M=1 runtime.newproc1 /home/jzh/go/src/runtime/proc.go:5322:0 s=5313
   348: 0x45bc64 M=1 runtime.newproc.func1 /home/jzh/go/src/runtime/proc.go:5299:0 s=5298
   349: 0x45bbfe M=1 runtime.newproc /home/jzh/go/src/runtime/proc.go:5298:0 s=5295
   350: 0x55b2bb M=1 github.com/panjf2000/ants/v2.(*goWorker).run /home/jzh/ws/go/pkg/mod/github.com/panjf2000/ants/v2@v2.9.0/worker.go:48:0 s=46
   351: 0x55b029 M=1 github.com/panjf2000/ants/v2.(*Pool).retrieveWorker /home/jzh/ws/go/pkg/mod/github.com/panjf2000/ants/v2@v2.9.0/pool.go:348:0 s=333
   352: 0x55aca4 M=1 github.com/panjf2000/ants/v2.(*Pool).Submit /home/jzh/ws/go/pkg/mod/github.com/panjf2000/ants/v2@v2.9.0/pool.go:222:0 s=217
   353: 0x5d0291 M=1 github.com/panjf2000/ants/v2.Submit /home/jzh/ws/go/pkg/mod/github.com/panjf2000/ants/v2@v2.9.0/ants.go:109:0 s=108
             github.com/jzhang405/NexKV/internal/infrastructure/concurrency.(*AntsDefaultExecutor).Submit /home/jzh/ws/go/src/github.com/jzhang405/NexKV/internal/infrastructure/concurrency/executor_ants.go:41:0 s=28
   354: 0x5d37dc M=1 github.com/jzhang405/NexKV/internal/infrastructure/concurrency.(*TaskScheduler).Submit /home/jzh/ws/go/src/github.com/jzhang405/NexKV/internal/infrastructure/concurrency/scheduler.go:213:0 s=186
   355: 0x5e4204 M=1 github.com/jzhang405/NexKV/internal/infrastructure/concurrency.TestIntegration_HighConcurrency.func1 /home/jzh/ws/go/src/github.com/jzhang405/NexKV/internal/infrastructure/concurrency/integration_test.go:241:0 s=239
   356: 0x5d311d M=1 sync/atomic.(*Int32).Add /home/jzh/go/src/sync/atomic/type.go:94:0 s=94
             sync.(*RWMutex).RUnlock /home/jzh/go/src/sync/rwmutex.go:120:0 s=114
             github.com/jzhang405/NexKV/internal/infrastructure/concurrency.(*TaskScheduler).Route /home/jzh/ws/go/src/github.com/jzhang405/NexKV/internal/infrastructure/concurrency/scheduler.go:130:0 s=121
   357: 0x5d361a M=1 github.com/jzhang405/NexKV/internal/infrastructure/concurrency.(*TaskScheduler).Submit /home/jzh/ws/go/src/github.com/jzhang405/NexKV/internal/infrastructure/concurrency/scheduler.go:188:0 s=186
   358: 0x459895 M=1 runtime.schedule /home/jzh/go/src/runtime/proc.go:4202:0 s=4135
   359: 0x41f7d5 M=1 runtime.cheaprand /home/jzh/go/src/runtime/rand.go:228:0 s=227
             runtime.cheaprandn /home/jzh/go/src/runtime/rand.go:293:0 s=291
             runtime.unlock2Wake /home/jzh/go/src/runtime/lock_spinbit.go:350:0 s=345
   360: 0x41f692 M=1 runtime.unlock2 /home/jzh/go/src/runtime/lock_spinbit.go:314:0 s=267
   361: 0x459e8e M=1 runtime.unlockWithRank /home/jzh/go/src/runtime/lockrank_off.go:35:0 s=34
             runtime.unlock /home/jzh/go/src/runtime/lock_spinbit.go:261:0 s=260
             runtime.goschedImpl /home/jzh/go/src/runtime/proc.go:4338:0 s=4307
   362: 0x45a014 M=1 runtime.gosched_m /home/jzh/go/src/runtime/proc.go:4350:0 s=4349
   363: 0x5d35c2 M=1 sync.(*RWMutex).RLock /home/jzh/go/src/sync/rwmutex.go:72:0 s=67
             github.com/jzhang405/NexKV/internal/infrastructure/concurrency.(*TaskScheduler).Submit /home/jzh/ws/go/src/github.com/jzhang405/NexKV/internal/infrastructure/concurrency/scheduler.go:191:0 s=186
   364: 0x495071 M=1 internal/sync.(*Mutex).Unlock /home/jzh/go/src/internal/sync/mutex.go:198:0 s=187
             sync.(*Mutex).Unlock /home/jzh/go/src/sync/mutex.go:65:0 s=64
             sync.(*RWMutex).Unlock /home/jzh/go/src/sync/rwmutex.go:219:0 s=201
   365: 0x5d37b1 M=1 github.com/jzhang405/NexKV/internal/infrastructure/concurrency.(*TaskScheduler).Submit /home/jzh/ws/go/src/github.com/jzhang405/NexKV/internal/infrastructure/concurrency/scheduler.go:210:0 s=186
   366: 0x459e9c M=1 runtime.goschedImpl /home/jzh/go/src/runtime/proc.go:4342:0 s=4307
   367: 0x4520f3 M=1 runtime.acquirem /home/jzh/go/src/runtime/runtime1.go:603:0 s=600
             runtime.acquireSudog /home/jzh/go/src/runtime/proc.go:497:0 s=488
   368: 0x4189dd M=1 runtime.chanrecv /home/jzh/go/src/runtime/chan.go:638:0 s=524
   369: 0x418731 M=1 runtime.chanrecv2 /home/jzh/go/src/runtime/chan.go:514:0 s=513
   370: 0x55b349 M=1 github.com/panjf2000/ants/v2.(*goWorker).run.func1 /home/jzh/ws/go/pkg/mod/github.com/panjf2000/ants/v2@v2.9.0/worker.go:63:0 s=48
   371: 0x421184 M=1 runtime.nextFreeFast /home/jzh/go/src/runtime/malloc.go:1033:0 s=1021
             runtime.mallocgcSmallScanNoHeader /home/jzh/go/src/runtime/malloc.go:1579:0 s=1555
   372: 0x5e418d M=1 github.com/jzhang405/NexKV/internal/infrastructure/concurrency.TestIntegration_HighConcurrency.func1 /home/jzh/ws/go/src/github.com/jzhang405/NexKV/internal/infrastructure/concurrency/integration_test.go:241:0 s=239
   373: 0x459e3a M=1 runtime.lockWithRank /home/jzh/go/src/runtime/lockrank_off.go:24:0 s=23
             runtime.lock /home/jzh/go/src/runtime/lock_spinbit.go:152:0 s=151
             runtime.goschedImpl /home/jzh/go/src/runtime/proc.go:4336:0 s=4307
   374: 0x417e1d M=1 runtime.unlockWithRank /home/jzh/go/src/runtime/lockrank_off.go:35:0 s=34
             runtime.unlock /home/jzh/go/src/runtime/lock_spinbit.go:261:0 s=260
             runtime.chansend.func1 /home/jzh/go/src/runtime/chan.go:232:0 s=232
   375: 0x417f0d M=1 runtime.send /home/jzh/go/src/runtime/chan.go:344:0 s=318
   376: 0x417d53 M=1 runtime.chansend /home/jzh/go/src/runtime/chan.go:232:0 s=176
   377: 0x4177f6 M=1 runtime.chansend1 /home/jzh/go/src/runtime/chan.go:161:0 s=160
   378: 0x55b5c4 M=1 github.com/panjf2000/ants/v2.(*goWorker).inputFunc /home/jzh/ws/go/pkg/mod/github.com/panjf2000/ants/v2@v2.9.0/worker.go:84:0 s=83
   379: 0x55acc1 M=1 github.com/panjf2000/ants/v2.(*Pool).Submit /home/jzh/ws/go/pkg/mod/github.com/panjf2000/ants/v2@v2.9.0/pool.go:224:0 s=217
   380: 0x41f26e M=1 runtime.lock2 /home/jzh/go/src/runtime/lock_spinbit.go:205:0 s=155
   381: 0x457b65 M=1 runtime.lockWithRank /home/jzh/go/src/runtime/lockrank_off.go:24:0 s=23
             runtime.lock /home/jzh/go/src/runtime/lock_spinbit.go:152:0 s=151
             runtime.findRunnable /home/jzh/go/src/runtime/proc.go:3475:0 s=3389
   382: 0x559fe4 M=1 github.com/panjf2000/ants/v2/internal/sync.(*spinLock).Unlock /home/jzh/ws/go/pkg/mod/github.com/panjf2000/ants/v2@v2.9.0/internal/sync/spinlock.go:32:0 s=30
   383: 0x55b1ef M=1 github.com/panjf2000/ants/v2.(*Pool).revertWorker /home/jzh/ws/go/pkg/mod/github.com/panjf2000/ants/v2@v2.9.0/pool.go:393:0 s=372
   384: 0x55b376 M=1 github.com/panjf2000/ants/v2.(*goWorker).run.func1 /home/jzh/ws/go/pkg/mod/github.com/panjf2000/ants/v2@v2.9.0/worker.go:68:0 s=48
   385: 0x439648 M=1 runtime.(*activeSweep).begin /home/jzh/go/src/runtime/mgcsweep.go:151:0 s=148
             runtime.sweepone /home/jzh/go/src/runtime/mgcsweep.go:368:0 s=359
   386: 0x43b08c M=1 runtime.deductSweepCredit /home/jzh/go/src/runtime/mgcsweep.go:951:0 s=913
   387: 0x4245a6 M=1 runtime.(*mcache).allocLarge /home/jzh/go/src/runtime/mcache.go:254:0 s=242
   388: 0x4217b8 M=1 runtime.mallocgcLarge /home/jzh/go/src/runtime/malloc.go:1755:0 s=1739
   389: 0x485bf2 M=1 runtime.mallocgc /home/jzh/go/src/runtime/malloc.go:1208:0 s=1119
   390: 0x48a0a8 M=1 runtime.makeslice /home/jzh/go/src/runtime/slice.go:117:0 s=102
   391: 0x5d0d97 M=1 github.com/jzhang405/NexKV/internal/infrastructure/concurrency.(*PerCoreExecutor).newWorker /home/jzh/ws/go/src/github.com/jzhang405/NexKV/internal/infrastructure/concurrency/executor_percore.go:297:0 s=290
   392: 0x5d0a45 M=1 github.com/jzhang405/NexKV/internal/infrastructure/concurrency.NewPerCoreExecutor /home/jzh/ws/go/src/github.com/jzhang405/NexKV/internal/infrastructure/concurrency/executor_percore.go:258:0 s=225
   393: 0x5e60e9 M=1 github.com/jzhang405/NexKV/internal/infrastructure/concurrency.TestStress_HighLoad /home/jzh/ws/go/src/github.com/jzhang405/NexKV/internal/infrastructure/concurrency/integration_test.go:475:0 s=468
   394: 0x432d30 M=1 runtime.(*mspan).moveInlineMarks /home/jzh/go/src/runtime/mgcmark_greenteagc.go:208:0 s=196
   395: 0x439e34 M=1 runtime.(*sweepLocked).sweep /home/jzh/go/src/runtime/mgcsweep.go:656:0 s=505
   396: 0x4396fc M=1 runtime.sweepone /home/jzh/go/src/runtime/mgcsweep.go:396:0 s=359
   397: 0x439485 M=1 runtime.bgsweep /home/jzh/go/src/runtime/mgcsweep.go:300:0 s=272
   398: 0x48fad9 M=1 runtime.memclrNoHeapPointers /home/jzh/go/src/runtime/memclr_amd64.s:127:0 s=15
   399: 0x421c64 M=1 runtime.memclrNoHeapPointersChunked /home/jzh/go/src/runtime/malloc.go:2201:0 s=2186
   400: 0x4218e9 M=1 runtime.mallocgcLarge /home/jzh/go/src/runtime/malloc.go:1815:0 s=1739
   401: 0x422832 M=1 runtime.typePointers.next /home/jzh/go/src/runtime/mbitmap.go:255:0 s=243
   402: 0x434de8 M=1 runtime.scanObject /home/jzh/go/src/runtime/mgcmark_greenteagc.go:1242:0 s=1187
   403: 0x42d646 M=1 runtime.gcDrainMarkWorkerIdle /home/jzh/go/src/runtime/mgcmark.go:1168:0 s=1167
             runtime.gcBgMarkWorker.func2 /home/jzh/go/src/runtime/mgc.go:1881:0 s=1847
   404: 0x4943d2 M=1 sync.(*Pool).getSlow /home/jzh/go/src/sync/pool.go:165:0 s=160
   405: 0x49430d M=1 sync.(*Pool).Get /home/jzh/go/src/sync/pool.go:144:0 s=131
   406: 0x55b010 M=1 github.com/panjf2000/ants/v2.(*Pool).retrieveWorker /home/jzh/ws/go/pkg/mod/github.com/panjf2000/ants/v2@v2.9.0/pool.go:347:0 s=333
   407: 0x5e6374 M=1 github.com/jzhang405/NexKV/internal/infrastructure/concurrency.TestStress_HighLoad /home/jzh/ws/go/src/github.com/jzhang405/NexKV/internal/infrastructure/concurrency/integration_test.go:496:0 s=468
   408: 0x460c83 M=1 runtime.pidleput /home/jzh/go/src/runtime/proc.go:7386:0 s=7373
   409: 0x457f38 M=1 runtime.findRunnable /home/jzh/go/src/runtime/proc.go:3619:0 s=3389
   410: 0x418c60 M=1 runtime.chanrecv /home/jzh/go/src/runtime/chan.go:678:0 s=524
   411: 0x5d0239 M=1 github.com/jzhang405/NexKV/internal/infrastructure/concurrency.(*AntsDefaultExecutor).Submit /home/jzh/ws/go/src/github.com/jzhang405/NexKV/internal/infrastructure/concurrency/executor_ants.go:41:0 s=28
   412: 0x48cbd3 M=1 aeshashbody /home/jzh/go/src/runtime/asm_amd64.s:1315:0 s=1309
   413: 0x4120c9 M=1 runtime.mapassign_faststr /home/jzh/go/src/internal/runtime/maps/runtime_faststr.go:277:0 s=263
   414: 0x5d3232 M=1 github.com/jzhang405/NexKV/internal/domain/model.SourceID.RecommendedMode /home/jzh/ws/go/src/github.com/jzhang405/NexKV/internal/domain/model/source_id.go:136:0 s=131
             github.com/jzhang405/NexKV/internal/infrastructure/concurrency.(*TaskScheduler).Route /home/jzh/ws/go/src/github.com/jzhang405/NexKV/internal/infrastructure/concurrency/scheduler.go:133:0 s=121
   415: 0x48cc3e M=1 aeshashbody /home/jzh/go/src/runtime/asm_amd64.s:1346:0 s=1309
   416: 0x5d3255 M=1 github.com/jzhang405/NexKV/internal/domain/model.SourceID.RecommendedMode /home/jzh/ws/go/src/github.com/jzhang405/NexKV/internal/domain/model/source_id.go:137:0 s=131
             github.com/jzhang405/NexKV/internal/infrastructure/concurrency.(*TaskScheduler).Route /home/jzh/ws/go/src/github.com/jzhang405/NexKV/internal/infrastructure/concurrency/scheduler.go:133:0 s=121
   417: 0x55b05d M=1 github.com/panjf2000/ants/v2.(*Pool).retrieveWorker /home/jzh/ws/go/pkg/mod/github.com/panjf2000/ants/v2@v2.9.0/pool.go:339:0 s=333
   418: 0x418024 M=1 runtime.send.goready.func1 /home/jzh/go/src/runtime/proc.go:483:0 s=482
   419: 0x417f9e M=1 runtime.goready /home/jzh/go/src/runtime/proc.go:482:0 s=481
             runtime.send /home/jzh/go/src/runtime/chan.go:350:0 s=318
   420: 0x40dc83 M=1 internal/runtime/maps.(*Map).getWithoutKeySmallFastStr /home/jzh/go/src/internal/runtime/maps/runtime_faststr.go:66:0 s=15
   421: 0x411b9a M=1 runtime.mapaccess1_faststr /home/jzh/go/src/internal/runtime/maps/runtime_faststr.go:118:0 s=101
   422: 0x5d3276 M=1 github.com/jzhang405/NexKV/internal/domain/model.SourceID.RecommendedMode /home/jzh/ws/go/src/github.com/jzhang405/NexKV/internal/domain/model/source_id.go:141:0 s=131
             github.com/jzhang405/NexKV/internal/infrastructure/concurrency.(*TaskScheduler).Route /home/jzh/ws/go/src/github.com/jzhang405/NexKV/internal/infrastructure/concurrency/scheduler.go:133:0 s=121
   423: 0x41f1b0 M=1 runtime.lock2 /home/jzh/go/src/runtime/lock_spinbit.go:165:0 s=155
   424: 0x4188a4 M=1 runtime.lockWithRank /home/jzh/go/src/runtime/lockrank_off.go:24:0 s=23
             runtime.lock /home/jzh/go/src/runtime/lock_spinbit.go:152:0 s=151
             runtime.chanrecv /home/jzh/go/src/runtime/chan.go:586:0 s=524
   425: 0x48cc26 M=1 aeshashbody /home/jzh/go/src/runtime/asm_amd64.s:1340:0 s=1309
   426: 0x40dc63 M=1 internal/runtime/maps.(*Map).getWithoutKeySmallFastStr /home/jzh/go/src/internal/runtime/maps/runtime_faststr.go:57:0 s=15
   427: 0x457e64 M=1 runtime.lockWithRank /home/jzh/go/src/runtime/lockrank_off.go:24:0 s=23
             runtime.lock /home/jzh/go/src/runtime/lock_spinbit.go:152:0 s=151
             runtime.findRunnable /home/jzh/go/src/runtime/proc.go:3594:0 s=3389
   428: 0x457947 M=1 runtime.lockWithRank /home/jzh/go/src/runtime/lockrank_off.go:24:0 s=23
             runtime.lock /home/jzh/go/src/runtime/lock_spinbit.go:152:0 s=151
             runtime.findRunnable /home/jzh/go/src/runtime/proc.go:3444:0 s=3389
   429: 0x459ea4 M=1 runtime.goschedImpl /home/jzh/go/src/runtime/proc.go:4345:0 s=4307
   430: 0x432ead M=1 runtime.tryDeferToSpanScan /home/jzh/go/src/runtime/mgcmark_greenteagc.go:293:0 s=264
   431: 0x431da4 M=1 runtime.scanblock /home/jzh/go/src/runtime/mgcmark.go:1501:0 s=1479
   432: 0x431286 M=1 runtime.scanframeworker /home/jzh/go/src/runtime/mgcmark.go:1128:0 s=1069
   433: 0x430d46 M=1 runtime.scanstack /home/jzh/go/src/runtime/mgcmark.go:973:0 s=904
   434: 0x42f7b0 M=1 runtime.markroot.func1 /home/jzh/go/src/runtime/mgcmark.go:306:0 s=280
   435: 0x42f404 M=1 runtime.markroot /home/jzh/go/src/runtime/mgcmark.go:280:0 s=221
   436: 0x431906 M=1 runtime.gcDrain /home/jzh/go/src/runtime/mgcmark.go:1275:0 s=1239
   437: 0x41e89d M=1 runtime.(*lfstack).pop /home/jzh/go/src/runtime/lfstack.go:42:0 s=36
   438: 0x43b92d M=1 runtime.getempty /home/jzh/go/src/runtime/mgcwork.go:427:0 s=424
   439: 0x438d8e M=1 runtime.(*stackScanState).addObject /home/jzh/go/src/runtime/mgcstack.go:274:0 s=270
   440: 0x43139c M=1 runtime.scanframeworker /home/jzh/go/src/runtime/mgcmark.go:1151:0 s=1069
   441: 0x41e856 M=1 runtime.(*lfstack).push /home/jzh/go/src/runtime/lfstack.go:30:0 s=24
   442: 0x43bb64 M=1 runtime.putempty /home/jzh/go/src/runtime/mgcwork.go:482:0 s=480
   443: 0x430f28 M=1 runtime.scanstack /home/jzh/go/src/runtime/mgcmark.go:1058:0 s=904
   444: 0x41f1d5 M=1 runtime.lock2 /home/jzh/go/src/runtime/lock_spinbit.go:182:0 s=155
   445: 0x457b9c M=1 runtime.unlockWithRank /home/jzh/go/src/runtime/lockrank_off.go:35:0 s=34
             runtime.unlock /home/jzh/go/src/runtime/lock_spinbit.go:261:0 s=260
             runtime.findRunnable /home/jzh/go/src/runtime/proc.go:3477:0 s=3389
   446: 0x4951c9 M=1 sync/atomic.(*Uint64).Add /home/jzh/go/src/sync/atomic/type.go:195:0 s=195
             sync.(*WaitGroup).Add /home/jzh/go/src/sync/waitgroup.go:104:0 s=77
   447: 0x5e6afe M=1 sync.(*WaitGroup).Done /home/jzh/go/src/sync/waitgroup.go:156:0 s=155
             github.com/jzhang405/NexKV/internal/infrastructure/concurrency.TestStress_MemoryUsage.func1 /home/jzh/ws/go/src/github.com/jzhang405/NexKV/internal/infrastructure/concurrency/integration_test.go:534:0 s=533
   448: 0x5d031e M=1 github.com/jzhang405/NexKV/internal/infrastructure/concurrency.(*AntsDefaultExecutor).Submit.func1 /home/jzh/ws/go/src/github.com/jzhang405/NexKV/internal/infrastructure/concurrency/executor_ants.go:42:0 s=41
   449: 0x55b369 M=1 github.com/panjf2000/ants/v2.(*goWorker).run.func1 /home/jzh/ws/go/pkg/mod/github.com/panjf2000/ants/v2@v2.9.0/worker.go:67:0 s=48
   450: 0x431d95 M=1 runtime.scanblock /home/jzh/go/src/runtime/mgcmark.go:1496:0 s=1479
   451: 0x43124d M=1 runtime.scanframeworker /home/jzh/go/src/runtime/mgcmark.go:1123:0 s=1069
   452: 0x466368 M=1 runtime.cansemacquire /home/jzh/go/src/runtime/sema.go:297:0 s=291
             runtime.semacquire1 /home/jzh/go/src/runtime/sema.go:193:0 s=146
   453: 0x494f71 M=1 internal/sync.(*Mutex).Lock /home/jzh/go/src/internal/sync/mutex.go:70:0 s=61
             sync.(*Mutex).Lock /home/jzh/go/src/sync/mutex.go:46:0 s=45
             sync.(*RWMutex).Lock /home/jzh/go/src/sync/rwmutex.go:150:0 s=144
   454: 0x5d3786 M=1 github.com/jzhang405/NexKV/internal/infrastructure/concurrency.(*TaskScheduler).Submit /home/jzh/ws/go/src/github.com/jzhang405/NexKV/internal/infrastructure/concurrency/scheduler.go:208:0 s=186
   455: 0x5f047b M=1 github.com/jzhang405/NexKV/internal/infrastructure/concurrency.TestTaskScheduler_ConcurrentSubmit.func1 /home/jzh/ws/go/src/github.com/jzhang405/NexKV/internal/infrastructure/concurrency/scheduler_test.go:293:0 s=291
   456: 0x5f02f0 M=1 github.com/jzhang405/NexKV/internal/infrastructure/concurrency.TestTaskScheduler_ConcurrentSubmit /home/jzh/ws/go/src/github.com/jzhang405/NexKV/internal/infrastructure/concurrency/scheduler_test.go:291:0 s=276
   457: 0x42f3a4 M=1 runtime.markroot /home/jzh/go/src/runtime/mgcmark.go:274:0 s=221
   458: 0x4586c7 M=1 runtime.findRunnable /home/jzh/go/src/runtime/proc.go:3796:0 s=3389
   459: 0x422906 M=1 runtime.typePointers.next /home/jzh/go/src/runtime/mbitmap.go:271:0 s=243
   460: 0x431c04 M=1 runtime.gcDrainN /home/jzh/go/src/runtime/mgcmark.go:1439:0 s=1392
   461: 0x4305a4 M=1 runtime.gcAssistAlloc1 /home/jzh/go/src/runtime/mgcmark.go:745:0 s=711
   462: 0x43043a M=1 runtime.gcAssistAlloc.func2 /home/jzh/go/src/runtime/mgcmark.go:639:0 s=638
   463: 0x4300e4 M=1 runtime.gcAssistAlloc /home/jzh/go/src/runtime/mgcmark.go:638:0 s=499
   464: 0x421c05 M=1 runtime.deductAssistCredit /home/jzh/go/src/runtime/malloc.go:1913:0 s=1899
   465: 0x485b86 M=1 runtime.mallocgc /home/jzh/go/src/runtime/malloc.go:1165:0 s=1119
   466: 0x55aa44 M=1 github.com/panjf2000/ants/v2.newWorkerLoopQueue /home/jzh/ws/go/pkg/mod/github.com/panjf2000/ants/v2@v2.9.0/worker_loop_queue.go:15:0 s=14
             github.com/panjf2000/ants/v2.newWorkerQueue /home/jzh/ws/go/pkg/mod/github.com/panjf2000/ants/v2@v2.9.0/worker_queue.go:45:0 s=40
             github.com/panjf2000/ants/v2.NewPool /home/jzh/ws/go/pkg/mod/github.com/panjf2000/ants/v2@v2.9.0/pool.go:198:0 s=164
   467: 0x5d3fbc M=1 github.com/jzhang405/NexKV/internal/infrastructure/concurrency.NewAntsTaskPoolProvider /home/jzh/ws/go/src/github.com/jzhang405/NexKV/internal/infrastructure/concurrency/taskpool_ants_provider.go:118:0 s=107
   468: 0x5f4a17 M=1 github.com/jzhang405/NexKV/internal/infrastructure/concurrency.TestTypedResult_Done_IsDone /home/jzh/ws/go/src/github.com/jzhang405/NexKV/internal/infrastructure/concurrency/taskpool_ants_provider_test.go:576:0 s=575
   469: 0x431d65 M=1 runtime.scanblock /home/jzh/go/src/runtime/mgcmark.go:1493:0 s=1479
   470: 0x42f893 M=1 runtime.markrootBlock /home/jzh/go/src/runtime/mgcmark.go:351:0 s=330
   471: 0x42f605 M=1 runtime.markroot /home/jzh/go/src/runtime/mgcmark.go:235:0 s=221
   472: 0x418bbe M=1 runtime.chanrecv /home/jzh/go/src/runtime/chan.go:664:0 s=524
   473: 0x5d4b95 M=1 github.com/jzhang405/NexKV/internal/infrastructure/concurrency.(*AntsTaskPoolProvider).Submit /home/jzh/ws/go/src/github.com/jzhang405/NexKV/internal/infrastructure/concurrency/taskpool_ants_provider.go:246:0 s=240
   474: 0x5f748d M=1 github.com/jzhang405/NexKV/internal/infrastructure/concurrency.TestAntsTaskPoolProvider_RaceCondition.func1 /home/jzh/ws/go/src/github.com/jzhang405/NexKV/internal/infrastructure/concurrency/taskpool_autoscale_test.go:270:0 s=267
   475: 0x418c5e M=1 runtime.chanrecv /home/jzh/go/src/runtime/chan.go:678:0 s=524
   476: 0x48fb71 M=1 runtime.memclrNoHeapPointers /home/jzh/go/src/runtime/memclr_amd64.s:186:0 s=15
   477: 0x421204 M=1 runtime.mallocgcSmallScanNoHeader /home/jzh/go/src/runtime/malloc.go:1585:0 s=1555
   478: 0x5d4bdc M=1 github.com/jzhang405/NexKV/internal/infrastructure/concurrency.(*AntsTaskPoolProvider).Submit /home/jzh/ws/go/src/github.com/jzhang405/NexKV/internal/infrastructure/concurrency/taskpool_ants_provider.go:251:0 s=240
   479: 0x460a7b M=1 runtime.globrunqgetbatch /home/jzh/go/src/runtime/proc.go:7296:0 s=7293
   480: 0x457b6f M=1 runtime.findRunnable /home/jzh/go/src/runtime/proc.go:3476:0 s=3389
   481: 0x491147 M=1 runtime.osyield /home/jzh/go/src/runtime/sys_linux_amd64.s:668:0 s=665
   482: 0x41f2f9 M=1 runtime.lock2 /home/jzh/go/src/runtime/lock_spinbit.go:220:0 s=155
   483: 0x559f5c M=1 github.com/panjf2000/ants/v2/internal/sync.(*spinLock).Lock /home/jzh/ws/go/pkg/mod/github.com/panjf2000/ants/v2@v2.9.0/internal/sync/spinlock.go:19:0 s=17
   484: 0x55b187 M=1 github.com/panjf2000/ants/v2.(*Pool).revertWorker /home/jzh/ws/go/pkg/mod/github.com/panjf2000/ants/v2@v2.9.0/pool.go:380:0 s=372
   485: 0x41f265 M=1 runtime.lock2 /home/jzh/go/src/runtime/lock_spinbit.go:200:0 s=155
   486: 0x475b72 M=1 runtime.(*unwinder).finishInternal /home/jzh/go/src/runtime/traceback.go:521:0 s=520
   487: 0x475a94 M=1 runtime.(*unwinder).next /home/jzh/go/src/runtime/traceback.go:448:0 s=441
   488: 0x430d50 M=1 runtime.scanstack /home/jzh/go/src/runtime/mgcmark.go:972:0 s=904
   489: 0x434652 M=1 runtime.scanObjectsSmall /home/jzh/go/src/runtime/mgcmark_greenteagc.go:1043:0 s=1015
   490: 0x433edd M=1 runtime.scanSpan /home/jzh/go/src/runtime/mgcmark_greenteagc.go:897:0 s=844
   491: 0x4316f8 M=1 runtime.gcDrain /home/jzh/go/src/runtime/mgcmark.go:1333:0 s=1239
   492: 0x417931 M=1 runtime.(*waitq).dequeue /home/jzh/go/src/runtime/chan.go:893:0 s=886
             runtime.chansend /home/jzh/go/src/runtime/chan.go:229:0 s=176
   493: 0x5d57aa M=1 github.com/jzhang405/NexKV/internal/infrastructure/concurrency.(*AntsTaskPoolProvider).SubmitDelayed.func1 /home/jzh/ws/go/src/github.com/jzhang405/NexKV/internal/infrastructure/concurrency/taskpool_ants_provider.go:359:0 s=357
   494: 0x5d4a3c M=1 github.com/jzhang405/NexKV/internal/infrastructure/concurrency.(*AntsTaskPoolProvider).scheduleDelayedTask.func1 /home/jzh/ws/go/src/github.com/jzhang405/NexKV/internal/infrastructure/concurrency/taskpool_ants_provider.go:223:0 s=211
   495: 0x442a05 M=1 runtime.mergeSummaries /home/jzh/go/src/runtime/mpagealloc.go:1112:0 s=1084
   496: 0x440bfa M=1 runtime.(*pageAlloc).update /home/jzh/go/src/runtime/mpagealloc.go:559:0 s=492
   497: 0x437a76 M=1 runtime.(*pageAlloc).scavengeOne /home/jzh/go/src/runtime/mgcscavenge.go:770:0 s=732
   498: 0x4376ae M=1 runtime.(*pageAlloc).scavenge.func1 /home/jzh/go/src/runtime/mgcscavenge.go:683:0 s=682
   499: 0x437606 M=1 runtime.(*pageAlloc).scavenge /home/jzh/go/src/runtime/mgcscavenge.go:682:0 s=675
   500: 0x4831a7 M=1 runtime.(*scavengerState).init.func2 /home/jzh/go/src/runtime/mgcscavenge.go:395:0 s=393
   501: 0x4373ac M=1 runtime.(*scavengerState).run /home/jzh/go/src/runtime/mgcscavenge.go:602:0 s=576
   502: 0x437507 M=1 runtime.bgscavenge /home/jzh/go/src/runtime/mgcscavenge.go:656:0 s=649
   503: 0x421320 M=1 runtime.releasem /home/jzh/go/src/runtime/runtime1.go:610:0 s=607
             runtime.mallocgcSmallScanNoHeader /home/jzh/go/src/runtime/malloc.go:1636:0 s=1555
   504: 0x5f7939 M=1 github.com/jzhang405/NexKV/internal/infrastructure/concurrency.TestAntsTaskPoolProvider_SubmitDelayed_TooMany /home/jzh/ws/go/src/github.com/jzhang405/NexKV/internal/infrastructure/concurrency/taskpool_autoscale_test.go:345:0 s=327
   505: 0x48b704 M=1 runtime.findfunc /home/jzh/go/src/runtime/symtab.go:948:0 s=923
   506: 0x478ea6 M=1 runtime.isSystemGoroutine /home/jzh/go/src/runtime/traceback.go:1410:0 s=1408
   507: 0x45be44 M=1 runtime.newproc1 /home/jzh/go/src/runtime/proc.go:5358:0 s=5313
   508: 0x5d488c M=1 github.com/jzhang405/NexKV/internal/infrastructure/concurrency.(*AntsTaskPoolProvider).scheduleDelayedTask /home/jzh/ws/go/src/github.com/jzhang405/NexKV/internal/infrastructure/concurrency/taskpool_ants_provider.go:211:0 s=196
   509: 0x5d5696 M=1 github.com/jzhang405/NexKV/internal/infrastructure/concurrency.(*AntsTaskPoolProvider).SubmitDelayed /home/jzh/ws/go/src/github.com/jzhang405/NexKV/internal/infrastructure/concurrency/taskpool_ants_provider.go:357:0 s=347
   510: 0x5f7a8d M=1 github.com/jzhang405/NexKV/internal/infrastructure/concurrency.TestAntsTaskPoolProvider_SubmitDelayed_TooMany.func1 /home/jzh/ws/go/src/github.com/jzhang405/NexKV/internal/infrastructure/concurrency/taskpool_autoscale_test.go:347:0 s=345
   511: 0x46a4e0 M=1 runtime.stackpoolalloc /home/jzh/go/src/runtime/stack.go:221:0 s=194
   512: 0x46a755 M=1 runtime.stackcacherefill /home/jzh/go/src/runtime/stack.go:290:0 s=279
   513: 0x46ad28 M=1 runtime.stackalloc /home/jzh/go/src/runtime/stack.go:392:0 s=344
   514: 0x45bb9e M=1 runtime.malg.func1 /home/jzh/go/src/runtime/proc.go:5278:0 s=5277
   515: 0x45bb1c M=1 runtime.malg /home/jzh/go/src/runtime/proc.go:5277:0 s=5273
   516: 0x5f7908 M=1 github.com/jzhang405/NexKV/internal/infrastructure/concurrency.TestAntsTaskPoolProvider_SubmitDelayed_TooMany /home/jzh/ws/go/src/github.com/jzhang405/NexKV/internal/infrastructure/concurrency/taskpool_autoscale_test.go:345:0 s=327
   517: 0x45503c M=1 runtime.startTheWorldWithSema /home/jzh/go/src/runtime/proc.go:1796:0 s=1760
   518: 0x42b4b6 M=1 runtime.gcStart.func4 /home/jzh/go/src/runtime/mgc.go:948:0 s=947
   519: 0x42b2f0 M=1 runtime.gcStart /home/jzh/go/src/runtime/mgc.go:947:0 s=733
   520: 0x42135d M=1 runtime.mallocgcSmallScanNoHeader /home/jzh/go/src/runtime/malloc.go:1640:0 s=1555
   521: 0x5d4826 M=1 github.com/jzhang405/NexKV/internal/infrastructure/concurrency.(*AntsTaskPoolProvider).scheduleDelayedTask /home/jzh/ws/go/src/github.com/jzhang405/NexKV/internal/infrastructure/concurrency/taskpool_ants_provider.go:211:0 s=196
   522: 0x434623 M=1 runtime.scanObjectsSmall /home/jzh/go/src/runtime/mgcmark_greenteagc.go:1033:0 s=1015
   523: 0x431bf3 M=1 runtime.gcDrainN /home/jzh/go/src/runtime/mgcmark.go:1441:0 s=1392
   524: 0x5d562c M=1 github.com/jzhang405/NexKV/internal/infrastructure/concurrency.(*AntsTaskPoolProvider).SubmitDelayed /home/jzh/ws/go/src/github.com/jzhang405/NexKV/internal/infrastructure/concurrency/taskpool_ants_provider.go:357:0 s=347
   525: 0x438d8f M=1 runtime.(*stackScanState).addObject /home/jzh/go/src/runtime/mgcstack.go:275:0 s=270
   526: 0x431b84 M=1 runtime.gcDrainN /home/jzh/go/src/runtime/mgcmark.go:1427:0 s=1392
   527: 0x46fec1 M=1 runtime.pcvalue /home/jzh/go/src/runtime/symtab.go:1046:0 s=1013
   528: 0x4756d2 M=1 runtime.funcspdelta /home/jzh/go/src/runtime/symtab.go:1211:0 s=1210
             runtime.(*unwinder).resolveInternal /home/jzh/go/src/runtime/traceback.go:327:0 s=253
   529: 0x475944 M=1 runtime.(*unwinder).next /home/jzh/go/src/runtime/traceback.go:514:0 s=441
   530: 0x431d3b M=1 runtime.scanblock /home/jzh/go/src/runtime/mgcmark.go:1493:0 s=1479
   531: 0x43b91a M=1 runtime.getempty /home/jzh/go/src/runtime/mgcwork.go:426:0 s=424
   532: 0x43346b M=1 runtime.(*spanQueue).steal /home/jzh/go/src/runtime/mgcmark_greenteagc.go:543:0 s=543
   533: 0x433084 M=1 runtime.(*gcWork).tryGetSpan /home/jzh/go/src/runtime/mgcmark_greenteagc.go:327:0 s=322
   534: 0x431b46 M=1 runtime.gcDrainN /home/jzh/go/src/runtime/mgcmark.go:1422:0 s=1392
   535: 0x41f996 M=1 runtime.semawakeup /home/jzh/go/src/runtime/lock_futex.go:161:0 s=158
             runtime.unlock2Wake /home/jzh/go/src/runtime/lock_spinbit.go:461:0 s=345
   536: 0x433af1 M=1 runtime.(*randomEnum).position /home/jzh/go/src/runtime/proc.go:8039:0 s=8038
             runtime.(*gcWork).tryStealSpan /home/jzh/go/src/runtime/mgcmark_greenteagc.go:801:0 s=797
   537: 0x431b72 M=1 runtime.gcDrainN /home/jzh/go/src/runtime/mgcmark.go:1431:0 s=1392
   538: 0x47040d M=1 runtime.step /home/jzh/go/src/runtime/symtab.go:1296:0 s=1285
   539: 0x46fab9 M=1 runtime.pcvalue /home/jzh/go/src/runtime/symtab.go:1082:0 s=1013
   540: 0x46baf4 M=1 runtime.copystack /home/jzh/go/src/runtime/stack.go:976:0 s=900
   541: 0x46c0e8 M=1 runtime.newstack /home/jzh/go/src/runtime/stack.go:1187:0 s=1026
   542: 0x43a9a8 M=1 runtime.(*sweepLocked).sweep /home/jzh/go/src/runtime/mgcsweep.go:505:0 s=505
   543: 0x424d68 M=1 runtime.(*mcentral).cacheSpan /home/jzh/go/src/runtime/mcentral.go:148:0 s=82
   544: 0x4522f7 M=1 runtime.acquireSudog /home/jzh/go/src/runtime/proc.go:511:0 s=488
   545: 0x465194 M=1 runtime.selectgo /home/jzh/go/src/runtime/select.go:318:0 s=122
   546: 0x5d4a19 M=1 github.com/jzhang405/NexKV/internal/infrastructure/concurrency.(*AntsTaskPoolProvider).scheduleDelayedTask.func1 /home/jzh/ws/go/src/github.com/jzhang405/NexKV/internal/infrastructure/concurrency/taskpool_ants_provider.go:220:0 s=211
   547: 0x41f605 M=1 runtime.mutexSampleContention /home/jzh/go/src/runtime/lock_spinbit.go:330:0 s=329
             runtime.unlock2 /home/jzh/go/src/runtime/lock_spinbit.go:273:0 s=267
   548: 0x4649ce M=1 runtime.unlockWithRank /home/jzh/go/src/runtime/lockrank_off.go:35:0 s=34
             runtime.unlock /home/jzh/go/src/runtime/lock_spinbit.go:261:0 s=260
             runtime.selparkcommit /home/jzh/go/src/runtime/select.go:98:0 s=63
   549: 0x4a44a4 M=1 time.when /home/jzh/go/src/time/sleep.go:56:0 s=52
   550: 0x4a4576 M=1 time.NewTimer /home/jzh/go/src/time/sleep.go:145:0 s=143
   551: 0x5d4984 M=1 github.com/jzhang405/NexKV/internal/infrastructure/concurrency.(*AntsTaskPoolProvider).scheduleDelayedTask.func1 /home/jzh/ws/go/src/github.com/jzhang405/NexKV/internal/infrastructure/concurrency/taskpool_ants_provider.go:217:0 s=211
   552: 0x4758ac M=1 runtime.funcInfo.valid /home/jzh/go/src/runtime/symtab.go:880:0 s=879
             runtime.(*unwinder).next /home/jzh/go/src/runtime/traceback.go:452:0 s=441
   553: 0x43cca4 M=1 runtime.(*mheap).alloc /home/jzh/go/src/runtime/mheap.go:1006:0 s=1006
   554: 0x424fd5 M=1 runtime.(*mcentral).grow /home/jzh/go/src/runtime/mcentral.go:253:0 s=251
   555: 0x41f180 M=1 runtime.lock2 /home/jzh/go/src/runtime/lock_spinbit.go:155:0 s=155
   556: 0x4178d1 M=1 runtime.lockWithRank /home/jzh/go/src/runtime/lockrank_off.go:24:0 s=23
             runtime.lock /home/jzh/go/src/runtime/lock_spinbit.go:152:0 s=151
             runtime.chansend /home/jzh/go/src/runtime/chan.go:222:0 s=176
   557: 0x419179 M=1 runtime.selectnbsend /home/jzh/go/src/runtime/chan.go:785:0 s=784
   558: 0x5d47f8 M=1 github.com/jzhang405/NexKV/internal/infrastructure/concurrency.(*AntsTaskPoolProvider).scheduleDelayedTask /home/jzh/ws/go/src/github.com/jzhang405/NexKV/internal/infrastructure/concurrency/taskpool_ants_provider.go:203:0 s=196
   559: 0x431d5c M=1 runtime.scanblock /home/jzh/go/src/runtime/mgcmark.go:1496:0 s=1479
   560: 0x486274 M=1 runtime.spanOf /home/jzh/go/src/runtime/mheap.go:718:0 s=696
             runtime.findObject /home/jzh/go/src/runtime/mbitmap.go:1362:0 s=1361
   561: 0x4346db M=1 runtime.scanObjectsSmall /home/jzh/go/src/runtime/mgcmark_greenteagc.go:1056:0 s=1015
   562: 0x47207b M=1 runtime.(*timers).adjust /home/jzh/go/src/runtime/time.go:954:0 s=861
   563: 0x4723c4 M=1 runtime.(*timers).check /home/jzh/go/src/runtime/time.go:1058:0 s=1009
   564: 0x458d65 M=1 runtime.stealWork /home/jzh/go/src/runtime/proc.go:3861:0 s=3828
   565: 0x418640 M=1 runtime.closechan.goready.func1 /home/jzh/go/src/runtime/proc.go:482:0 s=482
   566: 0x4185b2 M=1 runtime.goready /home/jzh/go/src/runtime/proc.go:482:0 s=481
             runtime.closechan /home/jzh/go/src/runtime/chan.go:484:0 s=414
   567: 0x5d7bcc M=1 github.com/jzhang405/NexKV/internal/infrastructure/concurrency.(*AnyResult).SetValue.func1 /home/jzh/ws/go/src/github.com/jzhang405/NexKV/internal/infrastructure/concurrency/typed_result.go:81:0 s=77
   568: 0x49410b M=1 sync.(*Once).doSlow /home/jzh/go/src/sync/once.go:78:0 s=73
   569: 0x5d7b09 M=1 sync.(*Once).Do /home/jzh/go/src/sync/once.go:69:0 s=52
             github.com/jzhang405/NexKV/internal/infrastructure/concurrency.(*AnyResult).SetValue /home/jzh/ws/go/src/github.com/jzhang405/NexKV/internal/infrastructure/concurrency/typed_result.go:77:0 s=76
   570: 0x5d53c9 M=1 github.com/jzhang405/NexKV/internal/infrastructure/concurrency.(*AntsTaskPoolProvider).submitWithResult.func1.1 /home/jzh/ws/go/src/github.com/jzhang405/NexKV/internal/infrastructure/concurrency/taskpool_ants_provider.go:314:0 s=309
   571: 0x5d42c1 M=1 github.com/jzhang405/NexKV/internal/infrastructure/concurrency.(*AntsTaskPoolProvider).safeExecute /home/jzh/ws/go/src/github.com/jzhang405/NexKV/internal/infrastructure/concurrency/taskpool_ants_provider.go:164:0 s=157
   572: 0x5d5359 M=1 github.com/jzhang405/NexKV/internal/infrastructure/concurrency.(*AntsTaskPoolProvider).submitWithResult.func1 /home/jzh/ws/go/src/github.com/jzhang405/NexKV/internal/infrastructure/concurrency/taskpool_ants_provider.go:309:0 s=308
   573: 0x42e22f M=1 runtime.clearpools /home/jzh/go/src/runtime/mgc.go:2178:0 s=2159
   574: 0x42b177 M=1 runtime.gcStart /home/jzh/go/src/runtime/mgc.go:875:0 s=733
   575: 0x42a9da M=1 runtime.GC /home/jzh/go/src/runtime/mgc.go:555:0 s=522
   576: 0x4f5fae M=1 testing.(*B).runN /home/jzh/go/src/testing/benchmark.go:207:0 s=197
   577: 0x4f8170 M=1 testing.runBenchmarks /home/jzh/go/src/testing/benchmark.go:735:0 s=691
   578: 0x5057cd M=1 testing.(*M).Run /home/jzh/go/src/testing/testing.go:2459:0 s=2340
   579: 0x5cd0b9 M=1 go.uber.org/goleak.VerifyTestMain /home/jzh/ws/go/pkg/mod/go.uber.org/goleak@v1.3.0/testmain.go:53:0 s=52
   580: 0x5e742c M=1 github.com/jzhang405/NexKV/internal/infrastructure/concurrency.TestMain /home/jzh/ws/go/src/github.com/jzhang405/NexKV/internal/infrastructure/concurrency/integration_test.go:577:0 s=574
   581: 0x608be4 M=1 main.main _testmain.go:406:0 s=403
   582: 0x451cf4 M=1 runtime.main /home/jzh/go/src/runtime/proc.go:290:0 s=149
   583: 0x434df7 M=1 runtime.scanObject /home/jzh/go/src/runtime/mgcmark_greenteagc.go:1250:0 s=1187
   584: 0x431408 M=1 internal/runtime/atomic.(*Uint32).Load /home/jzh/go/src/internal/runtime/atomic/types.go:194:0 s=193
             runtime.gcNextMarkRoot /home/jzh/go/src/runtime/mgcmark.go:1195:0 s=1191
   585: 0x4318ed M=1 runtime.gcDrain /home/jzh/go/src/runtime/mgcmark.go:1271:0 s=1239
   586: 0x490fd7 M=1 runtime.madvise /home/jzh/go/src/runtime/sys_linux_amd64.s:556:0 s=550
   587: 0x4271b5 M=1 runtime.sysUnusedOS /home/jzh/go/src/runtime/mem_linux.go:64:0 s=42
   588: 0x437ae8 M=1 runtime.sysUnused /home/jzh/go/src/runtime/mem.go:70:0 s=68
             runtime.(*pageAlloc).scavengeOne /home/jzh/go/src/runtime/mgcscavenge.go:778:0 s=732
   589: 0x457843 M=1 internal/runtime/atomic.(*Bool).Load /home/jzh/go/src/internal/runtime/atomic/types.go:168:0 s=167
             runtime.findRunnable /home/jzh/go/src/runtime/proc.go:3403:0 s=3389
   590: 0x418ac3 M=1 runtime.chanrecv /home/jzh/go/src/runtime/chan.go:652:0 s=524
   591: 0x45786d M=1 runtime.findRunnable /home/jzh/go/src/runtime/proc.go:3415:0 s=3389
   592: 0x5dd0c5 M=1 github.com/jzhang405/NexKV/internal/infrastructure/concurrency.simulateTransportTask /home/jzh/ws/go/src/github.com/jzhang405/NexKV/internal/infrastructure/concurrency/executor_comparison_benchmark_test.go:38:0 s=22
   593: 0x435fc6 M=1 runtime.(*gcControllerState).releaseNextGCMarkWorker /home/jzh/go/src/runtime/mgcpacer.go:901:0 s=901
   594: 0x5dd096 M=1 github.com/jzhang405/NexKV/internal/infrastructure/concurrency.simulateTransportTask /home/jzh/ws/go/src/github.com/jzhang405/NexKV/internal/infrastructure/concurrency/executor_comparison_benchmark_test.go:25:0 s=22
   595: 0x5dd0b1 M=1 github.com/jzhang405/NexKV/internal/infrastructure/concurrency.simulateTransportTask /home/jzh/ws/go/src/github.com/jzhang405/NexKV/internal/infrastructure/concurrency/executor_comparison_benchmark_test.go:32:0 s=22
   596: 0x5dd0c2 M=1 github.com/jzhang405/NexKV/internal/infrastructure/concurrency.simulateTransportTask /home/jzh/ws/go/src/github.com/jzhang405/NexKV/internal/infrastructure/concurrency/executor_comparison_benchmark_test.go:38:0 s=22
   597: 0x45433a M=1 runtime.nanotime /home/jzh/go/src/runtime/time_nofake.go:33:0 s=32
             runtime.casgstatus /home/jzh/go/src/runtime/proc.go:1344:0 s=1277
   598: 0x41f1bc M=1 runtime.lock2 /home/jzh/go/src/runtime/lock_spinbit.go:157:0 s=155
   599: 0x5dd09b M=1 github.com/jzhang405/NexKV/internal/infrastructure/concurrency.simulateTransportTask /home/jzh/ws/go/src/github.com/jzhang405/NexKV/internal/infrastructure/concurrency/executor_comparison_benchmark_test.go:25:0 s=22
   600: 0x457b56 M=1 runtime.findRunnable /home/jzh/go/src/runtime/proc.go:3474:0 s=3389
   601: 0x5d01e8 M=1 sync/atomic.(*Int32).Add /home/jzh/go/src/sync/atomic/type.go:94:0 s=94
             sync.(*RWMutex).RLock /home/jzh/go/src/sync/rwmutex.go:72:0 s=67
             github.com/jzhang405/NexKV/internal/infrastructure/concurrency.(*AntsDefaultExecutor).Submit /home/jzh/ws/go/src/github.com/jzhang405/NexKV/internal/infrastructure/concurrency/executor_ants.go:33:0 s=28
   602: 0x5dd5f0 M=1 github.com/jzhang405/NexKV/internal/infrastructure/concurrency.BenchmarkPerCoreVsAnts_Transport_Throughput.func3.1 /home/jzh/ws/go/src/github.com/jzhang405/NexKV/internal/infrastructure/concurrency/executor_comparison_benchmark_test.go:121:0 s=119
   603: 0x4f99d7 M=1 testing.(*B).RunParallel.func1 /home/jzh/go/src/testing/benchmark.go:982:0 s=975
   604: 0x55c0aa M=1 github.com/panjf2000/ants/v2.(*workerStack).detach /home/jzh/ws/go/pkg/mod/github.com/panjf2000/ants/v2@v2.9.0/worker_stack.go:36:0 s=29
   605: 0x55aef7 M=1 github.com/panjf2000/ants/v2.(*Pool).retrieveWorker /home/jzh/ws/go/pkg/mod/github.com/panjf2000/ants/v2@v2.9.0/pool.go:338:0 s=333
   606: 0x4537ca M=1 runtime.(*m).clearAllpSnapshot /home/jzh/go/src/runtime/proc.go:1098:0 s=1097
   607: 0x5dd0a4 M=1 github.com/jzhang405/NexKV/internal/infrastructure/concurrency.simulateTransportTask /home/jzh/ws/go/src/github.com/jzhang405/NexKV/internal/infrastructure/concurrency/executor_comparison_benchmark_test.go:25:0 s=22
   608: 0x460b18 M=1 runtime.(*gQueue).pop /home/jzh/go/src/runtime/proc.go:7805:0 s=7802
             runtime.globrunqgetbatch /home/jzh/go/src/runtime/proc.go:7306:0 s=7293
   609: 0x454273 M=1 runtime.casgstatus /home/jzh/go/src/runtime/proc.go:1322:0 s=1277
   610: 0x41f841 M=1 runtime.unlock2Wake /home/jzh/go/src/runtime/lock_spinbit.go:363:0 s=345
   611: 0x42336c M=1 runtime.(*mspan).writeHeapBitsSmall /home/jzh/go/src/runtime/mbitmap.go:631:0 s=624
   612: 0x42124b M=1 runtime.heapSetTypeNoHeader /home/jzh/go/src/runtime/mbitmap.go:709:0 s=705
             runtime.mallocgcSmallScanNoHeader /home/jzh/go/src/runtime/malloc.go:1592:0 s=1555
   613: 0x460b36 M=1 runtime.globrunqgetbatch /home/jzh/go/src/runtime/proc.go:7307:0 s=7293
   614: 0x457a3c M=1 internal/runtime/atomic.(*Uint64).Load /home/jzh/go/src/internal/runtime/atomic/types.go:309:0 s=308
             runtime.(*cleanupQueue).needsWake /home/jzh/go/src/runtime/mcleanup.go:589:0 s=588
             runtime.findRunnable /home/jzh/go/src/runtime/proc.go:3460:0 s=3389
   615: 0x457855 M=1 runtime.findRunnable /home/jzh/go/src/runtime/proc.go:3407:0 s=3389
   616: 0x417830 M=1 runtime.chansend /home/jzh/go/src/runtime/chan.go:193:0 s=176
   617: 0x55b36a M=1 github.com/panjf2000/ants/v2.(*goWorker).run.func1 /home/jzh/ws/go/pkg/mod/github.com/panjf2000/ants/v2@v2.9.0/worker.go:68:0 s=48
   618: 0x423486 M=1 runtime.(*mspan).writeHeapBitsSmall /home/jzh/go/src/runtime/mbitmap.go:670:0 s=624
   619: 0x5dd072 M=1 github.com/jzhang405/NexKV/internal/infrastructure/concurrency.simulateTransportTask /home/jzh/ws/go/src/github.com/jzhang405/NexKV/internal/infrastructure/concurrency/executor_comparison_benchmark_test.go:24:0 s=22
   620: 0x418773 M=1 runtime.chanrecv /home/jzh/go/src/runtime/chan.go:540:0 s=524
   621: 0x418a2c M=1 runtime.chanrecv /home/jzh/go/src/runtime/chan.go:646:0 s=524
   622: 0x472274 M=1 runtime.nanotime /home/jzh/go/src/runtime/time_nofake.go:33:0 s=32
             runtime.(*timers).check /home/jzh/go/src/runtime/time.go:1020:0 s=1009
   623: 0x459d78 M=1 runtime.goschedImpl /home/jzh/go/src/runtime/proc.go:4325:0 s=4307
   624: 0x460ecd M=1 runtime.pidlegetSpinning /home/jzh/go/src/runtime/proc.go:7439:0 s=7430
   625: 0x45a006 M=1 runtime.gosched_m /home/jzh/go/src/runtime/proc.go:4349:0 s=4349
   626: 0x45765b M=1 runtime.execute /home/jzh/go/src/runtime/proc.go:3343:0 s=3331
   627: 0x460f91 M=1 runtime.(*guintptr).cas /home/jzh/go/src/runtime/runtime2.go:252:0 s=251
             runtime.runqput /home/jzh/go/src/runtime/proc.go:7497:0 s=7478
   628: 0x453931 M=1 runtime.ready /home/jzh/go/src/runtime/proc.go:1137:0 s=1120
   629: 0x55aee4 M=1 github.com/panjf2000/ants/v2.(*Pool).retrieveWorker /home/jzh/ws/go/pkg/mod/github.com/panjf2000/ants/v2@v2.9.0/pool.go:334:0 s=333
   630: 0x41d289 M=1 runtime.(*timeHistogram).record /home/jzh/go/src/runtime/histogram.go:135:0 s=105
   631: 0x4543dd M=1 runtime.casgstatus /home/jzh/go/src/runtime/proc.go:1380:0 s=1277
   632: 0x417f15 M=1 runtime.send /home/jzh/go/src/runtime/chan.go:345:0 s=318
   633: 0x5dd60f M=1 testing.(*PB).Next /home/jzh/go/src/testing/benchmark.go:923:0 s=922
             github.com/jzhang405/NexKV/internal/infrastructure/concurrency.BenchmarkPerCoreVsAnts_Transport_Throughput.func3.1 /home/jzh/ws/go/src/github.com/jzhang405/NexKV/internal/infrastructure/concurrency/executor_comparison_benchmark_test.go:120:0 s=119
   634: 0x55c01f M=1 github.com/panjf2000/ants/v2.(*workerStack).insert /home/jzh/ws/go/pkg/mod/github.com/panjf2000/ants/v2@v2.9.0/worker_stack.go:25:0 s=24
   635: 0x55b1ae M=1 github.com/panjf2000/ants/v2.(*Pool).revertWorker /home/jzh/ws/go/pkg/mod/github.com/panjf2000/ants/v2@v2.9.0/pool.go:387:0 s=372
   636: 0x41f1c1 M=1 runtime.lock2 /home/jzh/go/src/runtime/lock_spinbit.go:156:0 s=155
   637: 0x46120a M=1 runtime.runqputbatch /home/jzh/go/src/runtime/proc.go:7591:0 s=7565
   638: 0x45896e M=1 runtime.findRunnable /home/jzh/go/src/runtime/proc.go:3479:0 s=3389
   639: 0x559fe0 M=1 github.com/panjf2000/ants/v2/internal/sync.(*spinLock).Unlock /home/jzh/ws/go/pkg/mod/github.com/panjf2000/ants/v2@v2.9.0/internal/sync/spinlock.go:31:0 s=30
   640: 0x4543f5 M=1 runtime.nanotime /home/jzh/go/src/runtime/time_nofake.go:33:0 s=32
             runtime.casgstatus /home/jzh/go/src/runtime/proc.go:1373:0 s=1277
   641: 0x5d0324 M=1 github.com/jzhang405/NexKV/internal/infrastructure/concurrency.(*AntsDefaultExecutor).Submit.func1 /home/jzh/ws/go/src/github.com/jzhang405/NexKV/internal/infrastructure/concurrency/executor_ants.go:43:0 s=41
   642: 0x41efe0 M=1 runtime.semasleep /home/jzh/go/src/runtime/lock_futex.go:139:0 s=139
   643: 0x457b45 M=1 runtime.findRunnable /home/jzh/go/src/runtime/proc.go:3469:0 s=3389
   644: 0x44a038 M=1 runtime.wbBufFlush1 /home/jzh/go/src/runtime/mwbbuf.go:230:0 s=195
   645: 0x482ffd M=1 runtime.wbBufFlush.func1 /home/jzh/go/src/runtime/mwbbuf.go:181:0 s=180
   646: 0x449f64 M=1 runtime.wbBufFlush /home/jzh/go/src/runtime/mwbbuf.go:180:0 s=166
   647: 0x48d1cc M=1 gcWriteBarrier /home/jzh/go/src/runtime/asm_amd64.s:1869:0 s=1813
   648: 0x418a14 M=1 runtime.(*maybeTraceablePtr).set /home/jzh/go/src/runtime/runtime2.go:360:0 s=359
             runtime.chanrecv /home/jzh/go/src/runtime/chan.go:645:0 s=524
   649: 0x434e48 M=1 runtime.scanObject /home/jzh/go/src/runtime/mgcmark_greenteagc.go:1268:0 s=1187
   650: 0x423af1 M=1 runtime.typeBitsBulkBarrier /home/jzh/go/src/runtime/mbitmap.go:1463:0 s=1462
   651: 0x418131 M=1 runtime.sendDirect /home/jzh/go/src/runtime/chan.go:399:0 s=392
   652: 0x417ec4 M=1 runtime.send /home/jzh/go/src/runtime/chan.go:340:0 s=318
   653: 0x457911 M=1 runtime.findRunnable /home/jzh/go/src/runtime/proc.go:3443:0 s=3389
   654: 0x487f15 M=1 runtime.unlockWithRank /home/jzh/go/src/runtime/lockrank_off.go:35:0 s=34
             runtime.unlock /home/jzh/go/src/runtime/lock_spinbit.go:261:0 s=260
             runtime.wakep /home/jzh/go/src/runtime/proc.go:3233:0 s=3212
   655: 0x457917 M=1 runtime.findRunnable /home/jzh/go/src/runtime/proc.go:3443:0 s=3389
   656: 0x457678 M=1 runtime.execute /home/jzh/go/src/runtime/proc.go:3344:0 s=3331
   657: 0x41f8f1 M=1 runtime.mutexWaitListHead /home/jzh/go/src/runtime/lock_spinbit.go:117:0 s=111
             runtime.unlock2Wake /home/jzh/go/src/runtime/lock_spinbit.go:422:0 s=345
   658: 0x418c0d M=1 runtime.chanrecv /home/jzh/go/src/runtime/chan.go:673:0 s=524
   659: 0x457af2 M=1 runtime.runqget /home/jzh/go/src/runtime/proc.go:7600:0 s=7598
             runtime.findRunnable /home/jzh/go/src/runtime/proc.go:3469:0 s=3389
   660: 0x41f250 M=1 runtime.lock2 /home/jzh/go/src/runtime/lock_spinbit.go:194:0 s=155
   661: 0x4597e6 M=1 runtime.schedule /home/jzh/go/src/runtime/proc.go:4160:0 s=4135
   662: 0x41f21e M=1 runtime.lock2 /home/jzh/go/src/runtime/lock_spinbit.go:186:0 s=155
   663: 0x41f209 M=1 runtime.lock2 /home/jzh/go/src/runtime/lock_spinbit.go:170:0 s=155
   664: 0x41f30f M=1 runtime.lock2 /home/jzh/go/src/runtime/lock_spinbit.go:239:0 s=155
   665: 0x419122 M=1 runtime.chanparkcommit /home/jzh/go/src/runtime/chan.go:764:0 s=748
   666: 0x459cca M=1 runtime.goschedImpl /home/jzh/go/src/runtime/proc.go:4307:0 s=4307
   667: 0x4575ea M=1 runtime.execute /home/jzh/go/src/runtime/proc.go:3331:0 s=3331
   668: 0x5d0323 M=1 github.com/jzhang405/NexKV/internal/infrastructure/concurrency.(*AntsDefaultExecutor).Submit.func1 /home/jzh/ws/go/src/github.com/jzhang405/NexKV/internal/infrastructure/concurrency/executor_ants.go:43:0 s=41
   669: 0x490b8f M=1 runtime.nanotime1 /home/jzh/go/src/runtime/sys_linux_amd64.s:250:0 s=223
   670: 0x4576a5 M=1 runtime.execute /home/jzh/go/src/runtime/proc.go:3348:0 s=3331
   671: 0x45760b M=1 runtime.execute /home/jzh/go/src/runtime/proc.go:3334:0 s=3331
   672: 0x55b5b7 M=1 github.com/panjf2000/ants/v2.(*goWorker).inputFunc /home/jzh/ws/go/pkg/mod/github.com/panjf2000/ants/v2@v2.9.0/worker.go:84:0 s=83
   673: 0x55b195 M=1 github.com/panjf2000/ants/v2.(*Pool).revertWorker /home/jzh/ws/go/pkg/mod/github.com/panjf2000/ants/v2@v2.9.0/pool.go:387:0 s=372
   674: 0x48d8d7 M=1 runtime.systemstack /home/jzh/go/src/runtime/asm_amd64.s:568:0 s=520
   675: 0x48f97d M=1 runtime.memclrNoHeapPointers /home/jzh/go/src/runtime/memclr_amd64.s:35:0 s=15
   676: 0x4212a6 M=1 runtime.mallocgcSmallScanNoHeader /home/jzh/go/src/runtime/malloc.go:1619:0 s=1555
   677: 0x418c17 M=1 runtime.chanrecv /home/jzh/go/src/runtime/chan.go:673:0 s=524
   678: 0x4211ea M=1 runtime.mallocgcSmallScanNoHeader /home/jzh/go/src/runtime/malloc.go:1583:0 s=1555
   679: 0x559f51 M=1 github.com/panjf2000/ants/v2/internal/sync.(*spinLock).Lock /home/jzh/ws/go/pkg/mod/github.com/panjf2000/ants/v2@v2.9.0/internal/sync/spinlock.go:19:0 s=17
   680: 0x4722e6 M=1 runtime.(*timers).check /home/jzh/go/src/runtime/time.go:1030:0 s=1009
   681: 0x41f35e M=1 runtime.lock2 /home/jzh/go/src/runtime/lock_spinbit.go:239:0 s=155
   682: 0x431b64 M=1 runtime.gcDrainN /home/jzh/go/src/runtime/mgcmark.go:1425:0 s=1392
   683: 0x432e3e M=1 runtime.spanClass.sizeclass /home/jzh/go/src/runtime/mheap.go:595:0 s=594
             runtime.tryDeferToSpanScan /home/jzh/go/src/runtime/mgcmark_greenteagc.go:283:0 s=264
   684: 0x44a064 M=1 runtime.wbBufFlush1 /home/jzh/go/src/runtime/mwbbuf.go:240:0 s=195
   685: 0x4537e6 M=1 runtime.(*m).clearAllpSnapshot /home/jzh/go/src/runtime/proc.go:1098:0 s=1097
   686: 0x432d07 M=1 runtime.(*mspan).moveInlineMarks /home/jzh/go/src/runtime/mgcmark_greenteagc.go:201:0 s=196
   687: 0x418bed M=1 runtime.chanrecv /home/jzh/go/src/runtime/chan.go:667:0 s=524
   688: 0x42116e M=1 runtime.nextFreeFast /home/jzh/go/src/runtime/malloc.go:1030:0 s=1021
             runtime.mallocgcSmallScanNoHeader /home/jzh/go/src/runtime/malloc.go:1579:0 s=1555
   689: 0x460b68 M=1 runtime.globrunqgetbatch /home/jzh/go/src/runtime/proc.go:7309:0 s=7293
   690: 0x4a5f15 M=1 time.Since /home/jzh/go/src/time/time.go:1230:0 s=1227
   691: 0x5dd0b4 M=1 github.com/jzhang405/NexKV/internal/infrastructure/concurrency.simulateTransportTask /home/jzh/ws/go/src/github.com/jzhang405/NexKV/internal/infrastructure/concurrency/executor_comparison_benchmark_test.go:32:0 s=22
   692: 0x41f803 M=1 runtime.cheaprand /home/jzh/go/src/runtime/rand.go:237:0 s=227
             runtime.cheaprandn /home/jzh/go/src/runtime/rand.go:293:0 s=291
             runtime.unlock2Wake /home/jzh/go/src/runtime/lock_spinbit.go:350:0 s=345
   693: 0x417f4d M=1 runtime.send /home/jzh/go/src/runtime/chan.go:347:0 s=318
   694: 0x48d7ec M=1 runtime.gogo /home/jzh/go/src/runtime/asm_amd64.s:439:0 s=435
   695: 0x4577bb M=1 runtime.execute /home/jzh/go/src/runtime/proc.go:3382:0 s=3331
   696: 0x559f65 M=1 github.com/panjf2000/ants/v2/internal/sync.(*spinLock).Lock /home/jzh/ws/go/pkg/mod/github.com/panjf2000/ants/v2@v2.9.0/internal/sync/spinlock.go:19:0 s=17
   697: 0x41f6ce M=1 runtime.unlock2 /home/jzh/go/src/runtime/lock_spinbit.go:319:0 s=267
   698: 0x41912b M=1 runtime.unlockWithRank /home/jzh/go/src/runtime/lockrank_off.go:35:0 s=34
             runtime.unlock /home/jzh/go/src/runtime/lock_spinbit.go:261:0 s=260
             runtime.chanparkcommit /home/jzh/go/src/runtime/chan.go:764:0 s=748
   699: 0x41799f M=1 runtime.(*waitq).dequeue /home/jzh/go/src/runtime/chan.go:910:0 s=886
             runtime.chansend /home/jzh/go/src/runtime/chan.go:229:0 s=176
   700: 0x5dd060 M=1 github.com/jzhang405/NexKV/internal/infrastructure/concurrency.simulateTransportTask /home/jzh/ws/go/src/github.com/jzhang405/NexKV/internal/infrastructure/concurrency/executor_comparison_benchmark_test.go:22:0 s=22
   701: 0x459897 M=1 runtime.schedule /home/jzh/go/src/runtime/proc.go:4202:0 s=4135
   702: 0x41797f M=1 runtime.(*waitq).dequeue /home/jzh/go/src/runtime/chan.go:894:0 s=886
             runtime.chansend /home/jzh/go/src/runtime/chan.go:229:0 s=176
   703: 0x460f2c M=1 runtime.runqput /home/jzh/go/src/runtime/proc.go:7508:0 s=7478
   704: 0x41f274 M=1 runtime.lock2 /home/jzh/go/src/runtime/lock_spinbit.go:206:0 s=155
   705: 0x48baf5 M=1 time.runtimeNano /home/jzh/go/src/runtime/time.go:35:0 s=33
   706: 0x432de7 M=1 runtime.heapArenaOf /home/jzh/go/src/runtime/mheap.go:783:0 s=766
             runtime.tryDeferToSpanScan /home/jzh/go/src/runtime/mgcmark_greenteagc.go:270:0 s=264
   707: 0x458a60 M=1 runtime.runqget /home/jzh/go/src/runtime/proc.go:7615:0 s=7598
             runtime.findRunnable /home/jzh/go/src/runtime/proc.go:3469:0 s=3389
   708: 0x45a00a M=1 runtime.gosched_m /home/jzh/go/src/runtime/proc.go:4349:0 s=4349
   709: 0x460ac0 M=1 runtime.(*gQueue).pop /home/jzh/go/src/runtime/proc.go:7805:0 s=7802
             runtime.globrunqgetbatch /home/jzh/go/src/runtime/proc.go:7302:0 s=7293
   710: 0x45782e M=1 runtime.findRunnable /home/jzh/go/src/runtime/proc.go:3402:0 s=3389
   711: 0x55ac91 M=1 github.com/panjf2000/ants/v2.(*Pool).IsClosed /home/jzh/ws/go/pkg/mod/github.com/panjf2000/ants/v2@v2.9.0/pool.go:271:0 s=270
             github.com/panjf2000/ants/v2.(*Pool).Submit /home/jzh/ws/go/pkg/mod/github.com/panjf2000/ants/v2@v2.9.0/pool.go:218:0 s=217
   712: 0x4597b2 M=1 runtime.schedule /home/jzh/go/src/runtime/proc.go:4149:0 s=4135
   713: 0x457684 M=1 runtime.execute /home/jzh/go/src/runtime/proc.go:3345:0 s=3331
   714: 0x459e54 M=1 runtime.(*gQueue).pushBack /home/jzh/go/src/runtime/proc.go:7775:0 s=7773
             runtime.globrunqput /home/jzh/go/src/runtime/proc.go:7252:0 s=7249
             runtime.goschedImpl /home/jzh/go/src/runtime/proc.go:4337:0 s=4307
   715: 0x418bf3 M=1 runtime.chanrecv /home/jzh/go/src/runtime/chan.go:670:0 s=524
   716: 0x55c031 M=1 github.com/panjf2000/ants/v2.(*workerStack).insert /home/jzh/ws/go/pkg/mod/github.com/panjf2000/ants/v2@v2.9.0/worker_stack.go:25:0 s=24
   717: 0x55c08e M=1 github.com/panjf2000/ants/v2.(*workerStack).detach /home/jzh/ws/go/pkg/mod/github.com/panjf2000/ants/v2@v2.9.0/worker_stack.go:30:0 s=29
   718: 0x41f298 M=1 runtime.lock2 /home/jzh/go/src/runtime/lock_spinbit.go:209:0 s=155
   719: 0x457883 M=1 runtime.findRunnable /home/jzh/go/src/runtime/proc.go:3418:0 s=3389
   720: 0x4540c0 M=1 runtime.casgstatus /home/jzh/go/src/runtime/proc.go:1277:0 s=1277
   721: 0x47224f M=1 runtime.(*timers).check /home/jzh/go/src/runtime/time.go:1013:0 s=1009
   722: 0x48baea M=1 time.runtimeNano /home/jzh/go/src/runtime/time.go:33:0 s=33
   723: 0x41f386 M=1 runtime.lock2 /home/jzh/go/src/runtime/lock_spinbit.go:218:0 s=155
   724: 0x55b372 M=1 github.com/panjf2000/ants/v2.(*goWorker).run.func1 /home/jzh/ws/go/pkg/mod/github.com/panjf2000/ants/v2@v2.9.0/worker.go:68:0 s=48
   725: 0x559f60 M=1 github.com/panjf2000/ants/v2/internal/sync.(*spinLock).Lock /home/jzh/ws/go/pkg/mod/github.com/panjf2000/ants/v2@v2.9.0/internal/sync/spinlock.go:19:0 s=17
   726: 0x487eae M=1 internal/runtime/atomic.(*Int32).CompareAndSwap /home/jzh/go/src/internal/runtime/atomic/types.go:37:0 s=36
             runtime.wakep /home/jzh/go/src/runtime/proc.go:3215:0 s=3212
   727: 0x41f003 M=1 runtime.semasleep /home/jzh/go/src/runtime/lock_futex.go:142:0 s=139
   728: 0x55c0a5 M=1 github.com/panjf2000/ants/v2.(*workerStack).detach /home/jzh/ws/go/pkg/mod/github.com/panjf2000/ants/v2@v2.9.0/worker_stack.go:35:0 s=29
   729: 0x459df8 M=1 runtime.traceAcquire /home/jzh/go/src/runtime/traceruntime.go:189:0 s=188
             runtime.goschedImpl /home/jzh/go/src/runtime/proc.go:4309:0 s=4307
   730: 0x454228 M=1 runtime.casgstatus /home/jzh/go/src/runtime/proc.go:1316:0 s=1277
   731: 0x4537d2 M=1 runtime.(*m).clearAllpSnapshot /home/jzh/go/src/runtime/proc.go:1098:0 s=1097
   732: 0x459833 M=1 runtime.schedule /home/jzh/go/src/runtime/proc.go:4172:0 s=4135
   733: 0x417ebc M=1 runtime.send /home/jzh/go/src/runtime/chan.go:340:0 s=318
   734: 0x45984c M=1 runtime.schedule /home/jzh/go/src/runtime/proc.go:4183:0 s=4135
   735: 0x459959 M=1 runtime.schedule /home/jzh/go/src/runtime/proc.go:4164:0 s=4135
   736: 0x5d01ea M=1 sync.(*RWMutex).RLock /home/jzh/go/src/sync/rwmutex.go:72:0 s=67
             github.com/jzhang405/NexKV/internal/infrastructure/concurrency.(*AntsDefaultExecutor).Submit /home/jzh/ws/go/src/github.com/jzhang405/NexKV/internal/infrastructure/concurrency/executor_ants.go:33:0 s=28
   737: 0x5dd0cd M=1 github.com/jzhang405/NexKV/internal/infrastructure/concurrency.simulateTransportTask /home/jzh/ws/go/src/github.com/jzhang405/NexKV/internal/infrastructure/concurrency/executor_comparison_benchmark_test.go:42:0 s=22
   738: 0x55b0b4 M=1 github.com/panjf2000/ants/v2.(*Pool).Cap /home/jzh/ws/go/pkg/mod/github.com/panjf2000/ants/v2@v2.9.0/pool.go:250:0 s=249
             github.com/panjf2000/ants/v2.(*Pool).revertWorker /home/jzh/ws/go/pkg/mod/github.com/panjf2000/ants/v2@v2.9.0/pool.go:373:0 s=372
   739: 0x48bb1f M=1 time.runtimeNano /home/jzh/go/src/runtime/time.go:38:0 s=33
   740: 0x41f1a8 M=1 runtime.lock2 /home/jzh/go/src/runtime/lock_spinbit.go:160:0 s=155
   741: 0x485ba5 M=1 internal/abi.(*Type).Pointers /home/jzh/go/src/internal/abi/type.go:203:0 s=203
             runtime.mallocgc /home/jzh/go/src/runtime/malloc.go:1187:0 s=1119
   742: 0x55b36f M=1 github.com/panjf2000/ants/v2.(*goWorker).run.func1 /home/jzh/ws/go/pkg/mod/github.com/panjf2000/ants/v2@v2.9.0/worker.go:68:0 s=48
   743: 0x41f964 M=1 runtime.unlock2Wake /home/jzh/go/src/runtime/lock_spinbit.go:458:0 s=345
   744: 0x418800 M=1 runtime.chanrecv /home/jzh/go/src/runtime/chan.go:549:0 s=524
   745: 0x459893 M=1 runtime.schedule /home/jzh/go/src/runtime/proc.go:4202:0 s=4135
   746: 0x45c7b1 M=1 runtime.gfget /home/jzh/go/src/runtime/proc.go:5530:0 s=5507
   747: 0x45bd29 M=1 runtime.newproc1 /home/jzh/go/src/runtime/proc.go:5320:0 s=5313
   748: 0x5dd0d1 M=1 github.com/jzhang405/NexKV/internal/infrastructure/concurrency.simulateTransportTask /home/jzh/ws/go/src/github.com/jzhang405/NexKV/internal/infrastructure/concurrency/executor_comparison_benchmark_test.go:42:0 s=22
   749: 0x42345f M=1 runtime.(*mspan).writeHeapBitsSmall /home/jzh/go/src/runtime/mbitmap.go:670:0 s=624
   750: 0x5dd5e1 M=1 github.com/jzhang405/NexKV/internal/infrastructure/concurrency.BenchmarkPerCoreVsAnts_Transport_Throughput.func3.1 /home/jzh/ws/go/src/github.com/jzhang405/NexKV/internal/infrastructure/concurrency/executor_comparison_benchmark_test.go:121:0 s=119
   751: 0x4210ab M=1 runtime.getMCache /home/jzh/go/src/runtime/mcache.go:141:0 s=139
             runtime.mallocgcSmallScanNoHeader /home/jzh/go/src/runtime/malloc.go:1575:0 s=1555
   752: 0x4345d3 M=1 runtime.scanObjectsSmall /home/jzh/go/src/runtime/mgcmark_greenteagc.go:1030:0 s=1015
   753: 0x487dc2 M=1 runtime.gopark /home/jzh/go/src/runtime/proc.go:462:0 s=445
   754: 0x559f8a M=1 github.com/panjf2000/ants/v2/internal/sync.(*spinLock).Lock /home/jzh/ws/go/pkg/mod/github.com/panjf2000/ants/v2@v2.9.0/internal/sync/spinlock.go:21:0 s=17
   755: 0x4540cd M=1 runtime.casgstatus /home/jzh/go/src/runtime/proc.go:1278:0 s=1277
   756: 0x490ba1 M=1 runtime.nanotime1 /home/jzh/go/src/runtime/sys_linux_amd64.s:253:0 s=223
   757: 0x459a20 M=1 runtime.park_m /home/jzh/go/src/runtime/proc.go:4253:0 s=4253
   758: 0x5d0241 M=1 github.com/jzhang405/NexKV/internal/infrastructure/concurrency.(*AntsDefaultExecutor).Submit /home/jzh/ws/go/src/github.com/jzhang405/NexKV/internal/infrastructure/concurrency/executor_ants.go:41:0 s=28
   759: 0x41f276 M=1 runtime.lock2 /home/jzh/go/src/runtime/lock_spinbit.go:206:0 s=155
   760: 0x460f6c M=1 runtime.runqput /home/jzh/go/src/runtime/proc.go:7513:0 s=7478
   761: 0x55ac80 M=1 github.com/panjf2000/ants/v2.(*Pool).Submit /home/jzh/ws/go/pkg/mod/github.com/panjf2000/ants/v2@v2.9.0/pool.go:217:0 s=217
   762: 0x55bfa0 M=1 github.com/panjf2000/ants/v2.(*workerStack).insert /home/jzh/ws/go/pkg/mod/github.com/panjf2000/ants/v2@v2.9.0/worker_stack.go:25:0 s=24
   763: 0x41813a M=1 runtime.sendDirect /home/jzh/go/src/runtime/chan.go:402:0 s=392
   764: 0x4542c6 M=1 runtime.casgstatus /home/jzh/go/src/runtime/proc.go:1340:0 s=1277
   765: 0x41f2a0 M=1 runtime.lock2 /home/jzh/go/src/runtime/lock_spinbit.go:209:0 s=155
   766: 0x41f55e M=1 runtime.lock2 /home/jzh/go/src/runtime/lock_spinbit.go:202:0 s=155
   767: 0x4540c1 M=1 runtime.casgstatus /home/jzh/go/src/runtime/proc.go:1277:0 s=1277
   768: 0x41f204 M=1 runtime.lock2 /home/jzh/go/src/runtime/lock_spinbit.go:170:0 s=155
   769: 0x5d0211 M=1 sync/atomic.(*Int32).Add /home/jzh/go/src/sync/atomic/type.go:94:0 s=94
             sync.(*RWMutex).RUnlock /home/jzh/go/src/sync/rwmutex.go:120:0 s=114
             github.com/jzhang405/NexKV/internal/infrastructure/concurrency.(*AntsDefaultExecutor).Submit /home/jzh/ws/go/src/github.com/jzhang405/NexKV/internal/infrastructure/concurrency/executor_ants.go:35:0 s=28
   770: 0x41f032 M=1 runtime.semasleep /home/jzh/go/src/runtime/lock_futex.go:147:0 s=139
   771: 0x42346b M=1 runtime.add /home/jzh/go/src/runtime/stubs.go:25:0 s=24
             runtime.(*mspan).writeHeapBitsSmall /home/jzh/go/src/runtime/mbitmap.go:669:0 s=624
   772: 0x45414e M=1 internal/runtime/atomic.(*Uint32).CompareAndSwap /home/jzh/go/src/internal/runtime/atomic/types.go:236:0 s=235
             runtime.casgstatus /home/jzh/go/src/runtime/proc.go:1295:0 s=1277
   773: 0x45764e M=1 runtime.execute /home/jzh/go/src/runtime/proc.go:3342:0 s=3331
   774: 0x431d29 M=1 runtime.scanblock /home/jzh/go/src/runtime/mgcmark.go:1489:0 s=1479
   775: 0x475929 M=1 runtime.(*unwinder).next /home/jzh/go/src/runtime/traceback.go:497:0 s=441
   776: 0x42d7a5 M=1 runtime.gcShouldScheduleWorker /home/jzh/go/src/runtime/mgc.go:1920:0 s=1919
   777: 0x435bf6 M=1 runtime.(*gcControllerState).assignWaitingGCWorker /home/jzh/go/src/runtime/mgcpacer.go:773:0 s=764
   778: 0x435e77 M=1 runtime.(*gcControllerState).findRunnableGCWorker /home/jzh/go/src/runtime/mgcpacer.go:875:0 s=861
   779: 0x4578e9 M=1 runtime.findRunnable /home/jzh/go/src/runtime/proc.go:3433:0 s=3389
   780: 0x55bfa4 M=1 github.com/panjf2000/ants/v2.(*workerStack).insert /home/jzh/ws/go/pkg/mod/github.com/panjf2000/ants/v2@v2.9.0/worker_stack.go:25:0 s=24
   781: 0x5d0217 M=1 github.com/jzhang405/NexKV/internal/infrastructure/concurrency.(*AntsDefaultExecutor).Submit /home/jzh/ws/go/src/github.com/jzhang405/NexKV/internal/infrastructure/concurrency/executor_ants.go:34:0 s=28
   782: 0x4540d1 M=1 runtime.casgstatus /home/jzh/go/src/runtime/proc.go:1278:0 s=1277
   783: 0x459d79 M=1 runtime.traceLocker.ok /home/jzh/go/src/runtime/traceruntime.go:251:0 s=250
             runtime.goschedImpl /home/jzh/go/src/runtime/proc.go:4315:0 s=4307
   784: 0x4188b0 M=1 runtime.(*waitq).dequeue /home/jzh/go/src/runtime/chan.go:887:0 s=886
             runtime.chanrecv /home/jzh/go/src/runtime/chan.go:602:0 s=524
   785: 0x491145 M=1 runtime.osyield /home/jzh/go/src/runtime/sys_linux_amd64.s:667:0 s=665
   786: 0x45785c M=1 runtime.findRunnable /home/jzh/go/src/runtime/proc.go:3407:0 s=3389
   787: 0x459dea M=1 runtime.dropg /home/jzh/go/src/runtime/proc.go:4244:0 s=4240
             runtime.goschedImpl /home/jzh/go/src/runtime/proc.go:4330:0 s=4307
   788: 0x454230 M=1 runtime.casgstatus /home/jzh/go/src/runtime/proc.go:1316:0 s=1277
   789: 0x454126 M=1 runtime.casgstatus /home/jzh/go/src/runtime/proc.go:1287:0 s=1277
   790: 0x432deb M=1 runtime.tryDeferToSpanScan /home/jzh/go/src/runtime/mgcmark_greenteagc.go:271:0 s=264
   791: 0x4346c8 M=1 runtime.scanObjectsSmall /home/jzh/go/src/runtime/mgcmark_greenteagc.go:1055:0 s=1015
   792: 0x45413d M=1 runtime.casgstatus /home/jzh/go/src/runtime/proc.go:1278:0 s=1277
   793: 0x45976b M=1 runtime.schedule /home/jzh/go/src/runtime/proc.go:4135:0 s=4135
   794: 0x459e81 M=1 runtime.goschedImpl /home/jzh/go/src/runtime/proc.go:4338:0 s=4307
   795: 0x559f92 M=1 github.com/panjf2000/ants/v2/internal/sync.(*spinLock).Lock /home/jzh/ws/go/pkg/mod/github.com/panjf2000/ants/v2@v2.9.0/internal/sync/spinlock.go:19:0 s=17
   796: 0x41f307 M=1 runtime.lock2 /home/jzh/go/src/runtime/lock_spinbit.go:221:0 s=155
   797: 0x459cd7 M=1 runtime.traceAcquire /home/jzh/go/src/runtime/traceruntime.go:189:0 s=188
             runtime.goschedImpl /home/jzh/go/src/runtime/proc.go:4309:0 s=4307
   798: 0x421112 M=1 runtime.nextFreeFast /home/jzh/go/src/runtime/malloc.go:1022:0 s=1021
             runtime.mallocgcSmallScanNoHeader /home/jzh/go/src/runtime/malloc.go:1579:0 s=1555
   799: 0x490c10 M=1 runtime.nanotime1 /home/jzh/go/src/runtime/sys_linux_amd64.s:291:0 s=223
   800: 0x45899b M=1 runtime.findRunnable /home/jzh/go/src/runtime/proc.go:3470:0 s=3389
   801: 0x55b145 M=1 github.com/panjf2000/ants/v2.(*Pool).nowTime /home/jzh/ws/go/pkg/mod/github.com/panjf2000/ants/v2@v2.9.0/pool.go:160:0 s=159
             github.com/panjf2000/ants/v2.(*Pool).revertWorker /home/jzh/ws/go/pkg/mod/github.com/panjf2000/ants/v2@v2.9.0/pool.go:378:0 s=372
   802: 0x459d30 M=1 runtime.goschedImpl /home/jzh/go/src/runtime/proc.go:4309:0 s=4307
   803: 0x45392d M=1 runtime.ready /home/jzh/go/src/runtime/proc.go:1137:0 s=1120
   804: 0x47588e M=1 runtime.(*unwinder).next /home/jzh/go/src/runtime/traceback.go:443:0 s=441
   805: 0x48634b M=1 runtime.findObject /home/jzh/go/src/runtime/mbitmap.go:1372:0 s=1361
   806: 0x5dd07d M=1 github.com/jzhang405/NexKV/internal/infrastructure/concurrency.simulateTransportTask /home/jzh/ws/go/src/github.com/jzhang405/NexKV/internal/infrastructure/concurrency/executor_comparison_benchmark_test.go:24:0 s=22
   807: 0x45799e M=1 runtime.unlockWithRank /home/jzh/go/src/runtime/lockrank_off.go:35:0 s=34
             runtime.unlock /home/jzh/go/src/runtime/lock_spinbit.go:261:0 s=260
             runtime.findRunnable /home/jzh/go/src/runtime/proc.go:3446:0 s=3389
   808: 0x42124c M=1 runtime.mallocgcSmallScanNoHeader /home/jzh/go/src/runtime/malloc.go:1592:0 s=1555
   809: 0x55b368 M=1 github.com/panjf2000/ants/v2.(*goWorker).run.func1 /home/jzh/ws/go/pkg/mod/github.com/panjf2000/ants/v2@v2.9.0/worker.go:67:0 s=48
   810: 0x48d801 M=1 runtime.mcall /home/jzh/go/src/runtime/asm_amd64.s:458:0 s=458
   811: 0x418732 M=1 runtime.chanrecv2 /home/jzh/go/src/runtime/chan.go:515:0 s=513
   812: 0x55b05c M=1 github.com/panjf2000/ants/v2.(*Pool).retrieveWorker /home/jzh/ws/go/pkg/mod/github.com/panjf2000/ants/v2@v2.9.0/pool.go:339:0 s=333
   813: 0x41f2ba M=1 runtime.lock2 /home/jzh/go/src/runtime/lock_spinbit.go:214:0 s=155
   814: 0x4211a9 M=1 runtime.mallocgcSmallScanNoHeader /home/jzh/go/src/runtime/malloc.go:1576:0 s=1555
   815: 0x423480 M=1 runtime.(*mspan).writeHeapBitsSmall /home/jzh/go/src/runtime/mbitmap.go:670:0 s=624
   816: 0x41f19c M=1 runtime.lock2 /home/jzh/go/src/runtime/lock_spinbit.go:157:0 s=155
   817: 0x418bee M=1 runtime.chanrecv /home/jzh/go/src/runtime/chan.go:670:0 s=524
   818: 0x5dd0bc M=1 github.com/jzhang405/NexKV/internal/infrastructure/concurrency.simulateTransportTask /home/jzh/ws/go/src/github.com/jzhang405/NexKV/internal/infrastructure/concurrency/executor_comparison_benchmark_test.go:32:0 s=22
   819: 0x4537f5 M=1 runtime.(*m).clearAllpSnapshot /home/jzh/go/src/runtime/proc.go:1099:0 s=1097
   820: 0x5d01e3 M=1 sync/atomic.(*Int32).Add /home/jzh/go/src/sync/atomic/type.go:94:0 s=94
             sync.(*RWMutex).RLock /home/jzh/go/src/sync/rwmutex.go:72:0 s=67
             github.com/jzhang405/NexKV/internal/infrastructure/concurrency.(*AntsDefaultExecutor).Submit /home/jzh/ws/go/src/github.com/jzhang405/NexKV/internal/infrastructure/concurrency/executor_ants.go:33:0 s=28
   821: 0x41f67d M=1 runtime.unlock2 /home/jzh/go/src/runtime/lock_spinbit.go:275:0 s=267
   822: 0x417e06 M=1 runtime.chansend.func1 /home/jzh/go/src/runtime/chan.go:232:0 s=232
   823: 0x55b34a M=1 github.com/panjf2000/ants/v2.(*goWorker).run.func1 /home/jzh/ws/go/pkg/mod/github.com/panjf2000/ants/v2@v2.9.0/worker.go:63:0 s=48
   824: 0x559f6f M=1 github.com/panjf2000/ants/v2/internal/sync.(*spinLock).Lock /home/jzh/ws/go/pkg/mod/github.com/panjf2000/ants/v2@v2.9.0/internal/sync/spinlock.go:21:0 s=17
   825: 0x48d847 M=1 runtime.mcall /home/jzh/go/src/runtime/asm_amd64.s:493:0 s=458
   826: 0x41f6e5 M=1 runtime.unlock2 /home/jzh/go/src/runtime/lock_spinbit.go:322:0 s=267
   827: 0x48d7e0 M=1 runtime.gogo /home/jzh/go/src/runtime/asm_amd64.s:436:0 s=435
   828: 0x41f865 M=1 runtime.unlock2Wake /home/jzh/go/src/runtime/lock_spinbit.go:383:0 s=345
   829: 0x41f213 M=1 runtime.lock2 /home/jzh/go/src/runtime/lock_spinbit.go:199:0 s=155
   830: 0x459b78 M=1 runtime.park_m /home/jzh/go/src/runtime/proc.go:4283:0 s=4253
   831: 0x43223d M=1 runtime.(*mspan).base /home/jzh/go/src/runtime/mheap.go:519:0 s=518
             runtime.greyobject /home/jzh/go/src/runtime/mgcmark.go:1670:0 s=1639
   832: 0x4346fc M=1 runtime.scanObjectsSmall /home/jzh/go/src/runtime/mgcmark_greenteagc.go:1057:0 s=1015
   833: 0x55bf8a M=1 github.com/panjf2000/ants/v2.(*workerStack).insert /home/jzh/ws/go/pkg/mod/github.com/panjf2000/ants/v2@v2.9.0/worker_stack.go:24:0 s=24
   834: 0x48d164 M=1 gcWriteBarrier /home/jzh/go/src/runtime/asm_amd64.s:1825:0 s=1813
   835: 0x432dab M=1 runtime.tryDeferToSpanScan /home/jzh/go/src/runtime/mgcmark_greenteagc.go:264:0 s=264
   836: 0x5d031d M=1 github.com/jzhang405/NexKV/internal/infrastructure/concurrency.(*AntsDefaultExecutor).Submit.func1 /home/jzh/ws/go/src/github.com/jzhang405/NexKV/internal/infrastructure/concurrency/executor_ants.go:42:0 s=41
   837: 0x4543f6 M=1 runtime.nanotime /home/jzh/go/src/runtime/time_nofake.go:33:0 s=32
             runtime.casgstatus /home/jzh/go/src/runtime/proc.go:1373:0 s=1277
   838: 0x459880 M=1 runtime.schedule /home/jzh/go/src/runtime/proc.go:4198:0 s=4135
   839: 0x5d0287 M=1 github.com/panjf2000/ants/v2.Submit /home/jzh/ws/go/pkg/mod/github.com/panjf2000/ants/v2@v2.9.0/ants.go:109:0 s=108
             github.com/jzhang405/NexKV/internal/infrastructure/concurrency.(*AntsDefaultExecutor).Submit /home/jzh/ws/go/src/github.com/jzhang405/NexKV/internal/infrastructure/concurrency/executor_ants.go:41:0 s=28
   840: 0x55c086 M=1 github.com/panjf2000/ants/v2.(*workerStack).detach /home/jzh/ws/go/pkg/mod/github.com/panjf2000/ants/v2@v2.9.0/worker_stack.go:29:0 s=29
   841: 0x485c44 M=1 runtime.mallocgc /home/jzh/go/src/runtime/malloc.go:1251:0 s=1119
   842: 0x421116 M=1 runtime.nextFreeFast /home/jzh/go/src/runtime/malloc.go:1022:0 s=1021
             runtime.mallocgcSmallScanNoHeader /home/jzh/go/src/runtime/malloc.go:1579:0 s=1555
   843: 0x419135 M=1 runtime.chanparkcommit /home/jzh/go/src/runtime/chan.go:765:0 s=748
   844: 0x457721 M=1 runtime.execute /home/jzh/go/src/runtime/proc.go:3372:0 s=3331
   845: 0x41f8c5 M=1 runtime.unlock2Wake /home/jzh/go/src/runtime/lock_spinbit.go:466:0 s=345
   846: 0x41d26a M=1 runtime.(*timeHistogram).record /home/jzh/go/src/runtime/histogram.go:133:0 s=105
   847: 0x48d84f M=1 runtime.mcall /home/jzh/go/src/runtime/asm_amd64.s:495:0 s=458
   848: 0x459d74 M=1 runtime.goschedImpl /home/jzh/go/src/runtime/proc.go:4325:0 s=4307
   849: 0x439597 M=1 runtime.(*sweepLocker).tryAcquire /home/jzh/go/src/runtime/mgcsweep.go:347:0 s=342
   850: 0x4396de M=1 runtime.sweepone /home/jzh/go/src/runtime/mgcsweep.go:393:0 s=359
   851: 0x417e0e M=1 runtime.chansend.func1 /home/jzh/go/src/runtime/chan.go:232:0 s=232
   852: 0x418c88 M=1 runtime.chanrecv /home/jzh/go/src/runtime/chan.go:682:0 s=524
   853: 0x487e9c M=1 internal/runtime/atomic.(*Int32).CompareAndSwap /home/jzh/go/src/internal/runtime/atomic/types.go:37:0 s=36
             runtime.wakep /home/jzh/go/src/runtime/proc.go:3215:0 s=3212
   854: 0x421177 M=1 runtime.nextFreeFast /home/jzh/go/src/runtime/malloc.go:1032:0 s=1021
             runtime.mallocgcSmallScanNoHeader /home/jzh/go/src/runtime/malloc.go:1579:0 s=1555
   855: 0x5d0252 M=1 github.com/jzhang405/NexKV/internal/infrastructure/concurrency.(*AntsDefaultExecutor).Submit /home/jzh/ws/go/src/github.com/jzhang405/NexKV/internal/infrastructure/concurrency/executor_ants.go:41:0 s=28
   856: 0x418a85 M=1 runtime.chanrecv /home/jzh/go/src/runtime/chan.go:651:0 s=524
   857: 0x458a40 M=1 runtime.runqget /home/jzh/go/src/runtime/proc.go:7610:0 s=7598
             runtime.findRunnable /home/jzh/go/src/runtime/proc.go:3469:0 s=3389
   858: 0x48d812 M=1 runtime.mcall /home/jzh/go/src/runtime/asm_amd64.s:474:0 s=458
   859: 0x418cb8 M=1 runtime.(*maybeTraceablePtr).set /home/jzh/go/src/runtime/runtime2.go:360:0 s=359
             runtime.(*maybeTraceableChan).set /home/jzh/go/src/runtime/runtime2.go:388:0 s=387
             runtime.chanrecv /home/jzh/go/src/runtime/chan.go:683:0 s=524
   860: 0x55aeca M=1 github.com/panjf2000/ants/v2.(*Pool).retrieveWorker /home/jzh/ws/go/pkg/mod/github.com/panjf2000/ants/v2@v2.9.0/pool.go:333:0 s=333
   861: 0x48d80e M=1 runtime.mcall /home/jzh/go/src/runtime/asm_amd64.s:473:0 s=458
   862: 0x55ac86 M=1 github.com/panjf2000/ants/v2.(*Pool).Submit /home/jzh/ws/go/pkg/mod/github.com/panjf2000/ants/v2@v2.9.0/pool.go:217:0 s=217
   863: 0x423468 M=1 runtime.(*mspan).writeHeapBitsSmall /home/jzh/go/src/runtime/mbitmap.go:670:0 s=624
   864: 0x459cf6 M=1 runtime.traceAcquire /home/jzh/go/src/runtime/traceruntime.go:189:0 s=188
             runtime.goschedImpl /home/jzh/go/src/runtime/proc.go:4309:0 s=4307
   865: 0x41f5f2 M=1 runtime.unlock2 /home/jzh/go/src/runtime/lock_spinbit.go:268:0 s=267
   866: 0x423c0c M=1 runtime.typeBitsBulkBarrier /home/jzh/go/src/runtime/mbitmap.go:1487:0 s=1462
   867: 0x460ac7 M=1 runtime.(*gQueue).pop /home/jzh/go/src/runtime/proc.go:7806:0 s=7802
             runtime.globrunqgetbatch /home/jzh/go/src/runtime/proc.go:7302:0 s=7293
   868: 0x41f698 M=1 runtime.unlock2 /home/jzh/go/src/runtime/lock_spinbit.go:317:0 s=267
   869: 0x417682 M=1 runtime.makechan /home/jzh/go/src/runtime/chan.go:110:0 s=75
   870: 0x55ac09 M=1 github.com/panjf2000/ants/v2.NewPool.func1 /home/jzh/ws/go/pkg/mod/github.com/panjf2000/ants/v2@v2.9.0/pool.go:191:0 s=188
   871: 0x494350 M=1 sync.(*Pool).Get /home/jzh/go/src/sync/pool.go:155:0 s=131
   872: 0x41e888 M=1 runtime.(*lfstack).pop /home/jzh/go/src/runtime/lfstack.go:44:0 s=36
   873: 0x457893 M=1 internal/runtime/atomic.(*Bool).Load /home/jzh/go/src/internal/runtime/atomic/types.go:168:0 s=167
             runtime.traceShuttingDown /home/jzh/go/src/runtime/traceruntime.go:165:0 s=164
             runtime.findRunnable /home/jzh/go/src/runtime/proc.go:3418:0 s=3389
   874: 0x41f982 M=1 runtime.semawakeup /home/jzh/go/src/runtime/lock_futex.go:159:0 s=158
             runtime.unlock2Wake /home/jzh/go/src/runtime/lock_spinbit.go:461:0 s=345
   875: 0x4233d2 M=1 runtime.(*mspan).writeHeapBitsSmall /home/jzh/go/src/runtime/mbitmap.go:657:0 s=624
   876: 0x417861 M=1 runtime.chansend /home/jzh/go/src/runtime/chan.go:177:0 s=176
   877: 0x459de2 M=1 runtime.(*muintptr).set /home/jzh/go/src/runtime/runtime2.go:292:0 s=292
             runtime.setMNoWB /home/jzh/go/src/runtime/runtime2.go:300:0 s=299
             runtime.dropg /home/jzh/go/src/runtime/proc.go:4243:0 s=4240
             runtime.goschedImpl /home/jzh/go/src/runtime/proc.go:4330:0 s=4307
   878: 0x4575fb M=1 runtime.execute /home/jzh/go/src/runtime/proc.go:3332:0 s=3331
   879: 0x487efa M=1 internal/runtime/atomic.(*Int32).Add /home/jzh/go/src/internal/runtime/atomic/types.go:56:0 s=55
             runtime.wakep /home/jzh/go/src/runtime/proc.go:3230:0 s=3212
   880: 0x460f85 M=1 runtime.(*guintptr).cas /home/jzh/go/src/runtime/runtime2.go:252:0 s=251
             runtime.runqput /home/jzh/go/src/runtime/proc.go:7497:0 s=7478
   881: 0x485b50 M=1 runtime.mallocgc /home/jzh/go/src/runtime/malloc.go:1148:0 s=1119
   882: 0x472220 M=1 runtime.(*timers).check /home/jzh/go/src/runtime/time.go:1009:0 s=1009
   883: 0x41f25e M=1 runtime.lock2 /home/jzh/go/src/runtime/lock_spinbit.go:199:0 s=155
   884: 0x457853 M=1 runtime.findRunnable /home/jzh/go/src/runtime/proc.go:3407:0 s=3389
   885: 0x418000 M=1 runtime.send.goready.func1 /home/jzh/go/src/runtime/proc.go:482:0 s=482
   886: 0x4522d8 M=1 runtime.unlockWithRank /home/jzh/go/src/runtime/lockrank_off.go:35:0 s=34
             runtime.unlock /home/jzh/go/src/runtime/lock_spinbit.go:261:0 s=260
             runtime.acquireSudog /home/jzh/go/src/runtime/proc.go:508:0 s=488
   887: 0x5d0306 M=1 github.com/jzhang405/NexKV/internal/infrastructure/concurrency.(*AntsDefaultExecutor).Submit.func1 /home/jzh/ws/go/src/github.com/jzhang405/NexKV/internal/infrastructure/concurrency/executor_ants.go:41:0 s=41
   888: 0x559f97 M=1 github.com/panjf2000/ants/v2/internal/sync.(*spinLock).Lock /home/jzh/ws/go/pkg/mod/github.com/panjf2000/ants/v2@v2.9.0/internal/sync/spinlock.go:19:0 s=17
   889: 0x5dd0ad M=1 github.com/jzhang405/NexKV/internal/infrastructure/concurrency.simulateTransportTask /home/jzh/ws/go/src/github.com/jzhang405/NexKV/internal/infrastructure/concurrency/executor_comparison_benchmark_test.go:25:0 s=22
   890: 0x459e63 M=1 runtime.(*gQueue).pushBack /home/jzh/go/src/runtime/proc.go:7776:0 s=7773
             runtime.globrunqput /home/jzh/go/src/runtime/proc.go:7252:0 s=7249
             runtime.goschedImpl /home/jzh/go/src/runtime/proc.go:4337:0 s=4307
   891: 0x421255 M=1 runtime.mallocgcSmallScanNoHeader /home/jzh/go/src/runtime/malloc.go:1583:0 s=1555
   892: 0x4434c6 M=1 runtime.(*pageCache).alloc /home/jzh/go/src/runtime/mpagecache.go:37:0 s=37
   893: 0x43d164 M=1 runtime.(*mheap).allocSpan /home/jzh/go/src/runtime/mheap.go:1250:0 s=1224
   894: 0x43cd1b M=1 runtime.(*mheap).alloc.func1 /home/jzh/go/src/runtime/mheap.go:1017:0 s=1011
   895: 0x43cc76 M=1 runtime.(*mheap).alloc /home/jzh/go/src/runtime/mheap.go:1011:0 s=1006
   896: 0x55b353 M=1 github.com/panjf2000/ants/v2.(*goWorker).run.func1 /home/jzh/ws/go/pkg/mod/github.com/panjf2000/ants/v2@v2.9.0/worker.go:63:0 s=48
   897: 0x435e21 M=1 runtime.(*gcControllerState).findRunnableGCWorker /home/jzh/go/src/runtime/mgcpacer.go:874:0 s=861
   898: 0x417f30 M=1 runtime.send /home/jzh/go/src/runtime/chan.go:345:0 s=318
   899: 0x432dc9 M=1 runtime.arenaIndex /home/jzh/go/src/runtime/mheap.go:616:0 s=615
             runtime.heapArenaOf /home/jzh/go/src/runtime/mheap.go:767:0 s=766
             runtime.tryDeferToSpanScan /home/jzh/go/src/runtime/mgcmark_greenteagc.go:270:0 s=264
   900: 0x459840 M=1 runtime.schedule /home/jzh/go/src/runtime/proc.go:4181:0 s=4135
   901: 0x41f5fe M=1 runtime.mutexSampleContention /home/jzh/go/src/runtime/lock_spinbit.go:330:0 s=329
             runtime.unlock2 /home/jzh/go/src/runtime/lock_spinbit.go:273:0 s=267
   902: 0x459d7e M=1 runtime.traceLocker.ok /home/jzh/go/src/runtime/traceruntime.go:251:0 s=250
             runtime.goschedImpl /home/jzh/go/src/runtime/proc.go:4315:0 s=4307
   903: 0x472286 M=1 internal/runtime/atomic.(*Int32).Load /home/jzh/go/src/internal/runtime/atomic/types.go:21:0 s=20
             runtime.(*timers).check /home/jzh/go/src/runtime/time.go:1026:0 s=1009
   904: 0x47225b M=1 runtime.(*timers).wakeTime /home/jzh/go/src/runtime/time.go:993:0 s=985
             runtime.(*timers).check /home/jzh/go/src/runtime/time.go:1013:0 s=1009
   905: 0x5d0292 M=1 github.com/jzhang405/NexKV/internal/infrastructure/concurrency.(*AntsDefaultExecutor).Submit /home/jzh/ws/go/src/github.com/jzhang405/NexKV/internal/infrastructure/concurrency/executor_ants.go:41:0 s=28
   906: 0x5dd5f6 M=1 github.com/jzhang405/NexKV/internal/infrastructure/concurrency.BenchmarkPerCoreVsAnts_Transport_Throughput.func3.1 /home/jzh/ws/go/src/github.com/jzhang405/NexKV/internal/infrastructure/concurrency/executor_comparison_benchmark_test.go:121:0 s=119
   907: 0x4576da M=1 runtime.execute /home/jzh/go/src/runtime/proc.go:3353:0 s=3331
   908: 0x4579ce M=1 runtime.findRunnable /home/jzh/go/src/runtime/proc.go:3453:0 s=3389
   909: 0x4722e1 M=1 runtime.(*timers).check /home/jzh/go/src/runtime/time.go:1032:0 s=1009
   910: 0x5dd078 M=1 github.com/jzhang405/NexKV/internal/infrastructure/concurrency.simulateTransportTask /home/jzh/ws/go/src/github.com/jzhang405/NexKV/internal/infrastructure/concurrency/executor_comparison_benchmark_test.go:24:0 s=22
   911: 0x48f36c M=1 runtime.cputicks /home/jzh/go/src/runtime/asm_amd64.s:1263:0 s=1255
   912: 0x41f3a4 M=1 runtime.lock2 /home/jzh/go/src/runtime/lock_spinbit.go:234:0 s=155
   913: 0x4542b4 M=1 runtime.casgstatus /home/jzh/go/src/runtime/proc.go:1370:0 s=1277
   914: 0x41f1c6 M=1 runtime.lock2 /home/jzh/go/src/runtime/lock_spinbit.go:172:0 s=155
   915: 0x45976e M=1 runtime.schedule /home/jzh/go/src/runtime/proc.go:4135:0 s=4135
   916: 0x458a73 M=1 runtime.findRunnable /home/jzh/go/src/runtime/proc.go:3469:0 s=3389
   917: 0x491140 M=1 runtime.osyield /home/jzh/go/src/runtime/sys_linux_amd64.s:666:0 s=665
   918: 0x454419 M=1 runtime.casgstatus /home/jzh/go/src/runtime/proc.go:1331:0 s=1277
   919: 0x472336 M=1 runtime.(*timers).check /home/jzh/go/src/runtime/time.go:1016:0 s=1009
   920: 0x41910e M=1 runtime.chanparkcommit /home/jzh/go/src/runtime/chan.go:754:0 s=748
   921: 0x48f08f M=1 runtime.procyieldAsm /home/jzh/go/src/runtime/asm_amd64.s:872:0 s=863
   922: 0x47529f M=1 runtime.(*unwinder).initAt /home/jzh/go/src/runtime/traceback.go:168:0 s=133
   923: 0x430c79 M=1 runtime.(*unwinder).init /home/jzh/go/src/runtime/traceback.go:130:0 s=123
             runtime.scanstack /home/jzh/go/src/runtime/mgcmark.go:972:0 s=904
   924: 0x48b6fc M=1 runtime.findfunc /home/jzh/go/src/runtime/symtab.go:945:0 s=923
   925: 0x4758ab M=1 runtime.(*unwinder).next /home/jzh/go/src/runtime/traceback.go:451:0 s=441
   926: 0x44a027 M=1 runtime.wbBufFlush1 /home/jzh/go/src/runtime/mwbbuf.go:230:0 s=195
   927: 0x45766c M=1 runtime.execute /home/jzh/go/src/runtime/proc.go:3343:0 s=3331
   928: 0x470273 M=1 runtime.pcdatavalue /home/jzh/go/src/runtime/symtab.go:1245:0 s=1240
   929: 0x46d0a4 M=1 runtime.(*stkframe).getStackMap /home/jzh/go/src/runtime/stkframe.go:172:0 s=157
   930: 0x43120e M=1 runtime.scanframeworker /home/jzh/go/src/runtime/mgcmark.go:1118:0 s=1069
   931: 0x431214 M=1 runtime.scanframeworker /home/jzh/go/src/runtime/mgcmark.go:1118:0 s=1069
   932: 0x417890 M=1 runtime.chansend /home/jzh/go/src/runtime/chan.go:218:0 s=176
   933: 0x459816 M=1 runtime.schedule /home/jzh/go/src/runtime/proc.go:4164:0 s=4135
   934: 0x55c039 M=1 github.com/panjf2000/ants/v2.(*workerStack).insert /home/jzh/ws/go/pkg/mod/github.com/panjf2000/ants/v2@v2.9.0/worker_stack.go:25:0 s=24
   935: 0x423b06 M=1 runtime.typeBitsBulkBarrier /home/jzh/go/src/runtime/mbitmap.go:1470:0 s=1462
   936: 0x41f856 M=1 runtime.unlock2Wake /home/jzh/go/src/runtime/lock_spinbit.go:382:0 s=345
   937: 0x48bae6 M=1 time.runtimeNano /home/jzh/go/src/runtime/time.go:33:0 s=33
   938: 0x5dd066 M=1 github.com/jzhang405/NexKV/internal/infrastructure/concurrency.simulateTransportTask /home/jzh/ws/go/src/github.com/jzhang405/NexKV/internal/infrastructure/concurrency/executor_comparison_benchmark_test.go:22:0 s=22
   939: 0x45435f M=1 runtime.casgstatus /home/jzh/go/src/runtime/proc.go:1346:0 s=1277
   940: 0x55aedf M=1 github.com/panjf2000/ants/v2.(*Pool).retrieveWorker /home/jzh/ws/go/pkg/mod/github.com/panjf2000/ants/v2@v2.9.0/pool.go:334:0 s=333
   941: 0x417f82 M=1 runtime.goready /home/jzh/go/src/runtime/proc.go:482:0 s=481
             runtime.send /home/jzh/go/src/runtime/chan.go:350:0 s=318
   942: 0x4579c8 M=1 internal/runtime/atomic.(*Uint32).Load /home/jzh/go/src/internal/runtime/atomic/types.go:194:0 s=193
             runtime.findRunnable /home/jzh/go/src/runtime/proc.go:3453:0 s=3389
   943: 0x457693 M=1 runtime.execute /home/jzh/go/src/runtime/proc.go:3346:0 s=3331
   944: 0x48f959 M=1 runtime.memclrNoHeapPointers /home/jzh/go/src/runtime/memclr_amd64.s:28:0 s=15
   945: 0x48d8b2 M=1 runtime.systemstack /home/jzh/go/src/runtime/asm_amd64.s:555:0 s=520
   946: 0x452201 M=1 runtime.acquireSudog /home/jzh/go/src/runtime/proc.go:504:0 s=488
   947: 0x41f800 M=1 runtime.cheaprand /home/jzh/go/src/runtime/rand.go:236:0 s=227
             runtime.cheaprandn /home/jzh/go/src/runtime/rand.go:293:0 s=291
             runtime.unlock2Wake /home/jzh/go/src/runtime/lock_spinbit.go:350:0 s=345
   948: 0x5d031f M=1 github.com/jzhang405/NexKV/internal/infrastructure/concurrency.(*AntsDefaultExecutor).Submit.func1 /home/jzh/ws/go/src/github.com/jzhang405/NexKV/internal/infrastructure/concurrency/executor_ants.go:43:0 s=41
   949: 0x452106 M=1 runtime.acquireSudog /home/jzh/go/src/runtime/proc.go:499:0 s=488
   950: 0x55c0de M=1 github.com/panjf2000/ants/v2.(*workerStack).detach /home/jzh/ws/go/pkg/mod/github.com/panjf2000/ants/v2@v2.9.0/worker_stack.go:39:0 s=29
   951: 0x41f6d2 M=1 runtime.unlock2 /home/jzh/go/src/runtime/lock_spinbit.go:319:0 s=267
   952: 0x55b141 M=1 github.com/panjf2000/ants/v2.(*Pool).nowTime /home/jzh/ws/go/pkg/mod/github.com/panjf2000/ants/v2@v2.9.0/pool.go:160:0 s=159
             github.com/panjf2000/ants/v2.(*Pool).revertWorker /home/jzh/ws/go/pkg/mod/github.com/panjf2000/ants/v2@v2.9.0/pool.go:378:0 s=372
   953: 0x41f263 M=1 runtime.lock2 /home/jzh/go/src/runtime/lock_spinbit.go:199:0 s=155
   954: 0x42111a M=1 runtime.nextFreeFast /home/jzh/go/src/runtime/malloc.go:1022:0 s=1021
             runtime.mallocgcSmallScanNoHeader /home/jzh/go/src/runtime/malloc.go:1579:0 s=1555
   955: 0x4210f1 M=1 runtime.bool2int /home/jzh/go/src/runtime/stubs.go:403:0 s=400
             runtime.makeSpanClass /home/jzh/go/src/runtime/mheap.go:590:0 s=589
             runtime.mallocgcSmallScanNoHeader /home/jzh/go/src/runtime/malloc.go:1577:0 s=1555
   956: 0x5dd5f1 M=1 testing.(*PB).Next /home/jzh/go/src/testing/benchmark.go:923:0 s=922
             github.com/jzhang405/NexKV/internal/infrastructure/concurrency.BenchmarkPerCoreVsAnts_Transport_Throughput.func3.1 /home/jzh/ws/go/src/github.com/jzhang405/NexKV/internal/infrastructure/concurrency/executor_comparison_benchmark_test.go:120:0 s=119
   957: 0x55c0c8 M=1 github.com/panjf2000/ants/v2.(*workerStack).detach /home/jzh/ws/go/pkg/mod/github.com/panjf2000/ants/v2@v2.9.0/worker_stack.go:36:0 s=29
   958: 0x4acfd0 M=1 time.Now /home/jzh/go/src/time/time.go:1360:0 s=1347
   959: 0x459e96 M=1 runtime.goschedImpl /home/jzh/go/src/runtime/proc.go:4341:0 s=4307
   960: 0x459d16 M=1 internal/runtime/atomic.(*Uint32).Load /home/jzh/go/src/internal/runtime/atomic/types.go:194:0 s=193
             runtime.readgstatus /home/jzh/go/src/runtime/proc.go:1208:0 s=1207
             runtime.goschedImpl /home/jzh/go/src/runtime/proc.go:4310:0 s=4307
   961: 0x5dd084 M=1 github.com/jzhang405/NexKV/internal/infrastructure/concurrency.simulateTransportTask /home/jzh/ws/go/src/github.com/jzhang405/NexKV/internal/infrastructure/concurrency/executor_comparison_benchmark_test.go:27:0 s=22
   962: 0x559fa7 M=1 github.com/panjf2000/ants/v2/internal/sync.(*spinLock).Lock /home/jzh/ws/go/pkg/mod/github.com/panjf2000/ants/v2@v2.9.0/internal/sync/spinlock.go:28:0 s=17
   963: 0x4189b2 M=1 runtime.chanrecv /home/jzh/go/src/runtime/chan.go:532:0 s=524
   964: 0x46feaa M=1 runtime.pcvalue /home/jzh/go/src/runtime/symtab.go:1046:0 s=1013
   965: 0x47026d M=1 runtime.pcdatavalue /home/jzh/go/src/runtime/symtab.go:1244:0 s=1240
   966: 0x432e41 M=1 runtime.tryDeferToSpanScan /home/jzh/go/src/runtime/mgcmark_greenteagc.go:283:0 s=264
   967: 0x48b661 M=1 runtime.findfunc /home/jzh/go/src/runtime/symtab.go:923:0 s=923
   968: 0x4347c2 M=1 runtime.extractHeapBitsSmall /home/jzh/go/src/runtime/mgcmark_greenteagc.go:1084:0 s=1063
   969: 0x434586 M=1 runtime.scanObjectsSmall /home/jzh/go/src/runtime/mgcmark_greenteagc.go:1029:0 s=1015
   970: 0x432e9a M=1 runtime.tryDeferToSpanScan /home/jzh/go/src/runtime/mgcmark_greenteagc.go:287:0 s=264
   971: 0x55c0c4 M=1 github.com/panjf2000/ants/v2.(*workerStack).detach /home/jzh/ws/go/pkg/mod/github.com/panjf2000/ants/v2@v2.9.0/worker_stack.go:36:0 s=29
   972: 0x46c039 M=1 runtime.gopreempt_m /home/jzh/go/src/runtime/proc.go:4362:0 s=4361
             runtime.newstack /home/jzh/go/src/runtime/stack.go:1145:0 s=1026
   973: 0x48d9dc M=1 runtime.morestack /home/jzh/go/src/runtime/asm_amd64.s:681:0 s=628
   974: 0x417e14 M=1 runtime.chansend.func1 /home/jzh/go/src/runtime/chan.go:232:0 s=232
   975: 0x55b112 M=1 sync/atomic.(*Value).Load /home/jzh/go/src/sync/atomic/value.go:37:0 s=28
             github.com/panjf2000/ants/v2.(*Pool).nowTime /home/jzh/ws/go/pkg/mod/github.com/panjf2000/ants/v2@v2.9.0/pool.go:160:0 s=159
             github.com/panjf2000/ants/v2.(*Pool).revertWorker /home/jzh/ws/go/pkg/mod/github.com/panjf2000/ants/v2@v2.9.0/pool.go:378:0 s=372
   976: 0x4542bd M=1 runtime.casgstatus /home/jzh/go/src/runtime/proc.go:1330:0 s=1277
   977: 0x4611ff M=1 runtime.(*gQueue).pop /home/jzh/go/src/runtime/proc.go:7809:0 s=7802
             runtime.runqputbatch /home/jzh/go/src/runtime/proc.go:7573:0 s=7565
   978: 0x5dd5fb M=1 github.com/jzhang405/NexKV/internal/infrastructure/concurrency.BenchmarkPerCoreVsAnts_Transport_Throughput.func3.1 /home/jzh/ws/go/src/github.com/jzhang405/NexKV/internal/infrastructure/concurrency/executor_comparison_benchmark_test.go:121:0 s=119
   979: 0x457ab6 M=1 runtime.findRunnable /home/jzh/go/src/runtime/proc.go:3464:0 s=3389
   980: 0x48fd93 M=1 runtime.memmove /home/jzh/go/src/runtime/memmove_amd64.s:191:0 s=35
   981: 0x418148 M=1 runtime.sendDirect /home/jzh/go/src/runtime/chan.go:402:0 s=392
   982: 0x418a02 M=1 runtime.(*maybeTraceablePtr).set /home/jzh/go/src/runtime/runtime2.go:360:0 s=359
             runtime.chanrecv /home/jzh/go/src/runtime/chan.go:645:0 s=524
   983: 0x4210e5 M=1 runtime.makeSpanClass /home/jzh/go/src/runtime/mheap.go:590:0 s=589
             runtime.mallocgcSmallScanNoHeader /home/jzh/go/src/runtime/malloc.go:1577:0 s=1555
   984: 0x559f2a M=1 github.com/panjf2000/ants/v2/internal/sync.(*spinLock).Lock /home/jzh/ws/go/pkg/mod/github.com/panjf2000/ants/v2@v2.9.0/internal/sync/spinlock.go:17:0 s=17
   985: 0x472335 M=1 runtime.(*timers).check /home/jzh/go/src/runtime/time.go:1016:0 s=1009
   986: 0x4540c4 M=1 runtime.casgstatus /home/jzh/go/src/runtime/proc.go:1277:0 s=1277
   987: 0x4520e0 M=1 runtime.acquireSudog /home/jzh/go/src/runtime/proc.go:488:0 s=488
   988: 0x45796c M=1 runtime.(*gQueue).pop /home/jzh/go/src/runtime/proc.go:7805:0 s=7802
             runtime.globrunqget /home/jzh/go/src/runtime/proc.go:7288:0 s=7281
             runtime.findRunnable /home/jzh/go/src/runtime/proc.go:3445:0 s=3389
   989: 0x418ca4 M=1 runtime.chanrecv /home/jzh/go/src/runtime/chan.go:682:0 s=524
   990: 0x48cb06 M=1 gogo /home/jzh/go/src/runtime/asm_amd64.s:450:0 s=441
   991: 0x45394c M=1 runtime.releasem /home/jzh/go/src/runtime/runtime1.go:610:0 s=607
             runtime.ready /home/jzh/go/src/runtime/proc.go:1139:0 s=1120
   992: 0x4543f0 M=1 runtime.casgstatus /home/jzh/go/src/runtime/proc.go:1373:0 s=1277
   993: 0x460f0a M=1 runtime.runqput /home/jzh/go/src/runtime/proc.go:7478:0 s=7478
   994: 0x459ccb M=1 runtime.goschedImpl /home/jzh/go/src/runtime/proc.go:4307:0 s=4307
   995: 0x41f472 M=1 runtime.lock2 /home/jzh/go/src/runtime/lock_spinbit.go:247:0 s=155
   996: 0x42119a M=1 runtime.getMCache /home/jzh/go/src/runtime/mcache.go:143:0 s=139
             runtime.mallocgcSmallScanNoHeader /home/jzh/go/src/runtime/malloc.go:1575:0 s=1555
   997: 0x457989 M=1 runtime.findRunnable /home/jzh/go/src/runtime/proc.go:3445:0 s=3389
   998: 0x43cc26 M=1 runtime.(*mheap).alloc /home/jzh/go/src/runtime/mheap.go:1006:0 s=1006
   999: 0x459780 M=1 runtime.schedule /home/jzh/go/src/runtime/proc.go:4138:0 s=4135
  1000: 0x452ba7 M=1 runtime.forEachG /home/jzh/go/src/runtime/proc.go:733:0 s=731
  1001: 0x42e09d M=1 runtime.gcResetMarkState /home/jzh/go/src/runtime/mgc.go:2116:0 s=2113
  1002: 0x42b07e M=1 runtime.gcStart /home/jzh/go/src/runtime/mgc.go:819:0 s=733
  1003: 0x44a0fd M=1 runtime.(*mspan).markBitsForIndex /home/jzh/go/src/runtime/mgcmark_greenteagc.go:232:0 s=228
             runtime.wbBufFlush1 /home/jzh/go/src/runtime/mwbbuf.go:249:0 s=195
  1004: 0x434705 M=1 runtime.scanObjectsSmall /home/jzh/go/src/runtime/mgcmark_greenteagc.go:1050:0 s=1015
  1005: 0x458a64 M=1 runtime.runqget /home/jzh/go/src/runtime/proc.go:7615:0 s=7598
             runtime.findRunnable /home/jzh/go/src/runtime/proc.go:3469:0 s=3389
  1006: 0x457aac M=1 runtime.findRunnable /home/jzh/go/src/runtime/proc.go:3464:0 s=3389
  1007: 0x5d0300 M=1 github.com/jzhang405/NexKV/internal/infrastructure/concurrency.(*AntsDefaultExecutor).Submit.func1 /home/jzh/ws/go/src/github.com/jzhang405/NexKV/internal/infrastructure/concurrency/executor_ants.go:41:0 s=41
  1008: 0x4acf8e M=1 time.Now /home/jzh/go/src/time/time.go:1352:0 s=1347
  1009: 0x55b5c9 M=1 github.com/panjf2000/ants/v2.(*goWorker).inputFunc /home/jzh/ws/go/pkg/mod/github.com/panjf2000/ants/v2@v2.9.0/worker.go:85:0 s=83
  1010: 0x41f6dc M=1 runtime.unlock2 /home/jzh/go/src/runtime/lock_spinbit.go:322:0 s=267
  1011: 0x487eb5 M=1 runtime.wakep /home/jzh/go/src/runtime/proc.go:3216:0 s=3212
  1012: 0x41f7f7 M=1 runtime.unlock2Wake /home/jzh/go/src/runtime/lock_spinbit.go:352:0 s=345
  1013: 0x4611a7 M=1 runtime.runqputbatch /home/jzh/go/src/runtime/proc.go:7569:0 s=7565
  1014: 0x4575ff M=1 runtime.execute /home/jzh/go/src/runtime/proc.go:3332:0 s=3331
  1015: 0x48cb60 M=1 gosave_systemstack_switch /home/jzh/go/src/runtime/asm_amd64.s:890:0 s=886
  1016: 0x48d8b1 M=1 runtime.systemstack /home/jzh/go/src/runtime/asm_amd64.s:552:0 s=520
  1017: 0x45441e M=1 runtime.casgstatus /home/jzh/go/src/runtime/proc.go:1331:0 s=1277
  1018: 0x4912a9 M=1 time.now /home/jzh/go/src/runtime/time_linux_amd64.s:80:0 s=14
  1019: 0x55b5a6 M=1 github.com/panjf2000/ants/v2.(*goWorker).inputFunc /home/jzh/ws/go/pkg/mod/github.com/panjf2000/ants/v2@v2.9.0/worker.go:83:0 s=83
  1020: 0x41f68e M=1 runtime.unlock2 /home/jzh/go/src/runtime/lock_spinbit.go:314:0 s=267
  1021: 0x490b8b M=1 runtime.nanotime1 /home/jzh/go/src/runtime/sys_linux_amd64.s:245:0 s=223
  1022: 0x487d0e M=1 runtime.gopark /home/jzh/go/src/runtime/proc.go:445:0 s=445
  1023: 0x41f18a M=1 runtime.lock2 /home/jzh/go/src/runtime/lock_spinbit.go:155:0 s=155
  1024: 0x4540db M=1 runtime.casgstatus /home/jzh/go/src/runtime/proc.go:1278:0 s=1277
  1025: 0x459e42 M=1 runtime.(*gQueue).pushBack /home/jzh/go/src/runtime/proc.go:7774:0 s=7773
             runtime.globrunqput /home/jzh/go/src/runtime/proc.go:7252:0 s=7249
             runtime.goschedImpl /home/jzh/go/src/runtime/proc.go:4337:0 s=4307
  1026: 0x45383f M=1 runtime.ready /home/jzh/go/src/runtime/proc.go:1125:0 s=1120
  1027: 0x475754 M=1 runtime.(*unwinder).resolveInternal /home/jzh/go/src/runtime/traceback.go:379:0 s=253
  1028: 0x432e07 M=1 runtime.tryDeferToSpanScan /home/jzh/go/src/runtime/mgcmark_greenteagc.go:275:0 s=264
  1029: 0x418c9c M=1 runtime.chanrecv /home/jzh/go/src/runtime/chan.go:682:0 s=524
  1030: 0x475315 M=1 runtime.(*unwinder).initAt /home/jzh/go/src/runtime/traceback.go:219:0 s=133
  1031: 0x48fb69 M=1 runtime.memclrNoHeapPointers /home/jzh/go/src/runtime/memclr_amd64.s:183:0 s=15
  1032: 0x434659 M=1 runtime.scanObjectsSmall /home/jzh/go/src/runtime/mgcmark_greenteagc.go:1043:0 s=1015
  1033: 0x4232fb M=1 runtime.(*mspan).heapBitsSmallForAddr /home/jzh/go/src/runtime/mbitmap.go:612:0 s=585
  1034: 0x422754 M=1 runtime.(*mspan).typePointersOfUnchecked /home/jzh/go/src/runtime/mbitmap.go:148:0 s=135
  1035: 0x434da4 M=1 runtime.scanObject /home/jzh/go/src/runtime/mgcmark_greenteagc.go:1235:0 s=1187
  1036: 0x42132d M=1 runtime.releasem /home/jzh/go/src/runtime/runtime1.go:610:0 s=607
             runtime.mallocgcSmallScanNoHeader /home/jzh/go/src/runtime/malloc.go:1636:0 s=1555
  1037: 0x460add M=1 runtime.globrunqgetbatch /home/jzh/go/src/runtime/proc.go:7303:0 s=7293
  1038: 0x41f363 M=1 runtime.lock2 /home/jzh/go/src/runtime/lock_spinbit.go:199:0 s=155
  1039: 0x418cda M=1 runtime.chanrecv /home/jzh/go/src/runtime/chan.go:684:0 s=524
  1040: 0x55b0bf M=1 github.com/panjf2000/ants/v2.(*Pool).Running /home/jzh/ws/go/pkg/mod/github.com/panjf2000/ants/v2@v2.9.0/pool.go:231:0 s=230
             github.com/panjf2000/ants/v2.(*Pool).revertWorker /home/jzh/ws/go/pkg/mod/github.com/panjf2000/ants/v2@v2.9.0/pool.go:373:0 s=372
  1041: 0x5d01cd M=1 github.com/jzhang405/NexKV/internal/infrastructure/concurrency.(*AntsDefaultExecutor).Submit /home/jzh/ws/go/src/github.com/jzhang405/NexKV/internal/infrastructure/concurrency/executor_ants.go:29:0 s=28
  1042: 0x4acfba M=1 time.Now /home/jzh/go/src/time/time.go:1360:0 s=1347
  1043: 0x4912ba M=1 time.now /home/jzh/go/src/runtime/time_linux_amd64.s:86:0 s=14
  1044: 0x5dd0a5 M=1 github.com/jzhang405/NexKV/internal/infrastructure/concurrency.simulateTransportTask /home/jzh/ws/go/src/github.com/jzhang405/NexKV/internal/infrastructure/concurrency/executor_comparison_benchmark_test.go:25:0 s=22
  1045: 0x460b37 M=1 runtime.(*gQueue).pushBack /home/jzh/go/src/runtime/proc.go:7774:0 s=7773
             runtime.globrunqgetbatch /home/jzh/go/src/runtime/proc.go:7307:0 s=7293
  1046: 0x48d83a M=1 runtime.mcall /home/jzh/go/src/runtime/asm_amd64.s:491:0 s=458
  1047: 0x41f285 M=1 runtime.lock2 /home/jzh/go/src/runtime/lock_spinbit.go:209:0 s=155
  1048: 0x459d80 M=1 runtime.traceLocker.ok /home/jzh/go/src/runtime/traceruntime.go:251:0 s=250
             runtime.goschedImpl /home/jzh/go/src/runtime/proc.go:4315:0 s=4307
  1049: 0x55b55d M=1 github.com/panjf2000/ants/v2.(*goWorker).finish /home/jzh/ws/go/pkg/mod/github.com/panjf2000/ants/v2@v2.9.0/worker.go:76:0 s=75
  1050: 0x55a274 M=1 github.com/panjf2000/ants/v2.(*Pool).purgeStaleWorkers /home/jzh/ws/go/pkg/mod/github.com/panjf2000/ants/v2@v2.9.0/pool.go:106:0 s=75
  1051: 0x460b42 M=1 runtime.(*gQueue).pushBack /home/jzh/go/src/runtime/proc.go:7775:0 s=7773
             runtime.globrunqgetbatch /home/jzh/go/src/runtime/proc.go:7307:0 s=7293
  1052: 0x41f2b5 M=1 runtime.lock2 /home/jzh/go/src/runtime/lock_spinbit.go:214:0 s=155
  1053: 0x44b514 M=1 runtime.futexsleep /home/jzh/go/src/runtime/os_linux.go:73:0 s=66
  1054: 0x459986 M=1 runtime.schedule /home/jzh/go/src/runtime/proc.go:4230:0 s=4135
  1055: 0x5d0273 M=1 github.com/jzhang405/NexKV/internal/infrastructure/concurrency.(*AntsDefaultExecutor).Submit /home/jzh/ws/go/src/github.com/jzhang405/NexKV/internal/infrastructure/concurrency/executor_ants.go:41:0 s=28
  1056: 0x48f940 M=1 runtime.memclrNoHeapPointers /home/jzh/go/src/runtime/memclr_amd64.s:18:0 s=15
  1057: 0x44ff41 M=1 runtime.suspendG /home/jzh/go/src/runtime/preempt.go:107:0 s=106
  1058: 0x42f784 M=1 runtime.markroot.func1 /home/jzh/go/src/runtime/mgcmark.go:298:0 s=280
  1059: 0x4321c2 M=1 runtime.(*mspan).markBitsForIndex /home/jzh/go/src/runtime/mgcmark_greenteagc.go:232:0 s=228
             runtime.greyobject /home/jzh/go/src/runtime/mgcmark.go:1644:0 s=1639
  1060: 0x43b8ae M=1 runtime.(*gcWork).empty /home/jzh/go/src/runtime/mgcwork.go:384:0 s=383
  1061: 0x42d7a4 M=1 runtime.gcShouldScheduleWorker /home/jzh/go/src/runtime/mgc.go:1920:0 s=1919
  1062: 0x459cdb M=1 runtime.goschedImpl /home/jzh/go/src/runtime/proc.go:4308:0 s=4307
  1063: 0x4542aa M=1 runtime.casgstatus /home/jzh/go/src/runtime/proc.go:1328:0 s=1277
  1064: 0x459e4d M=1 runtime.(*gQueue).pushBack /home/jzh/go/src/runtime/proc.go:7775:0 s=7773
             runtime.globrunqput /home/jzh/go/src/runtime/proc.go:7252:0 s=7249
             runtime.goschedImpl /home/jzh/go/src/runtime/proc.go:4337:0 s=4307
  1065: 0x485bf3 M=1 runtime.mallocgc /home/jzh/go/src/runtime/malloc.go:1241:0 s=1119
  1066: 0x423462 M=1 runtime.(*mspan).writeHeapBitsSmall /home/jzh/go/src/runtime/mbitmap.go:658:0 s=624
  1067: 0x4acf91 M=1 time.Now /home/jzh/go/src/time/time.go:1354:0 s=1347
  1068: 0x41f662 M=1 runtime.unlock2 /home/jzh/go/src/runtime/lock_spinbit.go:273:0 s=267
  1069: 0x4523fa M=1 runtime.releaseSudog /home/jzh/go/src/runtime/proc.go:539:0 s=526
  1070: 0x55b0c5 M=1 github.com/panjf2000/ants/v2.(*Pool).revertWorker /home/jzh/ws/go/pkg/mod/github.com/panjf2000/ants/v2@v2.9.0/pool.go:373:0 s=372
  1071: 0x460d59 M=1 runtime.pidleget /home/jzh/go/src/runtime/proc.go:7405:0 s=7402
  1072: 0x4722dc M=1 runtime.(*timers).check /home/jzh/go/src/runtime/time.go:1026:0 s=1009
  1073: 0x4575f7 M=1 runtime.execute /home/jzh/go/src/runtime/proc.go:3334:0 s=3331
  1074: 0x457906 M=1 runtime.findRunnable /home/jzh/go/src/runtime/proc.go:3443:0 s=3389
  1075: 0x48986a M=1 sync.runtime_notifyListNotifyOne /home/jzh/go/src/runtime/sema.go:668:0 s=668
  1076: 0x55b1dc M=1 github.com/panjf2000/ants/v2.(*Pool).revertWorker /home/jzh/ws/go/pkg/mod/github.com/panjf2000/ants/v2@v2.9.0/pool.go:392:0 s=372
  1077: 0x417efe M=1 runtime.send /home/jzh/go/src/runtime/chan.go:343:0 s=318
  1078: 0x421285 M=1 runtime.mallocgcSmallScanNoHeader /home/jzh/go/src/runtime/malloc.go:1594:0 s=1555
  1079: 0x459b2a M=1 runtime.dropg /home/jzh/go/src/runtime/proc.go:4243:0 s=4240
             runtime.park_m /home/jzh/go/src/runtime/proc.go:4280:0 s=4253
  1080: 0x418bc3 M=1 runtime.chanrecv /home/jzh/go/src/runtime/chan.go:664:0 s=524
  1081: 0x493e7c M=1 sync.(*Cond).Signal /home/jzh/go/src/sync/cond.go:84:0 s=82
  1082: 0x55bf9c M=1 github.com/panjf2000/ants/v2.(*workerStack).insert /home/jzh/ws/go/pkg/mod/github.com/panjf2000/ants/v2@v2.9.0/worker_stack.go:25:0 s=24
  1083: 0x41f810 M=1 runtime.cheaprand /home/jzh/go/src/runtime/rand.go:235:0 s=227
             runtime.cheaprandn /home/jzh/go/src/runtime/rand.go:293:0 s=291
             runtime.unlock2Wake /home/jzh/go/src/runtime/lock_spinbit.go:350:0 s=345
  1084: 0x418a9b M=1 runtime.(*maybeTraceablePtr).set /home/jzh/go/src/runtime/runtime2.go:360:0 s=359
             runtime.(*maybeTraceableChan).set /home/jzh/go/src/runtime/runtime2.go:388:0 s=387
             runtime.chanrecv /home/jzh/go/src/runtime/chan.go:651:0 s=524
  1085: 0x48626d M=1 runtime.spanOf /home/jzh/go/src/runtime/mheap.go:714:0 s=696
             runtime.findObject /home/jzh/go/src/runtime/mbitmap.go:1362:0 s=1361
  1086: 0x44a092 M=1 runtime.wbBufFlush1 /home/jzh/go/src/runtime/mwbbuf.go:243:0 s=195
  1087: 0x418a67 M=1 runtime.chanrecv /home/jzh/go/src/runtime/chan.go:647:0 s=524
  1088: 0x417e4a M=1 runtime.send /home/jzh/go/src/runtime/chan.go:318:0 s=318
  1089: 0x4578a0 M=1 runtime.findRunnable /home/jzh/go/src/runtime/proc.go:3418:0 s=3389
  1090: 0x457800 M=1 runtime.findRunnable /home/jzh/go/src/runtime/proc.go:3389:0 s=3389
  1091: 0x452150 M=1 runtime.acquireSudog /home/jzh/go/src/runtime/proc.go:516:0 s=488
  1092: 0x55b1dd M=1 github.com/panjf2000/ants/v2.(*Pool).revertWorker /home/jzh/ws/go/pkg/mod/github.com/panjf2000/ants/v2@v2.9.0/pool.go:393:0 s=372
  1093: 0x4210c8 M=1 runtime.divRoundUp /home/jzh/go/src/runtime/stubs.go:391:0 s=388
             runtime.mallocgcSmallScanNoHeader /home/jzh/go/src/runtime/malloc.go:1576:0 s=1555
  1094: 0x55b0d0 M=1 github.com/panjf2000/ants/v2.(*Pool).IsClosed /home/jzh/ws/go/pkg/mod/github.com/panjf2000/ants/v2@v2.9.0/pool.go:271:0 s=270
             github.com/panjf2000/ants/v2.(*Pool).revertWorker /home/jzh/ws/go/pkg/mod/github.com/panjf2000/ants/v2@v2.9.0/pool.go:373:0 s=372
  1095: 0x559f6a M=1 github.com/panjf2000/ants/v2/internal/sync.(*spinLock).Lock /home/jzh/ws/go/pkg/mod/github.com/panjf2000/ants/v2@v2.9.0/internal/sync/spinlock.go:19:0 s=17
  1096: 0x5d01a0 M=1 github.com/jzhang405/NexKV/internal/infrastructure/concurrency.(*AntsDefaultExecutor).Submit /home/jzh/ws/go/src/github.com/jzhang405/NexKV/internal/infrastructure/concurrency/executor_ants.go:28:0 s=28
  1097: 0x457b1f M=1 runtime.runqget /home/jzh/go/src/runtime/proc.go:7604:0 s=7598
             runtime.findRunnable /home/jzh/go/src/runtime/proc.go:3469:0 s=3389
  1098: 0x490b84 M=1 runtime.nanotime1 /home/jzh/go/src/runtime/sys_linux_amd64.s:223:0 s=223
  1099: 0x418c12 M=1 runtime.chanrecv /home/jzh/go/src/runtime/chan.go:673:0 s=524
  1100: 0x41f049 M=1 runtime.semasleep /home/jzh/go/src/runtime/lock_futex.go:144:0 s=139
  1101: 0x43140e M=1 runtime.gcNextMarkRoot /home/jzh/go/src/runtime/mgcmark.go:1195:0 s=1191
  1102: 0x431b52 M=1 internal/runtime/atomic.(*Uint32).Load /home/jzh/go/src/internal/runtime/atomic/types.go:194:0 s=193
             runtime.gcDrainN /home/jzh/go/src/runtime/mgcmark.go:1424:0 s=1392
  1103: 0x42f3a9 M=1 runtime.markroot /home/jzh/go/src/runtime/mgcmark.go:274:0 s=221
  1104: 0x448d98 M=1 runtime.headTailIndex.head /home/jzh/go/src/runtime/mspanset.go:359:0 s=358
             runtime.headTailIndex.split /home/jzh/go/src/runtime/mspanset.go:369:0 s=368
             runtime.(*spanSet).pop /home/jzh/go/src/runtime/mspanset.go:160:0 s=150
  1105: 0x439073 M=1 runtime.(*mheap).nextSpanForSweep /home/jzh/go/src/runtime/mgcsweep.go:103:0 s=96
  1106: 0x4396ac M=1 runtime.sweepone /home/jzh/go/src/runtime/mgcsweep.go:378:0 s=359
  1107: 0x41f6c8 M=1 runtime.unlock2 /home/jzh/go/src/runtime/lock_spinbit.go:318:0 s=267
  1108: 0x460aa5 M=1 runtime.globrunqgetbatch /home/jzh/go/src/runtime/proc.go:7300:0 s=7293
  1109: 0x493e55 M=1 sync.(*Cond).Signal /home/jzh/go/src/sync/cond.go:83:0 s=82
  1110: 0x460a60 M=1 runtime.globrunqgetbatch /home/jzh/go/src/runtime/proc.go:7293:0 s=7293
  1111: 0x5dd0d2 M=1 github.com/jzhang405/NexKV/internal/infrastructure/concurrency.simulateTransportTask /home/jzh/ws/go/src/github.com/jzhang405/NexKV/internal/infrastructure/concurrency/executor_comparison_benchmark_test.go:42:0 s=22
  1112: 0x418740 M=1 runtime.chanrecv /home/jzh/go/src/runtime/chan.go:524:0 s=524
  1113: 0x418738 M=1 runtime.chanrecv2 /home/jzh/go/src/runtime/chan.go:515:0 s=513
  1114: 0x5d0257 M=1 github.com/jzhang405/NexKV/internal/infrastructure/concurrency.(*AntsDefaultExecutor).Submit /home/jzh/ws/go/src/github.com/jzhang405/NexKV/internal/infrastructure/concurrency/executor_ants.go:41:0 s=28
  1115: 0x45240b M=1 runtime.releaseSudog /home/jzh/go/src/runtime/proc.go:542:0 s=526
  1116: 0x41f6b2 M=1 runtime.(*mLockProfile).store /home/jzh/go/src/runtime/mprof.go:756:0 s=755
             runtime.unlock2 /home/jzh/go/src/runtime/lock_spinbit.go:317:0 s=267
  1117: 0x43b90a M=1 runtime.getempty /home/jzh/go/src/runtime/mgcwork.go:424:0 s=424
  1118: 0x43bc7b M=1 runtime.handoff /home/jzh/go/src/runtime/mgcwork.go:511:0 s=509
  1119: 0x43b819 M=1 runtime.(*gcWork).balance /home/jzh/go/src/runtime/mgcwork.go:365:0 s=356
  1120: 0x431a7e M=1 runtime.gcDrainN /home/jzh/go/src/runtime/mgcmark.go:1407:0 s=1392
  1121: 0x41f7c0 M=1 runtime.unlock2Wake /home/jzh/go/src/runtime/lock_spinbit.go:345:0 s=345
  1122: 0x55ac8a M=1 github.com/panjf2000/ants/v2.(*Pool).Submit /home/jzh/ws/go/pkg/mod/github.com/panjf2000/ants/v2@v2.9.0/pool.go:217:0 s=217
  1123: 0x460f12 M=1 runtime.runqput /home/jzh/go/src/runtime/proc.go:7494:0 s=7478
  1124: 0x458a69 M=1 runtime.findRunnable /home/jzh/go/src/runtime/proc.go:3469:0 s=3389
  1125: 0x41f7ea M=1 runtime.cheaprand /home/jzh/go/src/runtime/rand.go:236:0 s=227
             runtime.cheaprandn /home/jzh/go/src/runtime/rand.go:293:0 s=291
             runtime.unlock2Wake /home/jzh/go/src/runtime/lock_spinbit.go:350:0 s=345
  1126: 0x435e0a M=1 runtime.nanotime /home/jzh/go/src/runtime/time_nofake.go:33:0 s=32
             runtime.(*gcControllerState).findRunnableGCWorker /home/jzh/go/src/runtime/mgcpacer.go:867:0 s=861
  1127: 0x5d028d M=1 github.com/panjf2000/ants/v2.Submit /home/jzh/ws/go/pkg/mod/github.com/panjf2000/ants/v2@v2.9.0/ants.go:109:0 s=108
             github.com/jzhang405/NexKV/internal/infrastructure/concurrency.(*AntsDefaultExecutor).Submit /home/jzh/ws/go/src/github.com/jzhang405/NexKV/internal/infrastructure/concurrency/executor_ants.go:41:0 s=28
  1128: 0x457652 M=1 runtime.execute /home/jzh/go/src/runtime/proc.go:3342:0 s=3331
  1129: 0x45795c M=1 runtime.globrunqget /home/jzh/go/src/runtime/proc.go:7288:0 s=7281
             runtime.findRunnable /home/jzh/go/src/runtime/proc.go:3445:0 s=3389
  1130: 0x41f8b6 M=1 runtime.unlock2Wake /home/jzh/go/src/runtime/lock_spinbit.go:378:0 s=345
  1131: 0x417fac M=1 runtime.send /home/jzh/go/src/runtime/chan.go:351:0 s=318
  1132: 0x41f356 M=1 runtime.lock2 /home/jzh/go/src/runtime/lock_spinbit.go:217:0 s=155
  1133: 0x4578d1 M=1 runtime.findRunnable /home/jzh/go/src/runtime/proc.go:3432:0 s=3389
  1134: 0x43603f M=1 runtime.(*gcControllerState).releaseNextGCMarkWorker /home/jzh/go/src/runtime/mgcpacer.go:904:0 s=901
  1135: 0x45a000 M=1 runtime.gosched_m /home/jzh/go/src/runtime/proc.go:4349:0 s=4349
  1136: 0x41f493 M=1 runtime.lock2 /home/jzh/go/src/runtime/lock_spinbit.go:251:0 s=155
  1137: 0x55bfaa M=1 github.com/panjf2000/ants/v2.(*workerStack).insert /home/jzh/ws/go/pkg/mod/github.com/panjf2000/ants/v2@v2.9.0/worker_stack.go:25:0 s=24
  1138: 0x4538a5 M=1 runtime.traceLocker.ok /home/jzh/go/src/runtime/traceruntime.go:251:0 s=250
             runtime.ready /home/jzh/go/src/runtime/proc.go:1133:0 s=1120
  1139: 0x45382a M=1 runtime.ready /home/jzh/go/src/runtime/proc.go:1120:0 s=1120
  1140: 0x5d025d M=1 github.com/jzhang405/NexKV/internal/infrastructure/concurrency.(*AntsDefaultExecutor).Submit /home/jzh/ws/go/src/github.com/jzhang405/NexKV/internal/infrastructure/concurrency/executor_ants.go:41:0 s=28
  1141: 0x457934 M=1 runtime.findRunnable /home/jzh/go/src/runtime/proc.go:3443:0 s=3389
  1142: 0x4178db M=1 runtime.chansend /home/jzh/go/src/runtime/chan.go:224:0 s=176
  1143: 0x55c0da M=1 github.com/panjf2000/ants/v2.(*workerStack).detach /home/jzh/ws/go/pkg/mod/github.com/panjf2000/ants/v2@v2.9.0/worker_stack.go:37:0 s=29
  1144: 0x460afb M=1 runtime.globrunqgetbatch /home/jzh/go/src/runtime/proc.go:7305:0 s=7293
  1145: 0x448d26 M=1 runtime.(*spanSet).push /home/jzh/go/src/runtime/mspanset.go:145:0 s=83
  1146: 0x424f3d M=1 runtime.(*mcentral).uncacheSpan /home/jzh/go/src/runtime/mcentral.go:245:0 s=205
  1147: 0x42437e M=1 runtime.(*mcache).refill /home/jzh/go/src/runtime/mcache.go:182:0 s=160
  1148: 0x432e85 M=1 runtime.tryDeferToSpanScan /home/jzh/go/src/runtime/mgcmark_greenteagc.go:287:0 s=264
  1149: 0x49120b M=1 time.now /home/jzh/go/src/runtime/time_linux_amd64.s:27:0 s=14
  1150: 0x4acf60 M=1 time.Now /home/jzh/go/src/time/time.go:1347:0 s=1347
  1151: 0x41f4c5 M=1 runtime.lock2 /home/jzh/go/src/runtime/lock_spinbit.go:199:0 s=155
  1152: 0x45a007 M=1 runtime.gosched_m /home/jzh/go/src/runtime/proc.go:4349:0 s=4349
  1153: 0x47222b M=1 runtime.(*timers).check /home/jzh/go/src/runtime/time.go:1009:0 s=1009
  1154: 0x487e8e M=1 runtime.wakep /home/jzh/go/src/runtime/proc.go:3212:0 s=3212
  1155: 0x41d238 M=1 runtime.(*timeHistogram).record /home/jzh/go/src/runtime/histogram.go:119:0 s=105
  1156: 0x55b0bc M=1 github.com/panjf2000/ants/v2.(*Pool).Running /home/jzh/ws/go/pkg/mod/github.com/panjf2000/ants/v2@v2.9.0/pool.go:231:0 s=230
             github.com/panjf2000/ants/v2.(*Pool).revertWorker /home/jzh/ws/go/pkg/mod/github.com/panjf2000/ants/v2@v2.9.0/pool.go:373:0 s=372
  1157: 0x459de4 M=1 runtime.goschedImpl /home/jzh/go/src/runtime/proc.go:4330:0 s=4307
  1158: 0x4543d2 M=1 runtime.casgstatus /home/jzh/go/src/runtime/proc.go:1380:0 s=1277
  1159: 0x41f6c4 M=1 runtime.unlock2 /home/jzh/go/src/runtime/lock_spinbit.go:318:0 s=267
  1160: 0x4208fd M=1 runtime.(*mcache).nextFree /home/jzh/go/src/runtime/malloc.go:1054:0 s=1048
  1161: 0x55b15a M=1 github.com/panjf2000/ants/v2.(*Pool).revertWorker /home/jzh/ws/go/pkg/mod/github.com/panjf2000/ants/v2@v2.9.0/pool.go:378:0 s=372
  1162: 0x5d0296 M=1 github.com/jzhang405/NexKV/internal/infrastructure/concurrency.(*AntsDefaultExecutor).Submit /home/jzh/ws/go/src/github.com/jzhang405/NexKV/internal/infrastructure/concurrency/executor_ants.go:41:0 s=28
  1163: 0x45790e M=1 runtime.findRunnable /home/jzh/go/src/runtime/proc.go:3443:0 s=3389
  1164: 0x491236 M=1 time.now /home/jzh/go/src/runtime/time_linux_amd64.s:40:0 s=14
  1165: 0x41f1d2 M=1 runtime.lock2 /home/jzh/go/src/runtime/lock_spinbit.go:183:0 s=155
  1166: 0x41f433 M=1 runtime.lock2 /home/jzh/go/src/runtime/lock_spinbit.go:239:0 s=155
  1167: 0x5d023a M=1 github.com/jzhang405/NexKV/internal/infrastructure/concurrency.(*AntsDefaultExecutor).Submit /home/jzh/ws/go/src/github.com/jzhang405/NexKV/internal/infrastructure/concurrency/executor_ants.go:41:0 s=28
  1168: 0x460aaf M=1 runtime.globrunqgetbatch /home/jzh/go/src/runtime/proc.go:7300:0 s=7293
  1169: 0x48d82a M=1 runtime.mcall /home/jzh/go/src/runtime/asm_amd64.s:484:0 s=458
  1170: 0x452507 M=1 runtime.releasem /home/jzh/go/src/runtime/runtime1.go:609:0 s=607
             runtime.releaseSudog /home/jzh/go/src/runtime/proc.go:572:0 s=526
  1171: 0x48d8e7 M=1 runtime.systemstack /home/jzh/go/src/runtime/asm_amd64.s:570:0 s=520
  1172: 0x4542b2 M=1 runtime.casgstatus /home/jzh/go/src/runtime/proc.go:1328:0 s=1277
  1173: 0x421306 M=1 runtime.mallocgcSmallScanNoHeader /home/jzh/go/src/runtime/malloc.go:1635:0 s=1555
  1174: 0x417e1e M=1 runtime.chansend.func1 /home/jzh/go/src/runtime/chan.go:232:0 s=232
  1175: 0x4346a9 M=1 runtime.scanObjectsSmall /home/jzh/go/src/runtime/mgcmark_greenteagc.go:1051:0 s=1015
  1176: 0x41f6de M=1 runtime.unlock2 /home/jzh/go/src/runtime/lock_spinbit.go:322:0 s=267
  1177: 0x457733 M=1 runtime.traceEnabled /home/jzh/go/src/runtime/traceruntime.go:152:0 s=151
             runtime.traceAcquire /home/jzh/go/src/runtime/traceruntime.go:189:0 s=188
             runtime.execute /home/jzh/go/src/runtime/proc.go:3376:0 s=3331
  1178: 0x55ac87 M=1 github.com/panjf2000/ants/v2.(*Pool).Submit /home/jzh/ws/go/pkg/mod/github.com/panjf2000/ants/v2@v2.9.0/pool.go:217:0 s=217
  1179: 0x457821 M=1 runtime.findRunnable /home/jzh/go/src/runtime/proc.go:3390:0 s=3389
  1180: 0x41f6d8 M=1 runtime.unlock2 /home/jzh/go/src/runtime/lock_spinbit.go:319:0 s=267
  1181: 0x460ab1 M=1 runtime.globrunqgetbatch /home/jzh/go/src/runtime/proc.go:7302:0 s=7293
  1182: 0x453937 M=1 runtime.releasem /home/jzh/go/src/runtime/runtime1.go:609:0 s=607
             runtime.ready /home/jzh/go/src/runtime/proc.go:1139:0 s=1120
  1183: 0x42109d M=1 runtime.acquirem /home/jzh/go/src/runtime/runtime1.go:603:0 s=600
             runtime.mallocgcSmallScanNoHeader /home/jzh/go/src/runtime/malloc.go:1557:0 s=1555
  1184: 0x417f23 M=1 runtime.send /home/jzh/go/src/runtime/chan.go:345:0 s=318
  1185: 0x460a92 M=1 runtime.globrunqgetbatch /home/jzh/go/src/runtime/proc.go:7300:0 s=7293
  1186: 0x45977d M=1 runtime.schedule /home/jzh/go/src/runtime/proc.go:4138:0 s=4135
  1187: 0x4acfc9 M=1 time.Now /home/jzh/go/src/time/time.go:1360:0 s=1347
  1188: 0x423483 M=1 runtime.(*mspan).writeHeapBitsSmall /home/jzh/go/src/runtime/mbitmap.go:670:0 s=624
  1189: 0x45982f M=1 runtime.schedule /home/jzh/go/src/runtime/proc.go:4172:0 s=4135
  1190: 0x472240 M=1 runtime.(*timers).wakeTime /home/jzh/go/src/runtime/time.go:993:0 s=985
             runtime.(*timers).check /home/jzh/go/src/runtime/time.go:1013:0 s=1009
  1191: 0x41f349 M=1 runtime.procyield /home/jzh/go/src/runtime/stubs.go:282:0 s=278
             runtime.lock2 /home/jzh/go/src/runtime/lock_spinbit.go:216:0 s=155
  1192: 0x459e59 M=1 runtime.(*guintptr).set /home/jzh/go/src/runtime/runtime2.go:248:0 s=248
             runtime.(*gQueue).pushBack /home/jzh/go/src/runtime/proc.go:7776:0 s=7773
             runtime.globrunqput /home/jzh/go/src/runtime/proc.go:7252:0 s=7249
             runtime.goschedImpl /home/jzh/go/src/runtime/proc.go:4337:0 s=4307
  1193: 0x460b47 M=1 runtime.(*gQueue).pushBack /home/jzh/go/src/runtime/proc.go:7775:0 s=7773
             runtime.globrunqgetbatch /home/jzh/go/src/runtime/proc.go:7307:0 s=7293
  1194: 0x45217f M=1 runtime.acquireSudog /home/jzh/go/src/runtime/proc.go:518:0 s=488
  1195: 0x41f192 M=1 runtime.lock2 /home/jzh/go/src/runtime/lock_spinbit.go:156:0 s=155
  1196: 0x55b182 M=1 github.com/panjf2000/ants/v2.(*Pool).revertWorker /home/jzh/ws/go/pkg/mod/github.com/panjf2000/ants/v2@v2.9.0/pool.go:380:0 s=372
  1197: 0x450277 M=1 runtime.suspendG /home/jzh/go/src/runtime/preempt.go:251:0 s=106
  1198: 0x45428e M=1 runtime.casgstatus /home/jzh/go/src/runtime/proc.go:1325:0 s=1277
  1199: 0x4187af M=1 runtime.chanrecv /home/jzh/go/src/runtime/chan.go:544:0 s=524
  1200: 0x41f69e M=1 runtime.(*mLockProfile).store /home/jzh/go/src/runtime/mprof.go:756:0 s=755
             runtime.unlock2 /home/jzh/go/src/runtime/lock_spinbit.go:317:0 s=267
  1201: 0x452195 M=1 runtime.releasem /home/jzh/go/src/runtime/runtime1.go:610:0 s=607
             runtime.acquireSudog /home/jzh/go/src/runtime/proc.go:521:0 s=488
  1202: 0x452436 M=1 runtime.acquirem /home/jzh/go/src/runtime/runtime1.go:603:0 s=600
             runtime.releaseSudog /home/jzh/go/src/runtime/proc.go:549:0 s=526
  1203: 0x421cea M=1 runtime.newobject /home/jzh/go/src/runtime/malloc.go:2209:0 s=2208
  1204: 0x457877 M=1 runtime.findRunnable /home/jzh/go/src/runtime/proc.go:3415:0 s=3389
  1205: 0x452597 M=1 runtime.releaseSudog /home/jzh/go/src/runtime/proc.go:562:0 s=526
  1206: 0x48d81b M=1 runtime.mcall /home/jzh/go/src/runtime/asm_amd64.s:478:0 s=458
  1207: 0x41f97a M=1 runtime.semawakeup /home/jzh/go/src/runtime/lock_futex.go:159:0 s=158
             runtime.unlock2Wake /home/jzh/go/src/runtime/lock_spinbit.go:461:0 s=345
  1208: 0x460b0c M=1 runtime.(*gQueue).pop /home/jzh/go/src/runtime/proc.go:7804:0 s=7802
             runtime.globrunqgetbatch /home/jzh/go/src/runtime/proc.go:7306:0 s=7293
  1209: 0x433091 M=1 runtime.(*gcWork).tryGetSpan /home/jzh/go/src/runtime/mgcmark_greenteagc.go:332:0 s=322
  1210: 0x457662 M=1 runtime.execute /home/jzh/go/src/runtime/proc.go:3343:0 s=3331
  1211: 0x41f2ce M=1 runtime.mutexPreferLowLatency /home/jzh/go/src/runtime/lock_spinbit.go:138:0 s=134
             runtime.lock2 /home/jzh/go/src/runtime/lock_spinbit.go:214:0 s=155
  1212: 0x55b0b2 M=1 github.com/panjf2000/ants/v2.(*Pool).Cap /home/jzh/ws/go/pkg/mod/github.com/panjf2000/ants/v2@v2.9.0/pool.go:250:0 s=249
             github.com/panjf2000/ants/v2.(*Pool).revertWorker /home/jzh/ws/go/pkg/mod/github.com/panjf2000/ants/v2@v2.9.0/pool.go:373:0 s=372
  1213: 0x5dd600 M=1 github.com/jzhang405/NexKV/internal/infrastructure/concurrency.BenchmarkPerCoreVsAnts_Transport_Throughput.func3.1 /home/jzh/ws/go/src/github.com/jzhang405/NexKV/internal/infrastructure/concurrency/executor_comparison_benchmark_test.go:121:0 s=119
  1214: 0x49122f M=1 time.now /home/jzh/go/src/runtime/time_linux_amd64.s:39:0 s=14
  1215: 0x4611ec M=1 runtime.(*gQueue).pop /home/jzh/go/src/runtime/proc.go:7805:0 s=7802
             runtime.runqputbatch /home/jzh/go/src/runtime/proc.go:7573:0 s=7565
  1216: 0x485b2e M=1 runtime.mallocgc /home/jzh/go/src/runtime/malloc.go:1119:0 s=1119
  1217: 0x4179d5 M=1 runtime.chansend /home/jzh/go/src/runtime/chan.go:229:0 s=176
  1218: 0x559fe2 M=1 github.com/panjf2000/ants/v2/internal/sync.(*spinLock).Unlock /home/jzh/ws/go/pkg/mod/github.com/panjf2000/ants/v2@v2.9.0/internal/sync/spinlock.go:31:0 s=30
  1219: 0x458a3a M=1 runtime.runqget /home/jzh/go/src/runtime/proc.go:7609:0 s=7598
             runtime.findRunnable /home/jzh/go/src/runtime/proc.go:3469:0 s=3389
  1220: 0x459793 M=1 runtime.schedule /home/jzh/go/src/runtime/proc.go:4142:0 s=4135
  1221: 0x487f2b M=1 runtime.releasem /home/jzh/go/src/runtime/runtime1.go:610:0 s=607
             runtime.wakep /home/jzh/go/src/runtime/proc.go:3234:0 s=3212
  1222: 0x417d3d M=1 runtime.chansend /home/jzh/go/src/runtime/chan.go:232:0 s=176
  1223: 0x45427f M=1 runtime.casgstatus /home/jzh/go/src/runtime/proc.go:1322:0 s=1277
  1224: 0x472290 M=1 runtime.(*timers).check /home/jzh/go/src/runtime/time.go:1032:0 s=1009
  1225: 0x457a32 M=1 runtime.findRunnable /home/jzh/go/src/runtime/proc.go:3544:0 s=3389
  1226: 0x4722b3 M=1 runtime.(*timers).check /home/jzh/go/src/runtime/time.go:1030:0 s=1009
  1227: 0x5d0200 M=1 github.com/jzhang405/NexKV/internal/infrastructure/concurrency.(*AntsDefaultExecutor).Submit /home/jzh/ws/go/src/github.com/jzhang405/NexKV/internal/infrastructure/concurrency/executor_ants.go:35:0 s=28
  1228: 0x457636 M=1 runtime.execute /home/jzh/go/src/runtime/proc.go:3342:0 s=3331
  1229: 0x45025b M=1 runtime.procyield /home/jzh/go/src/runtime/stubs.go:282:0 s=278
             runtime.suspendG /home/jzh/go/src/runtime/preempt.go:249:0 s=106
  1230: 0x460ecf M=1 runtime.pidlegetSpinning /home/jzh/go/src/runtime/proc.go:7439:0 s=7430
  1231: 0x4acf6e M=1 time.Now /home/jzh/go/src/time/time.go:1348:0 s=1347
  1232: 0x5d0244 M=1 github.com/jzhang405/NexKV/internal/infrastructure/concurrency.(*AntsDefaultExecutor).Submit /home/jzh/ws/go/src/github.com/jzhang405/NexKV/internal/infrastructure/concurrency/executor_ants.go:41:0 s=28
  1233: 0x5dd082 M=1 github.com/jzhang405/NexKV/internal/infrastructure/concurrency.simulateTransportTask /home/jzh/ws/go/src/github.com/jzhang405/NexKV/internal/infrastructure/concurrency/executor_comparison_benchmark_test.go:25:0 s=22
  1234: 0x42337c M=1 runtime.(*mspan).writeHeapBitsSmall /home/jzh/go/src/runtime/mbitmap.go:631:0 s=624
  1235: 0x418760 M=1 runtime.chanrecv /home/jzh/go/src/runtime/chan.go:532:0 s=524
  1236: 0x457813 M=1 runtime.findRunnable /home/jzh/go/src/runtime/proc.go:3389:0 s=3389
  1237: 0x452476 M=1 runtime.releaseSudog /home/jzh/go/src/runtime/proc.go:571:0 s=526
  1238: 0x417eaf M=1 runtime.send /home/jzh/go/src/runtime/chan.go:339:0 s=318
  1239: 0x4611ad M=1 runtime.runqputbatch /home/jzh/go/src/runtime/proc.go:7570:0 s=7565
  1240: 0x421ce5 M=1 runtime.newobject /home/jzh/go/src/runtime/malloc.go:2209:0 s=2208
  1241: 0x4234e6 M=1 runtime.(*mspan).refillAllocCache /home/jzh/go/src/runtime/mbitmap.go:1096:0 s=1095
  1242: 0x424bbd M=1 runtime.(*mcentral).cacheSpan /home/jzh/go/src/runtime/mcentral.go:192:0 s=82
  1243: 0x4177e0 M=1 runtime.chansend1 /home/jzh/go/src/runtime/chan.go:160:0 s=160
  1244: 0x418cd2 M=1 runtime.(*maybeTraceablePtr).set /home/jzh/go/src/runtime/runtime2.go:361:0 s=359
             runtime.(*maybeTraceableChan).set /home/jzh/go/src/runtime/runtime2.go:388:0 s=387
             runtime.chanrecv /home/jzh/go/src/runtime/chan.go:683:0 s=524
  1245: 0x459845 M=1 runtime.schedule /home/jzh/go/src/runtime/proc.go:4183:0 s=4135
  1246: 0x55acd7 M=1 github.com/panjf2000/ants/v2.(*Pool).Submit /home/jzh/ws/go/pkg/mod/github.com/panjf2000/ants/v2@v2.9.0/pool.go:226:0 s=217
  1247: 0x487ea5 M=1 internal/runtime/atomic.(*Int32).CompareAndSwap /home/jzh/go/src/internal/runtime/atomic/types.go:37:0 s=36
             runtime.wakep /home/jzh/go/src/runtime/proc.go:3215:0 s=3212
  1248: 0x4212ac M=1 runtime.mallocgcSmallScanNoHeader /home/jzh/go/src/runtime/malloc.go:1609:0 s=1555
  1249: 0x4440af M=1 runtime.(*pallocBits).summarize /home/jzh/go/src/runtime/mpallocbits.go:178:0 s=132
  1250: 0x440a6b M=1 runtime.(*pageAlloc).update /home/jzh/go/src/runtime/mpagealloc.go:504:0 s=492
  1251: 0x442493 M=1 runtime.(*pageAlloc).free /home/jzh/go/src/runtime/mpagealloc.go:976:0 s=940
  1252: 0x43e0ab M=1 runtime.(*mheap).freeSpanLocked /home/jzh/go/src/runtime/mheap.go:1781:0 s=1730
  1253: 0x43ab08 M=1 runtime.(*sweepLocked).sweep.(*mheap).freeSpan.func2 /home/jzh/go/src/runtime/mheap.go:1694:0 s=1667
  1254: 0x43a2c4 M=1 runtime.(*mheap).freeSpan /home/jzh/go/src/runtime/mheap.go:1667:0 s=1666
             runtime.(*sweepLocked).sweep /home/jzh/go/src/runtime/mgcsweep.go:788:0 s=505
  1255: 0x41f18b M=1 runtime.lock2 /home/jzh/go/src/runtime/lock_spinbit.go:155:0 s=155
  1256: 0x460ebe M=1 runtime.pidlegetSpinning /home/jzh/go/src/runtime/proc.go:7438:0 s=7430
  1257: 0x487f47 M=1 runtime.wakep /home/jzh/go/src/runtime/proc.go:3235:0 s=3212
  1258: 0x48fc5c M=1 runtime.memmove /home/jzh/go/src/runtime/memmove_amd64.s:58:0 s=35
  1259: 0x42133c M=1 runtime.mallocgcSmallScanNoHeader /home/jzh/go/src/runtime/malloc.go:1583:0 s=1555
  1260: 0x41f22f M=1 runtime.lock2 /home/jzh/go/src/runtime/lock_spinbit.go:188:0 s=155
  1261: 0x418724 M=1 runtime.chanrecv2 /home/jzh/go/src/runtime/chan.go:513:0 s=513
  1262: 0x487e8b M=1 runtime.wakep /home/jzh/go/src/runtime/proc.go:3212:0 s=3212
  1263: 0x487d31 M=1 runtime.gopark /home/jzh/go/src/runtime/proc.go:452:0 s=445
  1264: 0x46d160 M=1 runtime.stackmapdata /home/jzh/go/src/runtime/symtab.go:1338:0 s=1331
             runtime.(*stkframe).getStackMap /home/jzh/go/src/runtime/stkframe.go:204:0 s=157
  1265: 0x46fa56 M=1 runtime.pcvalue /home/jzh/go/src/runtime/symtab.go:1071:0 s=1013
  1266: 0x48d14d M=1 gcWriteBarrier /home/jzh/go/src/runtime/asm_amd64.s:1817:0 s=1813
  1267: 0x418b64 M=1 runtime.(*waitq).enqueue /home/jzh/go/src/runtime/chan.go:876:0 s=872
             runtime.chanrecv /home/jzh/go/src/runtime/chan.go:653:0 s=524
  1268: 0x4597d8 M=1 runtime.schedule /home/jzh/go/src/runtime/proc.go:4155:0 s=4135
  1269: 0x41f5ee M=1 runtime.unlock2 /home/jzh/go/src/runtime/lock_spinbit.go:267:0 s=267
  1270: 0x48d827 M=1 runtime.mcall /home/jzh/go/src/runtime/asm_amd64.s:483:0 s=458
  1271: 0x418cc8 M=1 runtime.(*maybeTraceablePtr).set /home/jzh/go/src/runtime/runtime2.go:360:0 s=359
             runtime.(*maybeTraceableChan).set /home/jzh/go/src/runtime/runtime2.go:388:0 s=387
             runtime.chanrecv /home/jzh/go/src/runtime/chan.go:683:0 s=524
  1272: 0x454413 M=1 runtime.casgstatus /home/jzh/go/src/runtime/proc.go:1383:0 s=1277
  1273: 0x439b26 M=1 runtime.(*sweepLocked).sweep /home/jzh/go/src/runtime/mgcsweep.go:553:0 s=505
  1274: 0x41912c M=1 runtime.chanparkcommit /home/jzh/go/src/runtime/chan.go:765:0 s=748
  1275: 0x459e98 M=1 runtime.goschedImpl /home/jzh/go/src/runtime/proc.go:4342:0 s=4307
  1276: 0x559f20 M=1 github.com/panjf2000/ants/v2/internal/sync.(*spinLock).Lock /home/jzh/ws/go/pkg/mod/github.com/panjf2000/ants/v2@v2.9.0/internal/sync/spinlock.go:17:0 s=17
  1277: 0x41d247 M=1 runtime.(*timeHistogram).record /home/jzh/go/src/runtime/histogram.go:124:0 s=105
  1278: 0x55b35c M=1 github.com/panjf2000/ants/v2.(*goWorker).run.func1 /home/jzh/ws/go/pkg/mod/github.com/panjf2000/ants/v2@v2.9.0/worker.go:63:0 s=48
  1279: 0x4537ea M=1 runtime.(*m).clearAllpSnapshot /home/jzh/go/src/runtime/proc.go:1098:0 s=1097
  1280: 0x487edd M=1 runtime.wakep /home/jzh/go/src/runtime/proc.go:3228:0 s=3212
  1281: 0x5dd5dd M=1 testing.(*PB).Next /home/jzh/go/src/testing/benchmark.go:933:0 s=922
             github.com/jzhang405/NexKV/internal/infrastructure/concurrency.BenchmarkPerCoreVsAnts_Transport_Throughput.func3.1 /home/jzh/ws/go/src/github.com/jzhang405/NexKV/internal/infrastructure/concurrency/executor_comparison_benchmark_test.go:120:0 s=119
  1282: 0x4212a2 M=1 runtime.mallocgcSmallScanNoHeader /home/jzh/go/src/runtime/malloc.go:1619:0 s=1555
  1283: 0x4396b6 M=1 runtime.sweepone /home/jzh/go/src/runtime/mgcsweep.go:383:0 s=359
  1284: 0x439f6a M=1 runtime.(*sweepLocked).sweep /home/jzh/go/src/runtime/mgcsweep.go:680:0 s=505
  1285: 0x41f6a9 M=1 runtime.(*mLockProfile).store /home/jzh/go/src/runtime/mprof.go:756:0 s=755
             runtime.unlock2 /home/jzh/go/src/runtime/lock_spinbit.go:317:0 s=267
  1286: 0x421195 M=1 runtime.getMCache /home/jzh/go/src/runtime/mcache.go:143:0 s=139
             runtime.mallocgcSmallScanNoHeader /home/jzh/go/src/runtime/malloc.go:1575:0 s=1555
  1287: 0x417e40 M=1 runtime.send /home/jzh/go/src/runtime/chan.go:318:0 s=318
  1288: 0x490c1f M=1 runtime.nanotime1 /home/jzh/go/src/runtime/sys_linux_amd64.s:294:0 s=223
  1289: 0x4575ee M=1 runtime.execute /home/jzh/go/src/runtime/proc.go:3331:0 s=3331
  1290: 0x45794f M=1 runtime.globrunqget /home/jzh/go/src/runtime/proc.go:7284:0 s=7281
             runtime.findRunnable /home/jzh/go/src/runtime/proc.go:3445:0 s=3389
  1291: 0x45976a M=1 runtime.schedule /home/jzh/go/src/runtime/proc.go:4135:0 s=4135
  1292: 0x55aef6 M=1 github.com/panjf2000/ants/v2.(*Pool).retrieveWorker /home/jzh/ws/go/pkg/mod/github.com/panjf2000/ants/v2@v2.9.0/pool.go:338:0 s=333
  1293: 0x41f282 M=1 runtime.lock2 /home/jzh/go/src/runtime/lock_spinbit.go:209:0 s=155
  1294: 0x453945 M=1 runtime.ready /home/jzh/go/src/runtime/proc.go:1139:0 s=1120
  1295: 0x43190c M=1 runtime.gcDrain /home/jzh/go/src/runtime/mgcmark.go:1276:0 s=1239
  1296: 0x41f28c M=1 runtime.lock2 /home/jzh/go/src/runtime/lock_spinbit.go:157:0 s=155
  1297: 0x41f20a M=1 runtime.lock2 /home/jzh/go/src/runtime/lock_spinbit.go:185:0 s=155
  1298: 0x48f084 M=1 runtime.procyieldAsm /home/jzh/go/src/runtime/asm_amd64.s:865:0 s=863
  1299: 0x459e3c M=1 runtime.globrunqput /home/jzh/go/src/runtime/proc.go:7252:0 s=7249
             runtime.goschedImpl /home/jzh/go/src/runtime/proc.go:4337:0 s=4307
  1300: 0x41813f M=1 runtime.sendDirect /home/jzh/go/src/runtime/chan.go:402:0 s=392
  1301: 0x418720 M=1 runtime.chanrecv2 /home/jzh/go/src/runtime/chan.go:513:0 s=513
  1302: 0x48bb4b M=1 time.runtimeIsBubbled /home/jzh/go/src/runtime/time.go:43:0 s=42
  1303: 0x4a5ef1 M=1 time.Since /home/jzh/go/src/time/time.go:1228:0 s=1227
  1304: 0x417f96 M=1 runtime.goready /home/jzh/go/src/runtime/proc.go:482:0 s=481
             runtime.send /home/jzh/go/src/runtime/chan.go:350:0 s=318
  1305: 0x4313fd M=1 internal/runtime/atomic.(*Uint32).Add /home/jzh/go/src/internal/runtime/atomic/types.go:291:0 s=290
             runtime.gcNextMarkRoot /home/jzh/go/src/runtime/mgcmark.go:1194:0 s=1191
  1306: 0x43471c M=1 runtime.scanObjectsSmall /home/jzh/go/src/runtime/mgcmark_greenteagc.go:1061:0 s=1015
  1307: 0x4189d4 M=1 runtime.chanrecv /home/jzh/go/src/runtime/chan.go:637:0 s=524
  1308: 0x48d800 M=1 runtime.mcall /home/jzh/go/src/runtime/asm_amd64.s:458:0 s=458
  1309: 0x55c03e M=1 github.com/panjf2000/ants/v2.(*workerStack).insert /home/jzh/ws/go/pkg/mod/github.com/panjf2000/ants/v2@v2.9.0/worker_stack.go:26:0 s=24
  1310: 0x5d01ca M=1 github.com/jzhang405/NexKV/internal/infrastructure/concurrency.(*AntsDefaultExecutor).Submit /home/jzh/ws/go/src/github.com/jzhang405/NexKV/internal/infrastructure/concurrency/executor_ants.go:29:0 s=28
  1311: 0x434e87 M=1 runtime.scanObject /home/jzh/go/src/runtime/mgcmark_greenteagc.go:1270:0 s=1187
  1312: 0x48d7e9 M=1 runtime.gogo /home/jzh/go/src/runtime/asm_amd64.s:438:0 s=435
  1313: 0x41f33c M=1 runtime.lock2 /home/jzh/go/src/runtime/lock_spinbit.go:216:0 s=155
  1314: 0x418721 M=1 runtime.chanrecv2 /home/jzh/go/src/runtime/chan.go:513:0 s=513
  1315: 0x4597df M=1 runtime.schedule /home/jzh/go/src/runtime/proc.go:4160:0 s=4135
  1316: 0x559f53 M=1 github.com/panjf2000/ants/v2/internal/sync.(*spinLock).Lock /home/jzh/ws/go/pkg/mod/github.com/panjf2000/ants/v2@v2.9.0/internal/sync/spinlock.go:19:0 s=17
  1317: 0x4525dc M=1 runtime.lockWithRank /home/jzh/go/src/runtime/lockrank_off.go:24:0 s=23
             runtime.lock /home/jzh/go/src/runtime/lock_spinbit.go:152:0 s=151
             runtime.releaseSudog /home/jzh/go/src/runtime/proc.go:566:0 s=526
  1318: 0x423321 M=1 runtime.(*mspan).writeHeapBitsSmall /home/jzh/go/src/runtime/mbitmap.go:624:0 s=624
  1319: 0x432da0 M=1 runtime.tryDeferToSpanScan /home/jzh/go/src/runtime/mgcmark_greenteagc.go:264:0 s=264
  1320: 0x459874 M=1 runtime.schedule /home/jzh/go/src/runtime/proc.go:4198:0 s=4135
  1321: 0x417e65 M=1 runtime.send /home/jzh/go/src/runtime/chan.go:319:0 s=318
  1322: 0x459d1c M=1 runtime.goschedImpl /home/jzh/go/src/runtime/proc.go:4311:0 s=4307
  1323: 0x4208aa M=1 runtime.(*mcache).nextFree /home/jzh/go/src/runtime/malloc.go:1048:0 s=1048
  1324: 0x436200 M=1 runtime.(*gcControllerState).update /home/jzh/go/src/runtime/mgcpacer.go:954:0 s=954
  1325: 0x424484 M=1 runtime.(*mcache).refill /home/jzh/go/src/runtime/mcache.go:235:0 s=160
  1326: 0x55bf8e M=1 github.com/panjf2000/ants/v2.(*workerStack).insert /home/jzh/ws/go/pkg/mod/github.com/panjf2000/ants/v2@v2.9.0/worker_stack.go:24:0 s=24
  1327: 0x5d01aa M=1 github.com/jzhang405/NexKV/internal/infrastructure/concurrency.(*AntsDefaultExecutor).Submit /home/jzh/ws/go/src/github.com/jzhang405/NexKV/internal/infrastructure/concurrency/executor_ants.go:28:0 s=28
  1328: 0x48fd8d M=1 runtime.memmove /home/jzh/go/src/runtime/memmove_amd64.s:189:0 s=35
  1329: 0x41f344 M=1 runtime.procyield /home/jzh/go/src/runtime/stubs.go:282:0 s=278
             runtime.lock2 /home/jzh/go/src/runtime/lock_spinbit.go:216:0 s=155
  1330: 0x460f16 M=1 runtime.runqput /home/jzh/go/src/runtime/proc.go:7494:0 s=7478
  1331: 0x4576b3 M=1 runtime.execute /home/jzh/go/src/runtime/proc.go:3334:0 s=3331
  1332: 0x419136 M=1 runtime.chanparkcommit /home/jzh/go/src/runtime/chan.go:765:0 s=748
  1333: 0x48d834 M=1 runtime.mcall /home/jzh/go/src/runtime/asm_amd64.s:488:0 s=458
  1334: 0x459cc0 M=1 runtime.goschedImpl /home/jzh/go/src/runtime/proc.go:4307:0 s=4307
  1335: 0x453862 M=1 runtime.ready /home/jzh/go/src/runtime/proc.go:1125:0 s=1120
  1336: 0x55b34e M=1 github.com/panjf2000/ants/v2.(*goWorker).run.func1 /home/jzh/ws/go/pkg/mod/github.com/panjf2000/ants/v2@v2.9.0/worker.go:63:0 s=48
  1337: 0x459a2e M=1 runtime.park_m /home/jzh/go/src/runtime/proc.go:4253:0 s=4253
  1338: 0x42117f M=1 runtime.nextFreeFast /home/jzh/go/src/runtime/malloc.go:1032:0 s=1021
             runtime.mallocgcSmallScanNoHeader /home/jzh/go/src/runtime/malloc.go:1579:0 s=1555
  1339: 0x42f373 M=1 runtime.markroot /home/jzh/go/src/runtime/mgcmark.go:264:0 s=221
  1340: 0x491216 M=1 time.now /home/jzh/go/src/runtime/time_linux_amd64.s:33:0 s=14
  1341: 0x44909d M=1 internal/runtime/atomic.(*Uint64).Add /home/jzh/go/src/internal/runtime/atomic/types.go:344:0 s=343
             runtime.(*atomicHeadTailIndex).incTail /home/jzh/go/src/runtime/mspanset.go:399:0 s=398
  1342: 0x448be6 M=1 runtime.(*spanSet).push /home/jzh/go/src/runtime/mspanset.go:85:0 s=83
  1343: 0x459a47 M=1 runtime.traceAcquire /home/jzh/go/src/runtime/traceruntime.go:189:0 s=188
             runtime.park_m /home/jzh/go/src/runtime/proc.go:4256:0 s=4253
  1344: 0x459ac2 M=1 runtime.park_m /home/jzh/go/src/runtime/proc.go:4275:0 s=4253
  1345: 0x41f4c2 M=1 runtime.lock2 /home/jzh/go/src/runtime/lock_spinbit.go:256:0 s=155
  1346: 0x448d42 M=1 runtime.(*spanSet).push /home/jzh/go/src/runtime/mspanset.go:146:0 s=83
  1347: 0x452b87 M=1 runtime.forEachG /home/jzh/go/src/runtime/proc.go:733:0 s=731
  1348: 0x4502d5 M=1 runtime.suspendG /home/jzh/go/src/runtime/preempt.go:144:0 s=106
  1349: 0x43fe58 M=1 runtime.(*gcBitsArena).tryAlloc /home/jzh/go/src/runtime/mheap.go:2909:0 s=2904
             runtime.newMarkBits /home/jzh/go/src/runtime/mheap.go:2926:0 s=2920
  1350: 0x439fc8 M=1 runtime.(*sweepLocked).sweep /home/jzh/go/src/runtime/mgcsweep.go:698:0 s=505
  1351: 0x55c0b2 M=1 github.com/panjf2000/ants/v2.(*workerStack).detach /home/jzh/ws/go/pkg/mod/github.com/panjf2000/ants/v2@v2.9.0/worker_stack.go:36:0 s=29
  1352: 0x41f2fa M=1 runtime.lock2 /home/jzh/go/src/runtime/lock_spinbit.go:220:0 s=155
  1353: 0x418bb4 M=1 internal/runtime/atomic.(*Bool).Store /home/jzh/go/src/internal/runtime/atomic/types.go:179:0 s=174
             runtime.chanrecv /home/jzh/go/src/runtime/chan.go:662:0 s=524
  1354: 0x421219 M=1 runtime.mallocgcSmallScanNoHeader /home/jzh/go/src/runtime/malloc.go:1590:0 s=1555
  1355: 0x459e5c M=1 runtime.(*guintptr).set /home/jzh/go/src/runtime/runtime2.go:248:0 s=248
             runtime.(*gQueue).pushBack /home/jzh/go/src/runtime/proc.go:7776:0 s=7773
             runtime.globrunqput /home/jzh/go/src/runtime/proc.go:7252:0 s=7249
             runtime.goschedImpl /home/jzh/go/src/runtime/proc.go:4337:0 s=4307
  1356: 0x41f463 M=1 runtime.lock2 /home/jzh/go/src/runtime/lock_spinbit.go:247:0 s=155
  1357: 0x454380 M=1 runtime.casgstatus /home/jzh/go/src/runtime/proc.go:1362:0 s=1277
  1358: 0x41d220 M=1 runtime.(*timeHistogram).record /home/jzh/go/src/runtime/histogram.go:107:0 s=105
  1359: 0x434e05 M=1 runtime.scanObject /home/jzh/go/src/runtime/mgcmark_greenteagc.go:1250:0 s=1187
  1360: 0x433541 M=1 runtime.(*spanQueue).refill /home/jzh/go/src/runtime/mgcmark_greenteagc.go:594:0 s=586
  1361: 0x4334ae M=1 runtime.(*spanQueue).steal /home/jzh/go/src/runtime/mgcmark_greenteagc.go:558:0 s=543
  1362: 0x431b0e M=1 runtime.gcDrainN /home/jzh/go/src/runtime/mgcmark.go:1416:0 s=1392
  1363: 0x493e85 M=1 sync.(*Cond).Signal /home/jzh/go/src/sync/cond.go:85:0 s=82
  1364: 0x41f94c M=1 runtime.unlock2Wake /home/jzh/go/src/runtime/lock_spinbit.go:454:0 s=345
  1365: 0x418132 M=1 runtime.sendDirect /home/jzh/go/src/runtime/chan.go:402:0 s=392
  1366: 0x4577af M=1 runtime.execute /home/jzh/go/src/runtime/proc.go:3382:0 s=3331
  1367: 0x460d60 M=1 runtime.pidleget /home/jzh/go/src/runtime/proc.go:7406:0 s=7402
  1368: 0x472233 M=1 internal/runtime/atomic.(*Int64).Load /home/jzh/go/src/internal/runtime/atomic/types.go:74:0 s=73
             runtime.(*timers).wakeTime /home/jzh/go/src/runtime/time.go:991:0 s=985
             runtime.(*timers).check /home/jzh/go/src/runtime/time.go:1013:0 s=1009
  1369: 0x41f21c M=1 runtime.lock2 /home/jzh/go/src/runtime/lock_spinbit.go:186:0 s=155
  1370: 0x48628f M=1 runtime.findObject /home/jzh/go/src/runtime/mbitmap.go:1366:0 s=1361
  1371: 0x433074 M=1 runtime.(*spanQueue).tryGetFast /home/jzh/go/src/runtime/mgcmark_greenteagc.go:532:0 s=531
             runtime.(*gcWork).tryGetSpan /home/jzh/go/src/runtime/mgcmark_greenteagc.go:323:0 s=322
  1372: 0x42281f M=1 runtime.typePointers.next /home/jzh/go/src/runtime/mbitmap.go:244:0 s=243
  1373: 0x419106 M=1 runtime.chanparkcommit /home/jzh/go/src/runtime/chan.go:748:0 s=748
  1374: 0x4898c1 M=1 sync.runtime_notifyListNotifyOne /home/jzh/go/src/runtime/sema.go:672:0 s=668
  1375: 0x559f8d M=1 github.com/panjf2000/ants/v2/internal/sync.(*spinLock).Lock /home/jzh/ws/go/pkg/mod/github.com/panjf2000/ants/v2@v2.9.0/internal/sync/spinlock.go:24:0 s=17
  1376: 0x4537f6 M=1 runtime.(*m).clearAllpSnapshot /home/jzh/go/src/runtime/proc.go:1099:0 s=1097
  1377: 0x418c00 M=1 runtime.chanrecv /home/jzh/go/src/runtime/chan.go:670:0 s=524
  1378: 0x418012 M=1 runtime.send.goready.func1 /home/jzh/go/src/runtime/proc.go:482:0 s=482
  1379: 0x41e8a8 M=1 runtime.(*lfstack).pop /home/jzh/go/src/runtime/lfstack.go:49:0 s=36
  1380: 0x438baf M=1 runtime.(*stackScanState).putPtr /home/jzh/go/src/runtime/mgcstack.go:213:0 s=202
  1381: 0x431d92 M=1 runtime.scanblock /home/jzh/go/src/runtime/mgcmark.go:1499:0 s=1479
  1382: 0x4346a0 M=1 runtime.scanObjectsSmall /home/jzh/go/src/runtime/mgcmark_greenteagc.go:1050:0 s=1015
  1383: 0x459a2a M=1 runtime.park_m /home/jzh/go/src/runtime/proc.go:4253:0 s=4253
  1384: 0x41f5f7 M=1 runtime.mutexSampleContention /home/jzh/go/src/runtime/lock_spinbit.go:330:0 s=329
             runtime.unlock2 /home/jzh/go/src/runtime/lock_spinbit.go:273:0 s=267
  1385: 0x4537c7 M=1 runtime.(*m).clearAllpSnapshot /home/jzh/go/src/runtime/proc.go:1097:0 s=1097
  1386: 0x559f3c M=1 github.com/panjf2000/ants/v2/internal/sync.(*spinLock).Lock /home/jzh/ws/go/pkg/mod/github.com/panjf2000/ants/v2@v2.9.0/internal/sync/spinlock.go:19:0 s=17
  1387: 0x459dee M=1 runtime.(*guintptr).set /home/jzh/go/src/runtime/runtime2.go:248:0 s=248
             runtime.setGNoWB /home/jzh/go/src/runtime/runtime2.go:266:0 s=265
             runtime.dropg /home/jzh/go/src/runtime/proc.go:4244:0 s=4240
             runtime.goschedImpl /home/jzh/go/src/runtime/proc.go:4330:0 s=4307
  1388: 0x417f87 M=1 runtime.goready /home/jzh/go/src/runtime/proc.go:482:0 s=481
             runtime.send /home/jzh/go/src/runtime/chan.go:350:0 s=318
  1389: 0x55b33b M=1 github.com/panjf2000/ants/v2.(*goWorker).run.func1 /home/jzh/ws/go/pkg/mod/github.com/panjf2000/ants/v2@v2.9.0/worker.go:63:0 s=48
  1390: 0x55b0c2 M=1 github.com/panjf2000/ants/v2.(*Pool).revertWorker /home/jzh/ws/go/pkg/mod/github.com/panjf2000/ants/v2@v2.9.0/pool.go:373:0 s=372
  1391: 0x443fd2 M=1 runtime.(*pallocBits).summarize /home/jzh/go/src/runtime/mpallocbits.go:136:0 s=132
  1392: 0x4542a3 M=1 runtime.casgstatus /home/jzh/go/src/runtime/proc.go:1328:0 s=1277
  1393: 0x47223c M=1 internal/runtime/atomic.(*Int64).Load /home/jzh/go/src/internal/runtime/atomic/types.go:74:0 s=73
             runtime.(*timers).wakeTime /home/jzh/go/src/runtime/time.go:992:0 s=985
             runtime.(*timers).check /home/jzh/go/src/runtime/time.go:1013:0 s=1009
  1394: 0x4211fd M=1 runtime.mallocgcSmallScanNoHeader /home/jzh/go/src/runtime/malloc.go:1585:0 s=1555
  1395: 0x4576d3 M=1 runtime.execute /home/jzh/go/src/runtime/proc.go:3353:0 s=3331
  1396: 0x41f35b M=1 runtime.lock2 /home/jzh/go/src/runtime/lock_spinbit.go:217:0 s=155
  1397: 0x41811b M=1 runtime.sendDirect /home/jzh/go/src/runtime/chan.go:399:0 s=392
  1398: 0x55b149 M=1 github.com/panjf2000/ants/v2.(*Pool).revertWorker /home/jzh/ws/go/pkg/mod/github.com/panjf2000/ants/v2@v2.9.0/pool.go:378:0 s=372
  1399: 0x42123e M=1 runtime.heapSetTypeNoHeader /home/jzh/go/src/runtime/mbitmap.go:709:0 s=705
             runtime.mallocgcSmallScanNoHeader /home/jzh/go/src/runtime/malloc.go:1592:0 s=1555
  1400: 0x4313e7 M=1 runtime.gcNextMarkRoot /home/jzh/go/src/runtime/mgcmark.go:1192:0 s=1191
  1401: 0x4acf78 M=1 time.Now /home/jzh/go/src/time/time.go:1352:0 s=1347
  1402: 0x48d880 M=1 runtime.systemstack /home/jzh/go/src/runtime/asm_amd64.s:520:0 s=520
  1403: 0x491208 M=1 time.now /home/jzh/go/src/runtime/time_linux_amd64.s:25:0 s=14
  1404: 0x48cb74 M=1 gosave_systemstack_switch /home/jzh/go/src/runtime/asm_amd64.s:894:0 s=886
  1405: 0x4acf7f M=1 time.Now /home/jzh/go/src/time/time.go:1353:0 s=1347
  1406: 0x4178e0 M=1 runtime.chansend /home/jzh/go/src/runtime/chan.go:224:0 s=176
  1407: 0x421160 M=1 runtime.nextFreeFast /home/jzh/go/src/runtime/malloc.go:1033:0 s=1021
             runtime.mallocgcSmallScanNoHeader /home/jzh/go/src/runtime/malloc.go:1579:0 s=1555
  1408: 0x45758e M=1 runtime.gcstopm /home/jzh/go/src/runtime/proc.go:3319:0 s=3296
  1409: 0x457b36 M=1 runtime.findRunnable /home/jzh/go/src/runtime/proc.go:3404:0 s=3389
  1410: 0x433c82 M=1 runtime.scanSpan /home/jzh/go/src/runtime/mgcmark_greenteagc.go:854:0 s=844
  1411: 0x41d225 M=1 runtime.(*timeHistogram).record /home/jzh/go/src/runtime/histogram.go:119:0 s=105
  1412: 0x55b0fa M=1 sync/atomic.(*Value).Load /home/jzh/go/src/sync/atomic/value.go:31:0 s=28
             github.com/panjf2000/ants/v2.(*Pool).nowTime /home/jzh/ws/go/pkg/mod/github.com/panjf2000/ants/v2@v2.9.0/pool.go:160:0 s=159
             github.com/panjf2000/ants/v2.(*Pool).revertWorker /home/jzh/ws/go/pkg/mod/github.com/panjf2000/ants/v2@v2.9.0/pool.go:378:0 s=372
  1413: 0x418a49 M=1 runtime.chanrecv /home/jzh/go/src/runtime/chan.go:647:0 s=524
  1414: 0x4523c4 M=1 runtime.releaseSudog /home/jzh/go/src/runtime/proc.go:526:0 s=526
  1415: 0x459cf2 M=1 runtime.traceAcquire /home/jzh/go/src/runtime/traceruntime.go:189:0 s=188
             runtime.goschedImpl /home/jzh/go/src/runtime/proc.go:4309:0 s=4307
  1416: 0x487e9e M=1 internal/runtime/atomic.(*Int32).CompareAndSwap /home/jzh/go/src/internal/runtime/atomic/types.go:37:0 s=36
             runtime.wakep /home/jzh/go/src/runtime/proc.go:3215:0 s=3212
  1417: 0x41f51f M=1 runtime.lock2 /home/jzh/go/src/runtime/lock_spinbit.go:201:0 s=155
  1418: 0x487f11 M=1 runtime.unlockWithRank /home/jzh/go/src/runtime/lockrank_off.go:35:0 s=34
             runtime.unlock /home/jzh/go/src/runtime/lock_spinbit.go:261:0 s=260
             runtime.wakep /home/jzh/go/src/runtime/proc.go:3233:0 s=3212
  1419: 0x4212d5 M=1 runtime.mallocgcSmallScanNoHeader /home/jzh/go/src/runtime/malloc.go:1631:0 s=1555
  1420: 0x434dff M=1 runtime.scanObject /home/jzh/go/src/runtime/mgcmark_greenteagc.go:1254:0 s=1187
  1421: 0x457898 M=1 runtime.findRunnable /home/jzh/go/src/runtime/proc.go:3415:0 s=3389
  1422: 0x490b9d M=1 runtime.nanotime1 /home/jzh/go/src/runtime/sys_linux_amd64.s:252:0 s=223
  1423: 0x4178d2 M=1 runtime.chansend /home/jzh/go/src/runtime/chan.go:224:0 s=176
  1424: 0x472298 M=1 internal/runtime/atomic.(*Int32).Load /home/jzh/go/src/internal/runtime/atomic/types.go:21:0 s=20
             runtime.(*timers).check /home/jzh/go/src/runtime/time.go:1026:0 s=1009
  1425: 0x42131a M=1 runtime.releasem /home/jzh/go/src/runtime/runtime1.go:609:0 s=607
             runtime.mallocgcSmallScanNoHeader /home/jzh/go/src/runtime/malloc.go:1636:0 s=1555
  1426: 0x460d4b M=1 runtime.pidleget /home/jzh/go/src/runtime/proc.go:7402:0 s=7402
  1427: 0x4611cd M=1 runtime.runqputbatch /home/jzh/go/src/runtime/proc.go:7572:0 s=7565
  1428: 0x4a5edc M=1 time.Since /home/jzh/go/src/time/time.go:1228:0 s=1227
  1429: 0x45773e M=1 runtime.traceAcquire /home/jzh/go/src/runtime/traceruntime.go:189:0 s=188
             runtime.execute /home/jzh/go/src/runtime/proc.go:3376:0 s=3331
  1430: 0x41f30c M=1 runtime.lock2 /home/jzh/go/src/runtime/lock_spinbit.go:221:0 s=155
  1431: 0x55b0c8 M=1 github.com/panjf2000/ants/v2.(*Pool).revertWorker /home/jzh/ws/go/pkg/mod/github.com/panjf2000/ants/v2@v2.9.0/pool.go:373:0 s=372
  1432: 0x45981a M=1 runtime.schedule /home/jzh/go/src/runtime/proc.go:4164:0 s=4135
  1433: 0x55b186 M=1 github.com/panjf2000/ants/v2.(*Pool).revertWorker /home/jzh/ws/go/pkg/mod/github.com/panjf2000/ants/v2@v2.9.0/pool.go:380:0 s=372
  1434: 0x435fc0 M=1 runtime.(*gcControllerState).releaseNextGCMarkWorker /home/jzh/go/src/runtime/mgcpacer.go:901:0 s=901
  1435: 0x4187b3 M=1 runtime.chanrecv /home/jzh/go/src/runtime/chan.go:544:0 s=524
  1436: 0x490c1a M=1 runtime.nanotime1 /home/jzh/go/src/runtime/sys_linux_amd64.s:293:0 s=223
  1437: 0x4722d4 M=1 runtime.(*timers).check /home/jzh/go/src/runtime/time.go:1030:0 s=1009
  1438: 0x41911c M=1 runtime.chanparkcommit /home/jzh/go/src/runtime/chan.go:758:0 s=748
  1439: 0x55b041 M=1 github.com/panjf2000/ants/v2.(*Pool).retrieveWorker /home/jzh/ws/go/pkg/mod/github.com/panjf2000/ants/v2@v2.9.0/pool.go:338:0 s=333
  1440: 0x41f519 M=1 runtime.lock2 /home/jzh/go/src/runtime/lock_spinbit.go:201:0 s=155
  1441: 0x431ac2 M=1 runtime.gcDrainN /home/jzh/go/src/runtime/mgcmark.go:1413:0 s=1392
  1442: 0x4862a4 M=1 runtime.findObject /home/jzh/go/src/runtime/mbitmap.go:1378:0 s=1361
  1443: 0x418a3d M=1 runtime.chanrecv /home/jzh/go/src/runtime/chan.go:646:0 s=524
  1444: 0x460b04 M=1 runtime.(*gQueue).pop /home/jzh/go/src/runtime/proc.go:7803:0 s=7802
             runtime.globrunqgetbatch /home/jzh/go/src/runtime/proc.go:7306:0 s=7293
  1445: 0x55aec0 M=1 github.com/panjf2000/ants/v2.(*Pool).retrieveWorker /home/jzh/ws/go/pkg/mod/github.com/panjf2000/ants/v2@v2.9.0/pool.go:333:0 s=333
  1446: 0x457b06 M=1 runtime.(*guintptr).cas /home/jzh/go/src/runtime/runtime2.go:252:0 s=251
             runtime.runqget /home/jzh/go/src/runtime/proc.go:7604:0 s=7598
             runtime.findRunnable /home/jzh/go/src/runtime/proc.go:3469:0 s=3389
  1447: 0x41f5ea M=1 runtime.unlock2 /home/jzh/go/src/runtime/lock_spinbit.go:267:0 s=267
  1448: 0x4722b5 M=1 runtime.(*timers).check /home/jzh/go/src/runtime/time.go:1030:0 s=1009
  1449: 0x45788c M=1 runtime.traceShuttingDown /home/jzh/go/src/runtime/traceruntime.go:165:0 s=164
             runtime.findRunnable /home/jzh/go/src/runtime/proc.go:3418:0 s=3389
  1450: 0x459760 M=1 runtime.schedule /home/jzh/go/src/runtime/proc.go:4135:0 s=4135
  1451: 0x4524fe M=1 runtime.releasem /home/jzh/go/src/runtime/runtime1.go:609:0 s=607
             runtime.releaseSudog /home/jzh/go/src/runtime/proc.go:572:0 s=526
  1452: 0x41f370 M=1 runtime.lock2 /home/jzh/go/src/runtime/lock_spinbit.go:185:0 s=155
  1453: 0x55b5b3 M=1 github.com/panjf2000/ants/v2.(*goWorker).inputFunc /home/jzh/ws/go/pkg/mod/github.com/panjf2000/ants/v2@v2.9.0/worker.go:84:0 s=83
  1454: 0x490baf M=1 runtime.nanotime1 /home/jzh/go/src/runtime/sys_linux_amd64.s:257:0 s=223
  1455: 0x4a5eca M=1 time.Since /home/jzh/go/src/time/time.go:1227:0 s=1227
  1456: 0x41f27b M=1 runtime.lock2 /home/jzh/go/src/runtime/lock_spinbit.go:209:0 s=155
  1457: 0x458a55 M=1 runtime.runqget /home/jzh/go/src/runtime/proc.go:7615:0 s=7598
             runtime.findRunnable /home/jzh/go/src/runtime/proc.go:3469:0 s=3389
  1458: 0x459b35 M=1 runtime.(*muintptr).set /home/jzh/go/src/runtime/runtime2.go:292:0 s=292
             runtime.setMNoWB /home/jzh/go/src/runtime/runtime2.go:300:0 s=299
             runtime.dropg /home/jzh/go/src/runtime/proc.go:4243:0 s=4240
             runtime.park_m /home/jzh/go/src/runtime/proc.go:4280:0 s=4253
  1459: 0x452465 M=1 runtime.releaseSudog /home/jzh/go/src/runtime/proc.go:571:0 s=526
  1460: 0x41f7f4 M=1 runtime.cheaprand /home/jzh/go/src/runtime/rand.go:236:0 s=227
             runtime.cheaprandn /home/jzh/go/src/runtime/rand.go:293:0 s=291
             runtime.unlock2Wake /home/jzh/go/src/runtime/lock_spinbit.go:350:0 s=345
  1461: 0x459b9d M=1 runtime.park_m /home/jzh/go/src/runtime/proc.go:4285:0 s=4253
  1462: 0x435c14 M=1 runtime.(*gcControllerState).assignWaitingGCWorker /home/jzh/go/src/runtime/mgcpacer.go:781:0 s=764
  1463: 0x4233c5 M=1 runtime.(*mspan).writeHeapBitsSmall /home/jzh/go/src/runtime/mbitmap.go:655:0 s=624
  1464: 0x417f1c M=1 runtime.send /home/jzh/go/src/runtime/chan.go:345:0 s=318
  1465: 0x435c58 M=1 runtime.(*gcControllerState).assignWaitingGCWorker /home/jzh/go/src/runtime/mgcpacer.go:778:0 s=764
  1466: 0x4a5f26 M=1 time.subMono /home/jzh/go/src/time/time.go:1215:0 s=1214
             time.Since /home/jzh/go/src/time/time.go:1230:0 s=1227
  1467: 0x43d864 M=1 runtime.(*mheap).initSpan /home/jzh/go/src/runtime/mheap.go:1493:0 s=1439
  1468: 0x43d4fd M=1 runtime.(*mheap).allocSpan /home/jzh/go/src/runtime/mheap.go:1393:0 s=1224
  1469: 0x418739 M=1 runtime.chanrecv2 /home/jzh/go/src/runtime/chan.go:515:0 s=513
  1470: 0x417f01 M=1 runtime.send /home/jzh/go/src/runtime/chan.go:343:0 s=318
  1471: 0x45784b M=1 runtime.puintptr.ptr /home/jzh/go/src/runtime/runtime2.go:272:0 s=272
             runtime.findRunnable /home/jzh/go/src/runtime/proc.go:3402:0 s=3389
  1472: 0x48bacf M=1 time.runtimeNow /home/jzh/go/src/runtime/time.go:29:0 s=17
  1473: 0x41f271 M=1 runtime.lock2 /home/jzh/go/src/runtime/lock_spinbit.go:205:0 s=155
  1474: 0x48f0a0 M=1 runtime.publicationBarrier /home/jzh/go/src/runtime/asm_amd64.s:878:0 s=875
  1475: 0x421293 M=1 runtime.mallocgcSmallScanNoHeader /home/jzh/go/src/runtime/malloc.go:1602:0 s=1555
  1476: 0x4502da M=1 runtime.suspendG /home/jzh/go/src/runtime/preempt.go:144:0 s=106
  1477: 0x43df2b M=1 runtime.(*mspan).base /home/jzh/go/src/runtime/mheap.go:519:0 s=518
             runtime.(*mheap).freeSpanLocked /home/jzh/go/src/runtime/mheap.go:1749:0 s=1730
  1478: 0x459b38 M=1 runtime.setMNoWB /home/jzh/go/src/runtime/runtime2.go:300:0 s=299
             runtime.dropg /home/jzh/go/src/runtime/proc.go:4243:0 s=4240
             runtime.park_m /home/jzh/go/src/runtime/proc.go:4280:0 s=4253
  1479: 0x4611f4 M=1 runtime.(*gQueue).pop /home/jzh/go/src/runtime/proc.go:7807:0 s=7802
             runtime.runqputbatch /home/jzh/go/src/runtime/proc.go:7573:0 s=7565
  1480: 0x4212d2 M=1 runtime.mallocgcSmallScanNoHeader /home/jzh/go/src/runtime/malloc.go:1631:0 s=1555
  1481: 0x448d28 M=1 runtime.(*spanSet).push /home/jzh/go/src/runtime/mspanset.go:86:0 s=83
  1482: 0x559fab M=1 github.com/panjf2000/ants/v2/internal/sync.(*spinLock).Lock /home/jzh/ws/go/pkg/mod/github.com/panjf2000/ants/v2@v2.9.0/internal/sync/spinlock.go:28:0 s=17
  1483: 0x452ba2 M=1 runtime.forEachG /home/jzh/go/src/runtime/proc.go:733:0 s=731
  1484: 0x4228b1 M=1 runtime.typePointers.next /home/jzh/go/src/runtime/mbitmap.go:269:0 s=243
  1485: 0x434519 M=1 runtime.scanObjectsSmall /home/jzh/go/src/runtime/mgcmark_greenteagc.go:1029:0 s=1015
  1486: 0x45244b M=1 runtime.releaseSudog /home/jzh/go/src/runtime/proc.go:551:0 s=526
  1487: 0x55c080 M=1 github.com/panjf2000/ants/v2.(*workerStack).detach /home/jzh/ws/go/pkg/mod/github.com/panjf2000/ants/v2@v2.9.0/worker_stack.go:29:0 s=29
  1488: 0x48d81f M=1 runtime.mcall /home/jzh/go/src/runtime/asm_amd64.s:479:0 s=458
  1489: 0x457895 M=1 internal/runtime/atomic.(*Bool).Load /home/jzh/go/src/internal/runtime/atomic/types.go:168:0 s=167
             runtime.traceShuttingDown /home/jzh/go/src/runtime/traceruntime.go:165:0 s=164
             runtime.findRunnable /home/jzh/go/src/runtime/proc.go:3418:0 s=3389
  1490: 0x48caef M=1 gogo /home/jzh/go/src/runtime/asm_amd64.s:446:0 s=441
  1491: 0x4346ac M=1 runtime.scanObjectsSmall /home/jzh/go/src/runtime/mgcmark_greenteagc.go:1052:0 s=1015
  1492: 0x424ba0 M=1 runtime.(*mcentral).cacheSpan /home/jzh/go/src/runtime/mcentral.go:185:0 s=82
  1493: 0x418c84 M=1 runtime.chanrecv /home/jzh/go/src/runtime/chan.go:681:0 s=524
  1494: 0x4611da M=1 runtime.(*gQueue).pop /home/jzh/go/src/runtime/proc.go:7803:0 s=7802
             runtime.runqputbatch /home/jzh/go/src/runtime/proc.go:7573:0 s=7565
  1495: 0x55b188 M=1 github.com/panjf2000/ants/v2.(*Pool).IsClosed /home/jzh/ws/go/pkg/mod/github.com/panjf2000/ants/v2@v2.9.0/pool.go:271:0 s=270
             github.com/panjf2000/ants/v2.(*Pool).revertWorker /home/jzh/ws/go/pkg/mod/github.com/panjf2000/ants/v2@v2.9.0/pool.go:383:0 s=372
  1496: 0x452208 M=1 runtime.acquireSudog /home/jzh/go/src/runtime/proc.go:504:0 s=488
  1497: 0x418c2f M=1 runtime.chanrecv /home/jzh/go/src/runtime/chan.go:676:0 s=524
  1498: 0x5dd08c M=1 runtime.Gosched /home/jzh/go/src/runtime/proc.go:391:0 s=389
             github.com/jzhang405/NexKV/internal/infrastructure/concurrency.simulateTransportTask /home/jzh/ws/go/src/github.com/jzhang405/NexKV/internal/infrastructure/concurrency/executor_comparison_benchmark_test.go:27:0 s=22
  1499: 0x45768e M=1 runtime.execute /home/jzh/go/src/runtime/proc.go:3346:0 s=3331
  1500: 0x55aece M=1 github.com/panjf2000/ants/v2.(*Pool).retrieveWorker /home/jzh/ws/go/pkg/mod/github.com/panjf2000/ants/v2@v2.9.0/pool.go:333:0 s=333
  1501: 0x45764a M=1 runtime.execute /home/jzh/go/src/runtime/proc.go:3342:0 s=3331
  1502: 0x55b117 M=1 sync/atomic.(*Value).Load /home/jzh/go/src/sync/atomic/value.go:38:0 s=28
             github.com/panjf2000/ants/v2.(*Pool).nowTime /home/jzh/ws/go/pkg/mod/github.com/panjf2000/ants/v2@v2.9.0/pool.go:160:0 s=159
             github.com/panjf2000/ants/v2.(*Pool).revertWorker /home/jzh/ws/go/pkg/mod/github.com/panjf2000/ants/v2@v2.9.0/pool.go:378:0 s=372
  1503: 0x41812a M=1 runtime.sendDirect /home/jzh/go/src/runtime/chan.go:399:0 s=392
  1504: 0x421cce M=1 runtime.newobject /home/jzh/go/src/runtime/malloc.go:2209:0 s=2208
  1505: 0x493e52 M=1 sync.(*copyChecker).check /home/jzh/go/src/sync/cond.go:104:0 s=99
             sync.(*Cond).Signal /home/jzh/go/src/sync/cond.go:83:0 s=82
  1506: 0x4211fa M=1 runtime.mallocgcSmallScanNoHeader /home/jzh/go/src/runtime/malloc.go:1585:0 s=1555
  1507: 0x433c4f M=1 runtime.scanSpan /home/jzh/go/src/runtime/mgcmark_greenteagc.go:845:0 s=844
  1508: 0x459d6a M=1 runtime.goschedImpl /home/jzh/go/src/runtime/proc.go:4325:0 s=4307
  1509: 0x487efc M=1 internal/runtime/atomic.(*Int32).Add /home/jzh/go/src/internal/runtime/atomic/types.go:56:0 s=55
             runtime.wakep /home/jzh/go/src/runtime/proc.go:3230:0 s=3212
  1510: 0x41f46d M=1 runtime.lock2 /home/jzh/go/src/runtime/lock_spinbit.go:247:0 s=155
  1511: 0x41f43a M=1 runtime.lock2 /home/jzh/go/src/runtime/lock_spinbit.go:242:0 s=155
  1512: 0x48f973 M=1 runtime.memclrNoHeapPointers /home/jzh/go/src/runtime/memclr_amd64.s:33:0 s=15
  1513: 0x490340 M=1 runtime.asyncPreempt /home/jzh/go/src/runtime/preempt_amd64.s:9:0 s=8
  1514: 0x485bc5 M=1 runtime.mallocgc /home/jzh/go/src/runtime/malloc.go:1202:0 s=1119
  1515: 0x41f693 M=1 runtime.unlock2 /home/jzh/go/src/runtime/lock_spinbit.go:317:0 s=267
  1516: 0x48fb70 M=1 runtime.memclrNoHeapPointers /home/jzh/go/src/runtime/memclr_amd64.s:184:0 s=15
  1517: 0x485c48 M=1 runtime.mallocgc /home/jzh/go/src/runtime/malloc.go:1251:0 s=1119
  1518: 0x459a9e M=1 runtime.park_m /home/jzh/go/src/runtime/proc.go:4263:0 s=4253
  1519: 0x41f675 M=1 runtime.unlock2 /home/jzh/go/src/runtime/lock_spinbit.go:275:0 s=267
  1520: 0x42f2a6 M=1 runtime.markroot /home/jzh/go/src/runtime/mgcmark.go:226:0 s=221
  1521: 0x422812 M=1 runtime.typePointers.next /home/jzh/go/src/runtime/mbitmap.go:244:0 s=243
  1522: 0x5d024b M=1 github.com/jzhang405/NexKV/internal/infrastructure/concurrency.(*AntsDefaultExecutor).Submit /home/jzh/ws/go/src/github.com/jzhang405/NexKV/internal/infrastructure/concurrency/executor_ants.go:41:0 s=28
  1523: 0x452149 M=1 runtime.acquireSudog /home/jzh/go/src/runtime/proc.go:516:0 s=488
  1524: 0x55b129 M=1 github.com/panjf2000/ants/v2.(*Pool).nowTime /home/jzh/ws/go/pkg/mod/github.com/panjf2000/ants/v2@v2.9.0/pool.go:160:0 s=159
             github.com/panjf2000/ants/v2.(*Pool).revertWorker /home/jzh/ws/go/pkg/mod/github.com/panjf2000/ants/v2@v2.9.0/pool.go:378:0 s=372
  1525: 0x45257e M=1 runtime.releaseSudog /home/jzh/go/src/runtime/proc.go:558:0 s=526
  1526: 0x43188b M=1 runtime.gcDrain /home/jzh/go/src/runtime/mgcmark.go:1300:0 s=1239
  1527: 0x41f1b5 M=1 runtime.lock2 /home/jzh/go/src/runtime/lock_spinbit.go:165:0 s=155
  1528: 0x457b58 M=1 runtime.findRunnable /home/jzh/go/src/runtime/proc.go:3475:0 s=3389
  1529: 0x417ec5 M=1 runtime.send /home/jzh/go/src/runtime/chan.go:341:0 s=318
  1530: 0x4234c6 M=1 runtime.(*mspan).writeHeapBitsSmall /home/jzh/go/src/runtime/mbitmap.go:640:0 s=624
  1531: 0x41f46a M=1 runtime.lock2 /home/jzh/go/src/runtime/lock_spinbit.go:247:0 s=155
  1532: 0x460b0b M=1 runtime.globrunqgetbatch /home/jzh/go/src/runtime/proc.go:7306:0 s=7293
  1533: 0x45981e M=1 runtime.schedule /home/jzh/go/src/runtime/proc.go:4167:0 s=4135
  1534: 0x41f48a M=1 runtime.lock2 /home/jzh/go/src/runtime/lock_spinbit.go:251:0 s=155
  1535: 0x55c01b M=1 github.com/panjf2000/ants/v2.(*workerStack).insert /home/jzh/ws/go/pkg/mod/github.com/panjf2000/ants/v2@v2.9.0/worker_stack.go:25:0 s=24
  1536: 0x460aa3 M=1 runtime.globrunqgetbatch /home/jzh/go/src/runtime/proc.go:7300:0 s=7293
  1537: 0x418cb0 M=1 runtime.(*maybeTraceableChan).set /home/jzh/go/src/runtime/runtime2.go:388:0 s=387
             runtime.chanrecv /home/jzh/go/src/runtime/chan.go:683:0 s=524
  1538: 0x453876 M=1 runtime.traceAcquire /home/jzh/go/src/runtime/traceruntime.go:189:0 s=188
             runtime.ready /home/jzh/go/src/runtime/proc.go:1131:0 s=1120
  1539: 0x42122e M=1 runtime.mallocgcSmallScanNoHeader /home/jzh/go/src/runtime/malloc.go:1587:0 s=1555
  1540: 0x487dce M=1 runtime.gopark /home/jzh/go/src/runtime/proc.go:463:0 s=445
  1541: 0x41f96f M=1 runtime.unlock2Wake /home/jzh/go/src/runtime/lock_spinbit.go:459:0 s=345
  1542: 0x47232a M=1 runtime.(*timers).check /home/jzh/go/src/runtime/time.go:1016:0 s=1009
  1543: 0x5dd60a M=1 testing.(*PB).Next /home/jzh/go/src/testing/benchmark.go:923:0 s=922
             github.com/jzhang405/NexKV/internal/infrastructure/concurrency.BenchmarkPerCoreVsAnts_Transport_Throughput.func3.1 /home/jzh/ws/go/src/github.com/jzhang405/NexKV/internal/infrastructure/concurrency/executor_comparison_benchmark_test.go:120:0 s=119
  1544: 0x432eb1 M=1 runtime.spanClass.noscan /home/jzh/go/src/runtime/mheap.go:600:0 s=599
             runtime.tryDeferToSpanScan /home/jzh/go/src/runtime/mgcmark_greenteagc.go:293:0 s=264
  1545: 0x459e13 M=1 runtime.goschedImpl /home/jzh/go/src/runtime/proc.go:4331:0 s=4307
  1546: 0x559f74 M=1 github.com/panjf2000/ants/v2/internal/sync.(*spinLock).Lock /home/jzh/ws/go/pkg/mod/github.com/panjf2000/ants/v2@v2.9.0/internal/sync/spinlock.go:22:0 s=17
  1547: 0x41f1e8 M=1 runtime.lock2 /home/jzh/go/src/runtime/lock_spinbit.go:182:0 s=155
  1548: 0x459b3d M=1 runtime.dropg /home/jzh/go/src/runtime/proc.go:4244:0 s=4240
             runtime.park_m /home/jzh/go/src/runtime/proc.go:4280:0 s=4253
  1549: 0x459b57 M=1 runtime.park_m /home/jzh/go/src/runtime/proc.go:4282:0 s=4253
  1550: 0x4210b2 M=1 runtime.getMCache /home/jzh/go/src/runtime/mcache.go:143:0 s=139
             runtime.mallocgcSmallScanNoHeader /home/jzh/go/src/runtime/malloc.go:1575:0 s=1555
  1551: 0x4520e8 M=1 runtime.acquirem /home/jzh/go/src/runtime/runtime1.go:601:0 s=600
             runtime.acquireSudog /home/jzh/go/src/runtime/proc.go:497:0 s=488
  1552: 0x559f58 M=1 github.com/panjf2000/ants/v2/internal/sync.(*spinLock).Lock /home/jzh/ws/go/pkg/mod/github.com/panjf2000/ants/v2@v2.9.0/internal/sync/spinlock.go:19:0 s=17
  1553: 0x43b380 M=1 runtime.(*gcWork).putObjBatch /home/jzh/go/src/runtime/mgcwork.go:217:0 s=217
  1554: 0x44a244 M=1 runtime.wbBufFlush1 /home/jzh/go/src/runtime/mwbbuf.go:270:0 s=195
  1555: 0x431b24 M=1 runtime.gcDrainN /home/jzh/go/src/runtime/mgcmark.go:1420:0 s=1392
  1556: 0x432e71 M=1 runtime.tryDeferToSpanScan /home/jzh/go/src/runtime/mgcmark_greenteagc.go:286:0 s=264
  1557: 0x5d0280 M=1 github.com/panjf2000/ants/v2.Submit /home/jzh/ws/go/pkg/mod/github.com/panjf2000/ants/v2@v2.9.0/ants.go:109:0 s=108
             github.com/jzhang405/NexKV/internal/infrastructure/concurrency.(*AntsDefaultExecutor).Submit /home/jzh/ws/go/src/github.com/jzhang405/NexKV/internal/infrastructure/concurrency/executor_ants.go:41:0 s=28
  1558: 0x41910a M=1 runtime.chanparkcommit /home/jzh/go/src/runtime/chan.go:748:0 s=748
  1559: 0x4540d5 M=1 runtime.casgstatus /home/jzh/go/src/runtime/proc.go:1278:0 s=1277
  1560: 0x41f218 M=1 runtime.lock2 /home/jzh/go/src/runtime/lock_spinbit.go:186:0 s=155
  1561: 0x424afa M=1 runtime.(*mcentral).cacheSpan /home/jzh/go/src/runtime/mcentral.go:114:0 s=82
  1562: 0x45240a M=1 runtime.(*maybeTraceableChan).get /home/jzh/go/src/runtime/runtime2.go:393:0 s=392
             runtime.releaseSudog /home/jzh/go/src/runtime/proc.go:542:0 s=526
  1563: 0x5dd073 M=1 github.com/jzhang405/NexKV/internal/infrastructure/concurrency.simulateTransportTask /home/jzh/ws/go/src/github.com/jzhang405/NexKV/internal/infrastructure/concurrency/executor_comparison_benchmark_test.go:24:0 s=22
  1564: 0x459973 M=1 runtime.schedule /home/jzh/go/src/runtime/proc.go:4223:0 s=4135
  1565: 0x454142 M=1 internal/runtime/atomic.(*Uint32).CompareAndSwap /home/jzh/go/src/internal/runtime/atomic/types.go:236:0 s=235
             runtime.casgstatus /home/jzh/go/src/runtime/proc.go:1295:0 s=1277
  1566: 0x48d80a M=1 runtime.mcall /home/jzh/go/src/runtime/asm_amd64.s:472:0 s=458
  1567: 0x45434c M=1 runtime.casgstatus /home/jzh/go/src/runtime/proc.go:1345:0 s=1277
  1568: 0x421155 M=1 runtime.nextFreeFast /home/jzh/go/src/runtime/malloc.go:1027:0 s=1021
             runtime.mallocgcSmallScanNoHeader /home/jzh/go/src/runtime/malloc.go:1579:0 s=1555
  1569: 0x423ae4 M=1 runtime.typeBitsBulkBarrier /home/jzh/go/src/runtime/mbitmap.go:1462:0 s=1462
  1570: 0x41f196 M=1 runtime.lock2 /home/jzh/go/src/runtime/lock_spinbit.go:157:0 s=155
  1571: 0x5d0205 M=1 github.com/jzhang405/NexKV/internal/infrastructure/concurrency.(*AntsDefaultExecutor).Submit /home/jzh/ws/go/src/github.com/jzhang405/NexKV/internal/infrastructure/concurrency/executor_ants.go:34:0 s=28
  1572: 0x41f18e M=1 runtime.lock2 /home/jzh/go/src/runtime/lock_spinbit.go:155:0 s=155
  1573: 0x5dd06a M=1 github.com/jzhang405/NexKV/internal/infrastructure/concurrency.simulateTransportTask /home/jzh/ws/go/src/github.com/jzhang405/NexKV/internal/infrastructure/concurrency/executor_comparison_benchmark_test.go:22:0 s=22
  1574: 0x48f369 M=1 runtime.cputicks /home/jzh/go/src/runtime/asm_amd64.s:1261:0 s=1255
  1575: 0x4233ac M=1 runtime.(*mspan).writeHeapBitsSmall /home/jzh/go/src/runtime/mbitmap.go:653:0 s=624
  1576: 0x55c047 M=1 github.com/panjf2000/ants/v2.(*workerStack).insert /home/jzh/ws/go/pkg/mod/github.com/panjf2000/ants/v2@v2.9.0/worker_stack.go:26:0 s=24
  1577: 0x487da1 M=1 runtime.releasem /home/jzh/go/src/runtime/runtime1.go:609:0 s=607
             runtime.gopark /home/jzh/go/src/runtime/proc.go:460:0 s=445
  1578: 0x459dfd M=1 runtime.traceAcquire /home/jzh/go/src/runtime/traceruntime.go:189:0 s=188
             runtime.goschedImpl /home/jzh/go/src/runtime/proc.go:4309:0 s=4307
  1579: 0x42112f M=1 runtime.nextFreeFast /home/jzh/go/src/runtime/malloc.go:1024:0 s=1021
             runtime.mallocgcSmallScanNoHeader /home/jzh/go/src/runtime/malloc.go:1579:0 s=1555
  1580: 0x434663 M=1 runtime.scanObjectsSmall /home/jzh/go/src/runtime/mgcmark_greenteagc.go:1035:0 s=1015
  1581: 0x55b360 M=1 github.com/panjf2000/ants/v2.(*goWorker).run.func1 /home/jzh/ws/go/pkg/mod/github.com/panjf2000/ants/v2@v2.9.0/worker.go:64:0 s=48
  1582: 0x459b81 M=1 runtime.park_m /home/jzh/go/src/runtime/proc.go:4284:0 s=4253
  1583: 0x418d03 M=1 runtime.(*waitq).dequeue /home/jzh/go/src/runtime/chan.go:889:0 s=886
             runtime.chanrecv /home/jzh/go/src/runtime/chan.go:602:0 s=524
  1584: 0x55b0aa M=1 github.com/panjf2000/ants/v2.(*Pool).revertWorker /home/jzh/ws/go/pkg/mod/github.com/panjf2000/ants/v2@v2.9.0/pool.go:372:0 s=372
  1585: 0x41f2c4 M=1 runtime.lock2 /home/jzh/go/src/runtime/lock_spinbit.go:214:0 s=155
  1586: 0x45996e M=1 runtime.schedule /home/jzh/go/src/runtime/proc.go:4223:0 s=4135
  1587: 0x41800a M=1 runtime.send.goready.func1 /home/jzh/go/src/runtime/proc.go:482:0 s=482
  1588: 0x55c09e M=1 github.com/panjf2000/ants/v2.(*workerStack).len /home/jzh/ws/go/pkg/mod/github.com/panjf2000/ants/v2@v2.9.0/worker_stack.go:17:0 s=16
             github.com/panjf2000/ants/v2.(*workerStack).detach /home/jzh/ws/go/pkg/mod/github.com/panjf2000/ants/v2@v2.9.0/worker_stack.go:30:0 s=29
  1589: 0x472260 M=1 runtime.(*timers).wakeTime /home/jzh/go/src/runtime/time.go:993:0 s=985
             runtime.(*timers).check /home/jzh/go/src/runtime/time.go:1013:0 s=1009
  1590: 0x493e8a M=1 sync.(*Cond).Signal /home/jzh/go/src/sync/cond.go:85:0 s=82
  1591: 0x487d86 M=1 runtime.gopark /home/jzh/go/src/runtime/proc.go:457:0 s=445
  1592: 0x55c013 M=1 github.com/panjf2000/ants/v2.(*workerStack).insert /home/jzh/ws/go/pkg/mod/github.com/panjf2000/ants/v2@v2.9.0/worker_stack.go:25:0 s=24
  1593: 0x421190 M=1 runtime.mallocgcSmallScanNoHeader /home/jzh/go/src/runtime/malloc.go:1579:0 s=1555
  1594: 0x421363 M=1 runtime.mallocgcSmallScanNoHeader /home/jzh/go/src/runtime/malloc.go:1643:0 s=1555
  1595: 0x435f7c M=1 runtime.(*gcControllerState).findRunnableGCWorker /home/jzh/go/src/runtime/mgcpacer.go:877:0 s=861
  1596: 0x457ab3 M=1 runtime.findRunnable /home/jzh/go/src/runtime/proc.go:3464:0 s=3389
  1597: 0x4611d9 M=1 runtime.runqputbatch /home/jzh/go/src/runtime/proc.go:7573:0 s=7565
  1598: 0x487e8a M=1 runtime.wakep /home/jzh/go/src/runtime/proc.go:3212:0 s=3212
  1599: 0x418b84 M=1 runtime.chanrecv /home/jzh/go/src/runtime/chan.go:638:0 s=524
  1600: 0x417d45 M=1 runtime.chansend /home/jzh/go/src/runtime/chan.go:232:0 s=176
  1601: 0x459e73 M=1 runtime.(*gQueue).pushBack /home/jzh/go/src/runtime/proc.go:7780:0 s=7773
             runtime.globrunqput /home/jzh/go/src/runtime/proc.go:7252:0 s=7249
             runtime.goschedImpl /home/jzh/go/src/runtime/proc.go:4337:0 s=4307
  1602: 0x45382e M=1 runtime.ready /home/jzh/go/src/runtime/proc.go:1120:0 s=1120
  1603: 0x44b5d0 M=1 runtime.futexwakeup /home/jzh/go/src/runtime/os_linux.go:86:0 s=85
  1604: 0x55b1cf M=1 github.com/panjf2000/ants/v2.(*Pool).revertWorker /home/jzh/ws/go/pkg/mod/github.com/panjf2000/ants/v2@v2.9.0/pool.go:392:0 s=372
  1605: 0x4578fe M=1 runtime.findRunnable /home/jzh/go/src/runtime/proc.go:3443:0 s=3389
  1606: 0x4429dc M=1 runtime.mergeSummaries /home/jzh/go/src/runtime/mpagealloc.go:1090:0 s=1084
  1607: 0x55b0b7 M=1 github.com/panjf2000/ants/v2.(*Pool).revertWorker /home/jzh/ws/go/pkg/mod/github.com/panjf2000/ants/v2@v2.9.0/pool.go:373:0 s=372
  1608: 0x459e8f M=1 runtime.goschedImpl /home/jzh/go/src/runtime/proc.go:4341:0 s=4307
  1609: 0x459aa0 M=1 runtime.traceLocker.ok /home/jzh/go/src/runtime/traceruntime.go:251:0 s=250
             runtime.park_m /home/jzh/go/src/runtime/proc.go:4267:0 s=4253
  1610: 0x41f52e M=1 runtime.nanotime /home/jzh/go/src/runtime/time_nofake.go:33:0 s=32
             runtime.(*mLockProfile).end /home/jzh/go/src/runtime/mprof.go:669:0 s=667
             runtime.lock2 /home/jzh/go/src/runtime/lock_spinbit.go:201:0 s=155
  1611: 0x48fb64 M=1 runtime.memclrNoHeapPointers /home/jzh/go/src/runtime/memclr_amd64.s:182:0 s=15
  1612: 0x4211a4 M=1 runtime.mallocgcSmallScanNoHeader /home/jzh/go/src/runtime/malloc.go:1575:0 s=1555
  1613: 0x55b18d M=1 github.com/panjf2000/ants/v2.(*Pool).IsClosed /home/jzh/ws/go/pkg/mod/github.com/panjf2000/ants/v2@v2.9.0/pool.go:271:0 s=270
             github.com/panjf2000/ants/v2.(*Pool).revertWorker /home/jzh/ws/go/pkg/mod/github.com/panjf2000/ants/v2@v2.9.0/pool.go:383:0 s=372
  1614: 0x4502bb M=1 runtime.suspendG /home/jzh/go/src/runtime/preempt.go:177:0 s=106
  1615: 0x4347de M=1 runtime.extractHeapBitsSmall /home/jzh/go/src/runtime/mgcmark_greenteagc.go:1084:0 s=1063
  1616: 0x439b2d M=1 runtime.(*sweepLocked).sweep /home/jzh/go/src/runtime/mgcsweep.go:553:0 s=505
  1617: 0x41d271 M=1 runtime.(*timeHistogram).record /home/jzh/go/src/runtime/histogram.go:133:0 s=105
  1618: 0x5d0297 M=1 github.com/jzhang405/NexKV/internal/infrastructure/concurrency.(*AntsDefaultExecutor).Submit /home/jzh/ws/go/src/github.com/jzhang405/NexKV/internal/infrastructure/concurrency/executor_ants.go:41:0 s=28
  1619: 0x4177fb M=1 runtime.chansend1 /home/jzh/go/src/runtime/chan.go:162:0 s=160
  1620: 0x459b50 M=1 runtime.park_m /home/jzh/go/src/runtime/proc.go:4282:0 s=4253
  1621: 0x459980 M=1 runtime.schedule /home/jzh/go/src/runtime/proc.go:4223:0 s=4135
  1622: 0x421294 M=1 runtime.mallocgcSmallScanNoHeader /home/jzh/go/src/runtime/malloc.go:1604:0 s=1555
  1623: 0x417d5e M=1 runtime.chansend /home/jzh/go/src/runtime/chan.go:233:0 s=176
  1624: 0x5dd5e5 M=1 github.com/jzhang405/NexKV/internal/infrastructure/concurrency.BenchmarkPerCoreVsAnts_Transport_Throughput.func3.1 /home/jzh/ws/go/src/github.com/jzhang405/NexKV/internal/infrastructure/concurrency/executor_comparison_benchmark_test.go:121:0 s=119
  1625: 0x55b11c M=1 github.com/panjf2000/ants/v2.(*Pool).nowTime /home/jzh/ws/go/pkg/mod/github.com/panjf2000/ants/v2@v2.9.0/pool.go:160:0 s=159
             github.com/panjf2000/ants/v2.(*Pool).revertWorker /home/jzh/ws/go/pkg/mod/github.com/panjf2000/ants/v2@v2.9.0/pool.go:378:0 s=372
  1626: 0x439662 M=1 internal/runtime/atomic.(*Uint32).CompareAndSwap /home/jzh/go/src/internal/runtime/atomic/types.go:236:0 s=235
             runtime.(*activeSweep).begin /home/jzh/go/src/runtime/mgcsweep.go:154:0 s=148
             runtime.sweepone /home/jzh/go/src/runtime/mgcsweep.go:368:0 s=359
  1627: 0x41801b M=1 runtime.send.goready.func1 /home/jzh/go/src/runtime/proc.go:483:0 s=482
  1628: 0x457829 M=1 runtime.findRunnable /home/jzh/go/src/runtime/proc.go:3400:0 s=3389
  1629: 0x48d823 M=1 runtime.mcall /home/jzh/go/src/runtime/asm_amd64.s:482:0 s=458
  1630: 0x491200 M=1 time.now /home/jzh/go/src/runtime/time_linux_amd64.s:14:0 s=14
  1631: 0x55b5a0 M=1 github.com/panjf2000/ants/v2.(*goWorker).inputFunc /home/jzh/ws/go/pkg/mod/github.com/panjf2000/ants/v2@v2.9.0/worker.go:83:0 s=83
  1632: 0x472265 M=1 runtime.(*timers).check /home/jzh/go/src/runtime/time.go:1019:0 s=1009
  1633: 0x55aed7 M=1 github.com/panjf2000/ants/v2.(*Pool).retrieveWorker /home/jzh/ws/go/pkg/mod/github.com/panjf2000/ants/v2@v2.9.0/pool.go:334:0 s=333
  1634: 0x55b1f5 M=1 github.com/panjf2000/ants/v2.(*Pool).revertWorker /home/jzh/ws/go/pkg/mod/github.com/panjf2000/ants/v2@v2.9.0/pool.go:395:0 s=372
  1635: 0x485b45 M=1 runtime.mallocgc /home/jzh/go/src/runtime/malloc.go:1127:0 s=1119
  1636: 0x42f71a M=1 runtime.markroot.func1 /home/jzh/go/src/runtime/mgcmark.go:285:0 s=280
  1637: 0x5d020c M=1 sync/atomic.(*Int32).Add /home/jzh/go/src/sync/atomic/type.go:94:0 s=94
             sync.(*RWMutex).RUnlock /home/jzh/go/src/sync/rwmutex.go:120:0 s=114
             github.com/jzhang405/NexKV/internal/infrastructure/concurrency.(*AntsDefaultExecutor).Submit /home/jzh/ws/go/src/github.com/jzhang405/NexKV/internal/infrastructure/concurrency/executor_ants.go:35:0 s=28
  1638: 0x459879 M=1 runtime.schedule /home/jzh/go/src/runtime/proc.go:4198:0 s=4135
  1639: 0x45a010 M=1 runtime.gosched_m /home/jzh/go/src/runtime/proc.go:4350:0 s=4349
  1640: 0x472252 M=1 runtime.(*timers).check /home/jzh/go/src/runtime/time.go:1014:0 s=1009
  1641: 0x43175a M=1 runtime.gcDrain /home/jzh/go/src/runtime/mgcmark.go:1249:0 s=1239
  1642: 0x55b1a1 M=1 github.com/panjf2000/ants/v2.(*Pool).revertWorker /home/jzh/ws/go/pkg/mod/github.com/panjf2000/ants/v2@v2.9.0/pool.go:387:0 s=372
  1643: 0x485b2a M=1 runtime.mallocgc /home/jzh/go/src/runtime/malloc.go:1119:0 s=1119
  1644: 0x4537c0 M=1 runtime.(*m).clearAllpSnapshot /home/jzh/go/src/runtime/proc.go:1097:0 s=1097
  1645: 0x42285f M=1 runtime.getGCMask /home/jzh/go/src/runtime/type.go:88:0 s=87
             runtime.typePointers.next /home/jzh/go/src/runtime/mbitmap.go:268:0 s=243
  1646: 0x48f080 M=1 runtime.procyieldAsm /home/jzh/go/src/runtime/asm_amd64.s:864:0 s=863
  1647: 0x418ab5 M=1 runtime.(*maybeTraceablePtr).set /home/jzh/go/src/runtime/runtime2.go:361:0 s=359
             runtime.(*maybeTraceableChan).set /home/jzh/go/src/runtime/runtime2.go:388:0 s=387
             runtime.chanrecv /home/jzh/go/src/runtime/chan.go:651:0 s=524
  1648: 0x459ddb M=1 runtime.dropg /home/jzh/go/src/runtime/proc.go:4243:0 s=4240
             runtime.goschedImpl /home/jzh/go/src/runtime/proc.go:4330:0 s=4307
  1649: 0x4acfcf M=1 time.Now /home/jzh/go/src/time/time.go:1360:0 s=1347
  1650: 0x487ebb M=1 runtime.acquirem /home/jzh/go/src/runtime/runtime1.go:602:0 s=600
             runtime.wakep /home/jzh/go/src/runtime/proc.go:3224:0 s=3212
  1651: 0x453942 M=1 runtime.releasem /home/jzh/go/src/runtime/runtime1.go:609:0 s=607
             runtime.ready /home/jzh/go/src/runtime/proc.go:1139:0 s=1120
  1652: 0x48cb78 M=1 gosave_systemstack_switch /home/jzh/go/src/runtime/asm_amd64.s:896:0 s=886
  1653: 0x55b164 M=1 github.com/panjf2000/ants/v2.(*Pool).revertWorker /home/jzh/ws/go/pkg/mod/github.com/panjf2000/ants/v2@v2.9.0/pool.go:378:0 s=372
  1654: 0x472232 M=1 runtime.(*timers).wakeTime /home/jzh/go/src/runtime/time.go:991:0 s=985
             runtime.(*timers).check /home/jzh/go/src/runtime/time.go:1013:0 s=1009
  1655: 0x5dd0c0 M=1 github.com/jzhang405/NexKV/internal/infrastructure/concurrency.simulateTransportTask /home/jzh/ws/go/src/github.com/jzhang405/NexKV/internal/infrastructure/concurrency/executor_comparison_benchmark_test.go:38:0 s=22
  1656: 0x55ac96 M=1 github.com/panjf2000/ants/v2.(*Pool).Submit /home/jzh/ws/go/pkg/mod/github.com/panjf2000/ants/v2@v2.9.0/pool.go:218:0 s=217
  1657: 0x55b05e M=1 github.com/panjf2000/ants/v2.(*Pool).retrieveWorker /home/jzh/ws/go/pkg/mod/github.com/panjf2000/ants/v2@v2.9.0/pool.go:340:0 s=333
  1658: 0x41889c M=1 runtime.lock /home/jzh/go/src/runtime/lock_spinbit.go:152:0 s=151
             runtime.chanrecv /home/jzh/go/src/runtime/chan.go:586:0 s=524
  1659: 0x417d29 M=1 runtime.chansend /home/jzh/go/src/runtime/chan.go:232:0 s=176
  1660: 0x433c3a M=1 runtime.objptr.spanBase /home/jzh/go/src/runtime/mgcmark_greenteagc.go:835:0 s=834
             runtime.scanSpan /home/jzh/go/src/runtime/mgcmark_greenteagc.go:845:0 s=844
  1661: 0x432e45 M=1 runtime.tryDeferToSpanScan /home/jzh/go/src/runtime/mgcmark_greenteagc.go:281:0 s=264
  1662: 0x4329e1 M=1 runtime.gcmarknewobject /home/jzh/go/src/runtime/mgcmark.go:1760:0 s=1748
  1663: 0x4212c4 M=1 runtime.mallocgcSmallScanNoHeader /home/jzh/go/src/runtime/malloc.go:1609:0 s=1555
  1664: 0x448e36 M=1 runtime.(*spanSet).pop /home/jzh/go/src/runtime/mspanset.go:212:0 s=150
  1665: 0x424d35 M=1 runtime.(*mcentral).cacheSpan /home/jzh/go/src/runtime/mcentral.go:142:0 s=82
  1666: 0x41f1f2 M=1 runtime.lock2 /home/jzh/go/src/runtime/lock_spinbit.go:182:0 s=155
  1667: 0x55b5aa M=1 github.com/panjf2000/ants/v2.(*goWorker).inputFunc /home/jzh/ws/go/pkg/mod/github.com/panjf2000/ants/v2@v2.9.0/worker.go:83:0 s=83
  1668: 0x421cdc M=1 runtime.newobject /home/jzh/go/src/runtime/malloc.go:2209:0 s=2208
  1669: 0x4523e4 M=1 runtime.releaseSudog /home/jzh/go/src/runtime/proc.go:533:0 s=526
  1670: 0x487d54 M=1 runtime.gopark /home/jzh/go/src/runtime/proc.go:455:0 s=445
  1671: 0x48ba86 M=1 time.runtimeNow /home/jzh/go/src/runtime/time.go:17:0 s=17
  1672: 0x457af9 M=1 runtime.runqget /home/jzh/go/src/runtime/proc.go:7604:0 s=7598
             runtime.findRunnable /home/jzh/go/src/runtime/proc.go:3469:0 s=3389
  1673: 0x55b06c M=1 github.com/panjf2000/ants/v2.(*Pool).retrieveWorker /home/jzh/ws/go/pkg/mod/github.com/panjf2000/ants/v2@v2.9.0/pool.go:340:0 s=333
  1674: 0x459b4b M=1 runtime.park_m /home/jzh/go/src/runtime/proc.go:4282:0 s=4253
  1675: 0x459c94 M=1 runtime.park_m /home/jzh/go/src/runtime/proc.go:4300:0 s=4253
  1676: 0x4189de M=1 runtime.chanrecv /home/jzh/go/src/runtime/chan.go:639:0 s=524
  1677: 0x45752d M=1 runtime.lockWithRank /home/jzh/go/src/runtime/lockrank_off.go:24:0 s=23
             runtime.lock /home/jzh/go/src/runtime/lock_spinbit.go:152:0 s=151
             runtime.gcstopm /home/jzh/go/src/runtime/proc.go:3311:0 s=3296
  1678: 0x417e00 M=1 runtime.chansend.func1 /home/jzh/go/src/runtime/chan.go:232:0 s=232
  1679: 0x47222e M=1 runtime.(*timers).check /home/jzh/go/src/runtime/time.go:1009:0 s=1009
  1680: 0x43603a M=1 runtime.(*gcControllerState).releaseNextGCMarkWorker /home/jzh/go/src/runtime/mgcpacer.go:904:0 s=901
  1681: 0x487eba M=1 runtime.wakep /home/jzh/go/src/runtime/proc.go:3216:0 s=3212
  1682: 0x41f967 M=1 runtime.unlock2Wake /home/jzh/go/src/runtime/lock_spinbit.go:458:0 s=345
  1683: 0x46d12d M=1 runtime.(*stkframe).getStackMap /home/jzh/go/src/runtime/stkframe.go:193:0 s=157
  1684: 0x431a78 M=1 runtime.gcDrainN /home/jzh/go/src/runtime/mgcmark.go:1406:0 s=1392
  1685: 0x4611a1 M=1 runtime.(*gQueue).empty /home/jzh/go/src/runtime/proc.go:7759:0 s=7758
             runtime.runqputbatch /home/jzh/go/src/runtime/proc.go:7566:0 s=7565
  1686: 0x487da4 M=1 runtime.gopark /home/jzh/go/src/runtime/proc.go:460:0 s=445
  1687: 0x460b75 M=1 runtime.globrunqgetbatch /home/jzh/go/src/runtime/proc.go:7309:0 s=7293
  1688: 0x41d230 M=1 runtime.(*timeHistogram).record /home/jzh/go/src/runtime/histogram.go:119:0 s=105
  1689: 0x48d8eb M=1 runtime.systemstack /home/jzh/go/src/runtime/asm_amd64.s:571:0 s=520
  1690: 0x5d0307 M=1 github.com/jzhang405/NexKV/internal/infrastructure/concurrency.(*AntsDefaultExecutor).Submit.func1 /home/jzh/ws/go/src/github.com/jzhang405/NexKV/internal/infrastructure/concurrency/executor_ants.go:41:0 s=41
  1691: 0x5dd091 M=1 github.com/jzhang405/NexKV/internal/infrastructure/concurrency.simulateTransportTask /home/jzh/ws/go/src/github.com/jzhang405/NexKV/internal/infrastructure/concurrency/executor_comparison_benchmark_test.go:25:0 s=22
  1692: 0x418a8e M=1 runtime.(*maybeTraceablePtr).set /home/jzh/go/src/runtime/runtime2.go:360:0 s=359
             runtime.(*maybeTraceableChan).set /home/jzh/go/src/runtime/runtime2.go:388:0 s=387
             runtime.chanrecv /home/jzh/go/src/runtime/chan.go:651:0 s=524
  1693: 0x45245b M=1 runtime.releaseSudog /home/jzh/go/src/runtime/proc.go:551:0 s=526
  1694: 0x48d817 M=1 runtime.mcall /home/jzh/go/src/runtime/asm_amd64.s:475:0 s=458
  1695: 0x460b56 M=1 runtime.(*gQueue).pushBack /home/jzh/go/src/runtime/proc.go:7776:0 s=7773
             runtime.globrunqgetbatch /home/jzh/go/src/runtime/proc.go:7307:0 s=7293
  1696: 0x4212aa M=1 runtime.mallocgcSmallScanNoHeader /home/jzh/go/src/runtime/malloc.go:1619:0 s=1555
  1697: 0x42f37f M=1 runtime.markroot /home/jzh/go/src/runtime/mgcmark.go:269:0 s=221
  1698: 0x460b1f M=1 runtime.(*gQueue).pop /home/jzh/go/src/runtime/proc.go:7805:0 s=7802
             runtime.globrunqgetbatch /home/jzh/go/src/runtime/proc.go:7306:0 s=7293
  1699: 0x418c36 M=1 runtime.chanrecv /home/jzh/go/src/runtime/chan.go:676:0 s=524
  1700: 0x4211b3 M=1 runtime.mallocgcSmallScanNoHeader /home/jzh/go/src/runtime/malloc.go:1580:0 s=1555
  1701: 0x487e80 M=1 runtime.wakep /home/jzh/go/src/runtime/proc.go:3212:0 s=3212
  1702: 0x5d01ce M=1 github.com/jzhang405/NexKV/internal/infrastructure/concurrency.(*AntsDefaultExecutor).Submit /home/jzh/ws/go/src/github.com/jzhang405/NexKV/internal/infrastructure/concurrency/executor_ants.go:29:0 s=28
  1703: 0x45980c M=1 runtime.schedule /home/jzh/go/src/runtime/proc.go:4164:0 s=4135
  1704: 0x46ff05 M=1 runtime.releasem /home/jzh/go/src/runtime/runtime1.go:609:0 s=607
             runtime.pcvalue /home/jzh/go/src/runtime/symtab.go:1054:0 s=1013
  1705: 0x432db9 M=1 runtime.tryDeferToSpanScan /home/jzh/go/src/runtime/mgcmark_greenteagc.go:265:0 s=264
  1706: 0x418aa4 M=1 runtime.(*maybeTraceablePtr).set /home/jzh/go/src/runtime/runtime2.go:360:0 s=359
             runtime.(*maybeTraceableChan).set /home/jzh/go/src/runtime/runtime2.go:388:0 s=387
             runtime.chanrecv /home/jzh/go/src/runtime/chan.go:651:0 s=524
  1707: 0x457b4e M=1 runtime.(*gQueue).empty /home/jzh/go/src/runtime/proc.go:7759:0 s=7758
             runtime.findRunnable /home/jzh/go/src/runtime/proc.go:3474:0 s=3389
  1708: 0x41f2e3 M=1 runtime.lock2 /home/jzh/go/src/runtime/lock_spinbit.go:215:0 s=155
  1709: 0x418025 M=1 runtime.send.goready.func1 /home/jzh/go/src/runtime/proc.go:484:0 s=482
  1710: 0x460f71 M=1 runtime.runqput /home/jzh/go/src/runtime/proc.go:7513:0 s=7478
  1711: 0x460f66 M=1 runtime.runqput /home/jzh/go/src/runtime/proc.go:7512:0 s=7478
  1712: 0x438ecb M=1 runtime.binarySearchTree /home/jzh/go/src/runtime/mgcstack.go:311:0 s=311
  1713: 0x438ef6 M=1 runtime.binarySearchTree /home/jzh/go/src/runtime/mgcstack.go:316:0 s=311
  1714: 0x430e94 M=1 runtime.(*stackScanState).buildIndex /home/jzh/go/src/runtime/mgcstack.go:303:0 s=302
             runtime.scanstack /home/jzh/go/src/runtime/mgcmark.go:1008:0 s=904
  1715: 0x490ad6 M=1 runtime.tgkill /home/jzh/go/src/runtime/sys_linux_amd64.s:177:0 s=171
  1716: 0x44c206 M=1 runtime.signalM /home/jzh/go/src/runtime/os_linux.go:580:0 s=579
  1717: 0x45fb50 M=1 runtime.preemptM /home/jzh/go/src/runtime/signal_unix.go:386:0 s=369
             runtime.preemptone /home/jzh/go/src/runtime/proc.go:6891:0 s=6866
  1718: 0x435b57 M=1 runtime.(*gcControllerState).enlistWorker /home/jzh/go/src/runtime/mgcpacer.go:746:0 s=697
  1719: 0x43172f M=1 runtime.gcDrain /home/jzh/go/src/runtime/mgcmark.go:1343:0 s=1239
  1720: 0x421214 M=1 runtime.heapSetTypeNoHeader /home/jzh/go/src/runtime/mbitmap.go:709:0 s=705
             runtime.mallocgcSmallScanNoHeader /home/jzh/go/src/runtime/malloc.go:1592:0 s=1555
  1721: 0x41886e M=1 runtime.chanrecv /home/jzh/go/src/runtime/chan.go:582:0 s=524
  1722: 0x41f6f4 M=1 runtime.unlock2 /home/jzh/go/src/runtime/lock_spinbit.go:325:0 s=267
  1723: 0x434e22 M=1 runtime.scanObject /home/jzh/go/src/runtime/mgcmark_greenteagc.go:1250:0 s=1187
  1724: 0x418adf M=1 runtime.(*waitq).enqueue /home/jzh/go/src/runtime/chan.go:873:0 s=872
             runtime.chanrecv /home/jzh/go/src/runtime/chan.go:653:0 s=524
  1725: 0x4611ba M=1 runtime.(*guintptr).set /home/jzh/go/src/runtime/runtime2.go:248:0 s=248
             runtime.runqputbatch /home/jzh/go/src/runtime/proc.go:7574:0 s=7565
  1726: 0x41d277 M=1 runtime.(*timeHistogram).record /home/jzh/go/src/runtime/histogram.go:134:0 s=105
  1727: 0x418106 M=1 runtime.sendDirect /home/jzh/go/src/runtime/chan.go:392:0 s=392
  1728: 0x483287 M=1 runtime.gcResetMarkState.func1 /home/jzh/go/src/runtime/mgc.go:2118:0 s=2116
  1729: 0x452b94 M=1 runtime.forEachG /home/jzh/go/src/runtime/proc.go:734:0 s=731
  1730: 0x432e5f M=1 runtime.tryDeferToSpanScan /home/jzh/go/src/runtime/mgcmark_greenteagc.go:283:0 s=264
  1731: 0x430b31 M=1 runtime.scanstack /home/jzh/go/src/runtime/mgcmark.go:942:0 s=904
  1732: 0x4a5f1a M=1 time.Since /home/jzh/go/src/time/time.go:1230:0 s=1227
  1733: 0x4524e6 M=1 runtime.releaseSudog /home/jzh/go/src/runtime/proc.go:571:0 s=526
  1734: 0x41f259 M=1 runtime.lock2 /home/jzh/go/src/runtime/lock_spinbit.go:189:0 s=155
  1735: 0x55b046 M=1 github.com/panjf2000/ants/v2.(*Pool).retrieveWorker /home/jzh/ws/go/pkg/mod/github.com/panjf2000/ants/v2@v2.9.0/pool.go:338:0 s=333
  1736: 0x417ef6 M=1 runtime.send /home/jzh/go/src/runtime/chan.go:343:0 s=318
  1737: 0x4543de M=1 runtime.casgstatus /home/jzh/go/src/runtime/proc.go:1381:0 s=1277
  1738: 0x55b365 M=1 github.com/panjf2000/ants/v2.(*goWorker).run.func1 /home/jzh/ws/go/pkg/mod/github.com/panjf2000/ants/v2@v2.9.0/worker.go:67:0 s=48
  1739: 0x421142 M=1 runtime.nextFreeFast /home/jzh/go/src/runtime/malloc.go:1026:0 s=1021
             runtime.mallocgcSmallScanNoHeader /home/jzh/go/src/runtime/malloc.go:1579:0 s=1555
  1740: 0x487d21 M=1 runtime.gopark /home/jzh/go/src/runtime/proc.go:450:0 s=445
  1741: 0x55acc7 M=1 github.com/panjf2000/ants/v2.(*Pool).Submit /home/jzh/ws/go/pkg/mod/github.com/panjf2000/ants/v2@v2.9.0/pool.go:226:0 s=217
  1742: 0x41f29c M=1 runtime.lock2 /home/jzh/go/src/runtime/lock_spinbit.go:209:0 s=155
  1743: 0x418cea M=1 runtime.chanrecv /home/jzh/go/src/runtime/chan.go:685:0 s=524
  1744: 0x41f5b3 M=1 runtime.unlockWithRank /home/jzh/go/src/runtime/lockrank_off.go:35:0 s=34
             runtime.unlock /home/jzh/go/src/runtime/lock_spinbit.go:261:0 s=260
  1745: 0x43ab12 M=1 runtime.(*sweepLocked).sweep.(*mheap).freeSpan.func2 /home/jzh/go/src/runtime/mheap.go:1695:0 s=1667
  1746: 0x48ba80 M=1 time.runtimeNow /home/jzh/go/src/runtime/time.go:17:0 s=17
  1747: 0x41f47e M=1 runtime.lock2 /home/jzh/go/src/runtime/lock_spinbit.go:250:0 s=155
  1748: 0x435fd0 M=1 runtime.(*gcControllerState).releaseNextGCMarkWorker /home/jzh/go/src/runtime/mgcpacer.go:902:0 s=901
  1749: 0x45898f M=1 runtime.findRunnable /home/jzh/go/src/runtime/proc.go:3470:0 s=3389
  1750: 0x55aeea M=1 github.com/panjf2000/ants/v2.(*Pool).retrieveWorker /home/jzh/ws/go/pkg/mod/github.com/panjf2000/ants/v2@v2.9.0/pool.go:338:0 s=333
  1751: 0x42128a M=1 runtime.mallocgcSmallScanNoHeader /home/jzh/go/src/runtime/malloc.go:1594:0 s=1555
  1752: 0x4a5ece M=1 time.Since /home/jzh/go/src/time/time.go:1227:0 s=1227
  1753: 0x41f829 M=1 runtime.unlock2Wake /home/jzh/go/src/runtime/lock_spinbit.go:357:0 s=345
  1754: 0x454358 M=1 runtime.casgstatus /home/jzh/go/src/runtime/proc.go:1345:0 s=1277
  1755: 0x55accc M=1 github.com/panjf2000/ants/v2.(*Pool).Submit /home/jzh/ws/go/pkg/mod/github.com/panjf2000/ants/v2@v2.9.0/pool.go:226:0 s=217
  1756: 0x41f8d2 M=1 runtime.mutexWaitListHead /home/jzh/go/src/runtime/lock_spinbit.go:112:0 s=111
             runtime.unlock2Wake /home/jzh/go/src/runtime/lock_spinbit.go:422:0 s=345
  1757: 0x430ee9 M=1 runtime.(*stackScanState).findObject /home/jzh/go/src/runtime/mgcstack.go:344:0 s=331
             runtime.scanstack /home/jzh/go/src/runtime/mgcmark.go:1014:0 s=904
  1758: 0x5d0235 M=1 github.com/jzhang405/NexKV/internal/infrastructure/concurrency.(*AntsDefaultExecutor).Submit /home/jzh/ws/go/src/github.com/jzhang405/NexKV/internal/infrastructure/concurrency/executor_ants.go:41:0 s=28
  1759: 0x423ae1 M=1 runtime.typeBitsBulkBarrier /home/jzh/go/src/runtime/mbitmap.go:1462:0 s=1462
  1760: 0x459e2d M=1 runtime.goschedImpl /home/jzh/go/src/runtime/proc.go:4336:0 s=4307
  1761: 0x453917 M=1 runtime.ready /home/jzh/go/src/runtime/proc.go:1137:0 s=1120
  1762: 0x5d031a M=1 github.com/jzhang405/NexKV/internal/infrastructure/concurrency.(*AntsDefaultExecutor).Submit.func1 /home/jzh/ws/go/src/github.com/jzhang405/NexKV/internal/infrastructure/concurrency/executor_ants.go:42:0 s=41
  1763: 0x457836 M=1 runtime.findRunnable /home/jzh/go/src/runtime/proc.go:3402:0 s=3389
  1764: 0x459bb4 M=1 runtime.park_m /home/jzh/go/src/runtime/proc.go:4283:0 s=4253
  1765: 0x421251 M=1 runtime.mallocgcSmallScanNoHeader /home/jzh/go/src/runtime/malloc.go:1592:0 s=1555
  1766: 0x418caf M=1 runtime.chanrecv /home/jzh/go/src/runtime/chan.go:683:0 s=524
  1767: 0x42348c M=1 runtime.(*mspan).writeHeapBitsSmall /home/jzh/go/src/runtime/mbitmap.go:683:0 s=624
  1768: 0x55aee3 M=1 github.com/panjf2000/ants/v2.(*Pool).retrieveWorker /home/jzh/ws/go/pkg/mod/github.com/panjf2000/ants/v2@v2.9.0/pool.go:334:0 s=333
  1769: 0x459e83 M=1 runtime.unlockWithRank /home/jzh/go/src/runtime/lockrank_off.go:35:0 s=34
             runtime.unlock /home/jzh/go/src/runtime/lock_spinbit.go:261:0 s=260
             runtime.goschedImpl /home/jzh/go/src/runtime/proc.go:4338:0 s=4307
  1770: 0x493e47 M=1 sync.(*Cond).Signal /home/jzh/go/src/sync/cond.go:82:0 s=82
  1771: 0x4334f5 M=1 runtime.(*spanQueue).steal /home/jzh/go/src/runtime/mgcmark_greenteagc.go:565:0 s=543
  1772: 0x432e21 M=1 runtime.tryDeferToSpanScan /home/jzh/go/src/runtime/mgcmark_greenteagc.go:276:0 s=264
  1773: 0x4722f8 M=1 runtime.(*timers).check /home/jzh/go/src/runtime/time.go:1034:0 s=1009
  1774: 0x41892e M=1 runtime.chanrecv /home/jzh/go/src/runtime/chan.go:612:0 s=524
  1775: 0x421168 M=1 runtime.nextFreeFast /home/jzh/go/src/runtime/malloc.go:1030:0 s=1021
             runtime.mallocgcSmallScanNoHeader /home/jzh/go/src/runtime/malloc.go:1579:0 s=1555
  1776: 0x41f600 M=1 runtime.mutexSampleContention /home/jzh/go/src/runtime/lock_spinbit.go:330:0 s=329
             runtime.unlock2 /home/jzh/go/src/runtime/lock_spinbit.go:273:0 s=267
  1777: 0x42115a M=1 runtime.nextFreeFast /home/jzh/go/src/runtime/malloc.go:1030:0 s=1021
             runtime.mallocgcSmallScanNoHeader /home/jzh/go/src/runtime/malloc.go:1579:0 s=1555
  1778: 0x41f4e7 M=1 runtime.nanotime /home/jzh/go/src/runtime/time_nofake.go:33:0 s=32
             runtime.(*mLockProfile).end /home/jzh/go/src/runtime/mprof.go:669:0 s=667
             runtime.lock2 /home/jzh/go/src/runtime/lock_spinbit.go:195:0 s=155
  1779: 0x4540c8 M=1 runtime.casgstatus /home/jzh/go/src/runtime/proc.go:1278:0 s=1277
  1780: 0x459d6f M=1 runtime.goschedImpl /home/jzh/go/src/runtime/proc.go:4325:0 s=4307
  1781: 0x48d843 M=1 runtime.mcall /home/jzh/go/src/runtime/asm_amd64.s:492:0 s=458
  1782: 0x434640 M=1 runtime.scanObjectsSmall /home/jzh/go/src/runtime/mgcmark_greenteagc.go:1035:0 s=1015
  1783: 0x41780e M=1 runtime.chansend /home/jzh/go/src/runtime/chan.go:176:0 s=176
  1784: 0x41f3e6 M=1 runtime.lock2 /home/jzh/go/src/runtime/lock_spinbit.go:214:0 s=155
  1785: 0x48cae0 M=1 gogo /home/jzh/go/src/runtime/asm_amd64.s:443:0 s=441
  1786: 0x55aef2 M=1 github.com/panjf2000/ants/v2.(*Pool).retrieveWorker /home/jzh/ws/go/pkg/mod/github.com/panjf2000/ants/v2@v2.9.0/pool.go:338:0 s=333
  1787: 0x419124 M=1 runtime.unlockWithRank /home/jzh/go/src/runtime/lockrank_off.go:35:0 s=34
             runtime.unlock /home/jzh/go/src/runtime/lock_spinbit.go:261:0 s=260
             runtime.chanparkcommit /home/jzh/go/src/runtime/chan.go:764:0 s=748
  1788: 0x453837 M=1 runtime.ready /home/jzh/go/src/runtime/proc.go:1121:0 s=1120
  1789: 0x4177fc M=1 runtime.chansend1 /home/jzh/go/src/runtime/chan.go:162:0 s=160
  1790: 0x472245 M=1 runtime.(*timers).wakeTime /home/jzh/go/src/runtime/time.go:993:0 s=985
             runtime.(*timers).check /home/jzh/go/src/runtime/time.go:1013:0 s=1009
  1791: 0x493e40 M=1 sync.(*Cond).Signal /home/jzh/go/src/sync/cond.go:82:0 s=82
  1792: 0x48d8ca M=1 runtime.systemstack /home/jzh/go/src/runtime/asm_amd64.s:566:0 s=520
  1793: 0x453923 M=1 runtime.ready /home/jzh/go/src/runtime/proc.go:1137:0 s=1120
  1794: 0x487eb1 M=1 internal/runtime/atomic.(*Int32).CompareAndSwap /home/jzh/go/src/internal/runtime/atomic/types.go:37:0 s=36
             runtime.wakep /home/jzh/go/src/runtime/proc.go:3215:0 s=3212
  1795: 0x41f1da M=1 runtime.lock2 /home/jzh/go/src/runtime/lock_spinbit.go:182:0 s=155
  1796: 0x41874e M=1 runtime.chanrecv /home/jzh/go/src/runtime/chan.go:524:0 s=524
  1797: 0x491221 M=1 time.now /home/jzh/go/src/runtime/time_linux_amd64.s:35:0 s=14
  1798: 0x42f273 M=1 runtime.markroot /home/jzh/go/src/runtime/mgcmark.go:221:0 s=221
  1799: 0x4acf6b M=1 time.Now /home/jzh/go/src/time/time.go:1347:0 s=1347
  1800: 0x559f32 M=1 github.com/panjf2000/ants/v2/internal/sync.(*spinLock).Lock /home/jzh/ws/go/pkg/mod/github.com/panjf2000/ants/v2@v2.9.0/internal/sync/spinlock.go:19:0 s=17
  1801: 0x4210bb M=1 runtime.getMCache /home/jzh/go/src/runtime/mcache.go:150:0 s=139
             runtime.mallocgcSmallScanNoHeader /home/jzh/go/src/runtime/malloc.go:1575:0 s=1555
  1802: 0x41f7d2 M=1 runtime.unlock2Wake /home/jzh/go/src/runtime/lock_spinbit.go:346:0 s=345
  1803: 0x432e77 M=1 runtime.tryDeferToSpanScan /home/jzh/go/src/runtime/mgcmark_greenteagc.go:283:0 s=264
  1804: 0x41f95f M=1 runtime.unlock2Wake /home/jzh/go/src/runtime/lock_spinbit.go:458:0 s=345
  1805: 0x485b49 M=1 runtime.mallocgc /home/jzh/go/src/runtime/malloc.go:1148:0 s=1119
  1806: 0x48d8c5 M=1 runtime.systemstack /home/jzh/go/src/runtime/asm_amd64.s:561:0 s=520
  1807: 0x4187da M=1 runtime.chanrecv /home/jzh/go/src/runtime/chan.go:532:0 s=524
  1808: 0x42e67d M=1 internal/runtime/atomic.(*Uint32).CompareAndSwap /home/jzh/go/src/internal/runtime/atomic/types.go:236:0 s=235
             runtime.(*gcCPULimiterState).tryLock /home/jzh/go/src/runtime/mgclimit.go:301:0 s=300
             runtime.(*gcCPULimiterState).update /home/jzh/go/src/runtime/mgclimit.go:165:0 s=164
  1809: 0x435e57 M=1 runtime.(*gcControllerState).findRunnableGCWorker /home/jzh/go/src/runtime/mgcpacer.go:870:0 s=861
  1810: 0x44560e M=1 runtime.nanotime /home/jzh/go/src/runtime/time_nofake.go:33:0 s=32
             runtime.(*mLockProfile).start /home/jzh/go/src/runtime/mprof.go:662:0 s=660
  1811: 0x41f3d6 M=1 runtime.lock2 /home/jzh/go/src/runtime/lock_spinbit.go:235:0 s=155
  1812: 0x43d181 M=1 runtime.(*mheap).tryAllocMSpan /home/jzh/go/src/runtime/mheap.go:1141:0 s=1137
             runtime.(*mheap).allocSpan /home/jzh/go/src/runtime/mheap.go:1252:0 s=1224
  1813: 0x419100 M=1 runtime.chanparkcommit /home/jzh/go/src/runtime/chan.go:748:0 s=748
  1814: 0x452473 M=1 runtime.releaseSudog /home/jzh/go/src/runtime/proc.go:571:0 s=526
  1815: 0x459d35 M=1 runtime.traceLocker.ok /home/jzh/go/src/runtime/traceruntime.go:251:0 s=250
             runtime.goschedImpl /home/jzh/go/src/runtime/proc.go:4315:0 s=4307
  1816: 0x41f5eb M=1 runtime.unlock2 /home/jzh/go/src/runtime/lock_spinbit.go:267:0 s=267
  1817: 0x448f0c M=1 runtime.(*spanSet).reset /home/jzh/go/src/runtime/mspanset.go:269:0 s=252
  1818: 0x439372 M=1 runtime.finishsweep_m /home/jzh/go/src/runtime/mgcsweep.go:258:0 s=231
  1819: 0x4835ae M=1 runtime.gcStart.func3 /home/jzh/go/src/runtime/mgc.go:870:0 s=869
  1820: 0x42b165 M=1 runtime.gcStart /home/jzh/go/src/runtime/mgc.go:869:0 s=733
  1821: 0x432dd0 M=1 runtime.heapArenaOf /home/jzh/go/src/runtime/mheap.go:767:0 s=766
             runtime.tryDeferToSpanScan /home/jzh/go/src/runtime/mgcmark_greenteagc.go:270:0 s=264
  1822: 0x55c02d M=1 github.com/panjf2000/ants/v2.(*workerStack).insert /home/jzh/ws/go/pkg/mod/github.com/panjf2000/ants/v2@v2.9.0/worker_stack.go:25:0 s=24
  1823: 0x41d263 M=1 runtime.(*timeHistogram).record /home/jzh/go/src/runtime/histogram.go:133:0 s=105
  1824: 0x459b43 M=1 runtime.setGNoWB /home/jzh/go/src/runtime/runtime2.go:266:0 s=265
             runtime.dropg /home/jzh/go/src/runtime/proc.go:4244:0 s=4240
             runtime.park_m /home/jzh/go/src/runtime/proc.go:4280:0 s=4253
  1825: 0x5d01d9 M=1 sync/atomic.(*Int32).Add /home/jzh/go/src/sync/atomic/type.go:94:0 s=94
             sync.(*RWMutex).RLock /home/jzh/go/src/sync/rwmutex.go:72:0 s=67
             github.com/jzhang405/NexKV/internal/infrastructure/concurrency.(*AntsDefaultExecutor).Submit /home/jzh/ws/go/src/github.com/jzhang405/NexKV/internal/infrastructure/concurrency/executor_ants.go:33:0 s=28
  1826: 0x460eaa M=1 runtime.pidlegetSpinning /home/jzh/go/src/runtime/proc.go:7430:0 s=7430
  1827: 0x417ef0 M=1 runtime.(*maybeTraceablePtr).set /home/jzh/go/src/runtime/runtime2.go:361:0 s=359
             runtime.send /home/jzh/go/src/runtime/chan.go:341:0 s=318
  1828: 0x421241 M=1 runtime.heapSetTypeNoHeader /home/jzh/go/src/runtime/mbitmap.go:709:0 s=705
             runtime.mallocgcSmallScanNoHeader /home/jzh/go/src/runtime/malloc.go:1592:0 s=1555
  1829: 0x432e54 M=1 runtime.tryDeferToSpanScan /home/jzh/go/src/runtime/mgcmark_greenteagc.go:283:0 s=264
  1830: 0x45783d M=1 internal/runtime/atomic.(*Uint8).Load /home/jzh/go/src/internal/runtime/atomic/types.go:124:0 s=123
             internal/runtime/atomic.(*Bool).Load /home/jzh/go/src/internal/runtime/atomic/types.go:168:0 s=167
             runtime.findRunnable /home/jzh/go/src/runtime/proc.go:3403:0 s=3389
  1831: 0x459e36 M=1 runtime.lockWithRank /home/jzh/go/src/runtime/lockrank_off.go:24:0 s=23
             runtime.lock /home/jzh/go/src/runtime/lock_spinbit.go:152:0 s=151
             runtime.goschedImpl /home/jzh/go/src/runtime/proc.go:4336:0 s=4307
  1832: 0x460ae0 M=1 runtime.globrunqgetbatch /home/jzh/go/src/runtime/proc.go:7305:0 s=7293
  1833: 0x423335 M=1 runtime.(*mspan).writeHeapBitsSmall /home/jzh/go/src/runtime/mbitmap.go:626:0 s=624
  1834: 0x559f37 M=1 github.com/panjf2000/ants/v2/internal/sync.(*spinLock).Lock /home/jzh/ws/go/pkg/mod/github.com/panjf2000/ants/v2@v2.9.0/internal/sync/spinlock.go:19:0 s=17
  1835: 0x5dd0a0 M=1 github.com/jzhang405/NexKV/internal/infrastructure/concurrency.simulateTransportTask /home/jzh/ws/go/src/github.com/jzhang405/NexKV/internal/infrastructure/concurrency/executor_comparison_benchmark_test.go:25:0 s=22
  1836: 0x431930 M=1 runtime.gcDrain /home/jzh/go/src/runtime/mgcmark.go:1281:0 s=1239
  1837: 0x55b0d3 M=1 github.com/panjf2000/ants/v2.(*Pool).IsClosed /home/jzh/ws/go/pkg/mod/github.com/panjf2000/ants/v2@v2.9.0/pool.go:271:0 s=270
             github.com/panjf2000/ants/v2.(*Pool).revertWorker /home/jzh/ws/go/pkg/mod/github.com/panjf2000/ants/v2@v2.9.0/pool.go:373:0 s=372
  1838: 0x4540e0 M=1 runtime.casgstatus /home/jzh/go/src/runtime/proc.go:1278:0 s=1277
  1839: 0x48ba8a M=1 time.runtimeNow /home/jzh/go/src/runtime/time.go:18:0 s=17
  1840: 0x454124 M=1 runtime.casgstatus /home/jzh/go/src/runtime/proc.go:1287:0 s=1277
  1841: 0x4524df M=1 runtime.releaseSudog /home/jzh/go/src/runtime/proc.go:571:0 s=526
  1842: 0x5d01cf M=1 github.com/jzhang405/NexKV/internal/infrastructure/concurrency.(*AntsDefaultExecutor).Submit /home/jzh/ws/go/src/github.com/jzhang405/NexKV/internal/infrastructure/concurrency/executor_ants.go:29:0 s=28
  1843: 0x4210a1 M=1 runtime.mallocgcSmallScanNoHeader /home/jzh/go/src/runtime/malloc.go:1572:0 s=1555
  1844: 0x490fe5 M=1 runtime.futex /home/jzh/go/src/runtime/sys_linux_amd64.s:563:0 s=561
  1845: 0x440a76 M=1 runtime.(*pageAlloc).update /home/jzh/go/src/runtime/mpagealloc.go:508:0 s=492
  1846: 0x42117c M=1 runtime.nextFreeFast /home/jzh/go/src/runtime/malloc.go:1032:0 s=1021
             runtime.mallocgcSmallScanNoHeader /home/jzh/go/src/runtime/malloc.go:1579:0 s=1555
  1847: 0x4233cf M=1 runtime.(*mspan).writeHeapBitsSmall /home/jzh/go/src/runtime/mbitmap.go:657:0 s=624
  1848: 0x55b1e2 M=1 github.com/panjf2000/ants/v2.(*Pool).revertWorker /home/jzh/ws/go/pkg/mod/github.com/panjf2000/ants/v2@v2.9.0/pool.go:393:0 s=372
  1849: 0x418dbd M=1 runtime.chanrecv /home/jzh/go/src/runtime/chan.go:612:0 s=524
  1850: 0x460f5e M=1 runtime.(*guintptr).set /home/jzh/go/src/runtime/runtime2.go:248:0 s=248
             runtime.runqput /home/jzh/go/src/runtime/proc.go:7511:0 s=7478
  1851: 0x457b80 M=1 runtime.findRunnable /home/jzh/go/src/runtime/proc.go:3476:0 s=3389
  1852: 0x460f7f M=1 runtime.runqput /home/jzh/go/src/runtime/proc.go:7497:0 s=7478
  1853: 0x41f939 M=1 runtime.unlock2Wake /home/jzh/go/src/runtime/lock_spinbit.go:433:0 s=345
  1854: 0x41814e M=1 runtime.sendDirect /home/jzh/go/src/runtime/chan.go:403:0 s=392
  1855: 0x41f7d9 M=1 runtime.cheaprand /home/jzh/go/src/runtime/rand.go:235:0 s=227
             runtime.cheaprandn /home/jzh/go/src/runtime/rand.go:293:0 s=291
             runtime.unlock2Wake /home/jzh/go/src/runtime/lock_spinbit.go:350:0 s=345
  1856: 0x41f5e0 M=1 runtime.unlock2 /home/jzh/go/src/runtime/lock_spinbit.go:267:0 s=267
  1857: 0x460b5f M=1 runtime.(*guintptr).set /home/jzh/go/src/runtime/runtime2.go:248:0 s=248
             runtime.(*gQueue).pushBack /home/jzh/go/src/runtime/proc.go:7780:0 s=7773
             runtime.globrunqgetbatch /home/jzh/go/src/runtime/proc.go:7307:0 s=7293
  1858: 0x41f23a M=1 runtime.lock2 /home/jzh/go/src/runtime/lock_spinbit.go:189:0 s=155
  1859: 0x454390 M=1 runtime.waitReason.isMutexWait /home/jzh/go/src/runtime/runtime2.go:1335:0 s=1333
             runtime.casgstatus /home/jzh/go/src/runtime/proc.go:1363:0 s=1277
  1860: 0x48d177 M=1 gcWriteBarrier /home/jzh/go/src/runtime/asm_amd64.s:1832:0 s=1813
  1861: 0x4524f1 M=1 runtime.releaseSudog /home/jzh/go/src/runtime/proc.go:571:0 s=526
  1862: 0x4233a0 M=1 runtime.(*mspan).base /home/jzh/go/src/runtime/mheap.go:519:0 s=518
             runtime.(*mspan).writeHeapBitsSmall /home/jzh/go/src/runtime/mbitmap.go:653:0 s=624
  1863: 0x458986 M=1 runtime.findRunnable /home/jzh/go/src/runtime/proc.go:3482:0 s=3389
  1864: 0x432dfb M=1 runtime.tryDeferToSpanScan /home/jzh/go/src/runtime/mgcmark_greenteagc.go:274:0 s=264
  1865: 0x41f51d M=1 runtime.lock2 /home/jzh/go/src/runtime/lock_spinbit.go:201:0 s=155
  1866: 0x421080 M=1 runtime.mallocgcSmallScanNoHeader /home/jzh/go/src/runtime/malloc.go:1555:0 s=1555
  1867: 0x5d030a M=1 github.com/jzhang405/NexKV/internal/infrastructure/concurrency.(*AntsDefaultExecutor).Submit.func1 /home/jzh/ws/go/src/github.com/jzhang405/NexKV/internal/infrastructure/concurrency/executor_ants.go:41:0 s=41
  1868: 0x48d852 M=1 runtime.mcall /home/jzh/go/src/runtime/asm_amd64.s:496:0 s=458
  1869: 0x55b018 M=1 github.com/panjf2000/ants/v2.(*Pool).retrieveWorker /home/jzh/ws/go/pkg/mod/github.com/panjf2000/ants/v2@v2.9.0/pool.go:347:0 s=333
  1870: 0x421301 M=1 runtime.mallocgcSmallScanNoHeader /home/jzh/go/src/runtime/malloc.go:1635:0 s=1555
  1871: 0x457b66 M=1 runtime.findRunnable /home/jzh/go/src/runtime/proc.go:3476:0 s=3389
  1872: 0x41f7cb M=1 runtime.unlock2Wake /home/jzh/go/src/runtime/lock_spinbit.go:345:0 s=345
  1873: 0x45251a M=1 runtime.releasem /home/jzh/go/src/runtime/runtime1.go:610:0 s=607
             runtime.releaseSudog /home/jzh/go/src/runtime/proc.go:572:0 s=526
  1874: 0x55b5ca M=1 github.com/panjf2000/ants/v2.(*goWorker).inputFunc /home/jzh/ws/go/pkg/mod/github.com/panjf2000/ants/v2@v2.9.0/worker.go:85:0 s=83
  1875: 0x460b11 M=1 runtime.(*gQueue).pop /home/jzh/go/src/runtime/proc.go:7805:0 s=7802
             runtime.globrunqgetbatch /home/jzh/go/src/runtime/proc.go:7306:0 s=7293
  1876: 0x4611fc M=1 runtime.(*gQueue).pop /home/jzh/go/src/runtime/proc.go:7809:0 s=7802
             runtime.runqputbatch /home/jzh/go/src/runtime/proc.go:7573:0 s=7565
  1877: 0x43b8da M=1 runtime.(*gcWork).empty /home/jzh/go/src/runtime/mgcwork.go:384:0 s=383
  1878: 0x418aa5 M=1 runtime.(*maybeTraceablePtr).set /home/jzh/go/src/runtime/runtime2.go:360:0 s=359
             runtime.(*maybeTraceableChan).set /home/jzh/go/src/runtime/runtime2.go:388:0 s=387
             runtime.chanrecv /home/jzh/go/src/runtime/chan.go:651:0 s=524
  1879: 0x41f2de M=1 runtime.lock2 /home/jzh/go/src/runtime/lock_spinbit.go:138:0 s=155
  1880: 0x417e12 M=1 runtime.chansend.func1 /home/jzh/go/src/runtime/chan.go:232:0 s=232
  1881: 0x4234c1 M=1 runtime.(*mspan).writeHeapBitsSmall /home/jzh/go/src/runtime/mbitmap.go:640:0 s=624
  1882: 0x434632 M=1 runtime.scanObjectsSmall /home/jzh/go/src/runtime/mgcmark_greenteagc.go:1034:0 s=1015
  1883: 0x458991 M=1 runtime.findRunnable /home/jzh/go/src/runtime/proc.go:3470:0 s=3389
  1884: 0x41f225 M=1 runtime.lock2 /home/jzh/go/src/runtime/lock_spinbit.go:188:0 s=155
  1885: 0x421cc6 M=1 runtime.newobject /home/jzh/go/src/runtime/malloc.go:2208:0 s=2208
  1886: 0x41f69c M=1 runtime.unlock2 /home/jzh/go/src/runtime/lock_spinbit.go:317:0 s=267
  1887: 0x4576b8 M=1 runtime.execute /home/jzh/go/src/runtime/proc.go:3334:0 s=3331
  1888: 0x459cf4 M=1 runtime.traceAcquire /home/jzh/go/src/runtime/traceruntime.go:189:0 s=188
             runtime.goschedImpl /home/jzh/go/src/runtime/proc.go:4309:0 s=4307
  1889: 0x454418 M=1 runtime.casgstatus /home/jzh/go/src/runtime/proc.go:1383:0 s=1277
  1890: 0x43b0b5 M=1 runtime.traceEnabled /home/jzh/go/src/runtime/traceruntime.go:152:0 s=151
             runtime.traceAcquire /home/jzh/go/src/runtime/traceruntime.go:189:0 s=188
             runtime.deductSweepCredit /home/jzh/go/src/runtime/mgcsweep.go:961:0 s=913
  1891: 0x424a44 M=1 runtime.(*mcentral).cacheSpan /home/jzh/go/src/runtime/mcentral.go:85:0 s=82
  1892: 0x457674 M=1 runtime.execute /home/jzh/go/src/runtime/proc.go:3343:0 s=3331
  1893: 0x45988c M=1 runtime.schedule /home/jzh/go/src/runtime/proc.go:4202:0 s=4135
  1894: 0x434de9 M=1 runtime.scanObject /home/jzh/go/src/runtime/mgcmark_greenteagc.go:1242:0 s=1187
  1895: 0x42d72d M=1 runtime.gcDrainMarkWorkerDedicated /home/jzh/go/src/runtime/mgcmark.go:1178:0 s=1173
             runtime.gcBgMarkWorker.func2 /home/jzh/go/src/runtime/mgc.go:1877:0 s=1847
  1896: 0x472295 M=1 internal/runtime/atomic.(*Int32).Load /home/jzh/go/src/internal/runtime/atomic/types.go:21:0 s=20
             runtime.(*timers).check /home/jzh/go/src/runtime/time.go:1026:0 s=1009
  1897: 0x418734 M=1 runtime.chanrecv2 /home/jzh/go/src/runtime/chan.go:515:0 s=513
  1898: 0x459b41 M=1 runtime.(*guintptr).set /home/jzh/go/src/runtime/runtime2.go:248:0 s=248
             runtime.setGNoWB /home/jzh/go/src/runtime/runtime2.go:266:0 s=265
             runtime.dropg /home/jzh/go/src/runtime/proc.go:4244:0 s=4240
             runtime.park_m /home/jzh/go/src/runtime/proc.go:4280:0 s=4253
  1899: 0x43455c M=1 runtime.scanObjectsSmall /home/jzh/go/src/runtime/mgcmark_greenteagc.go:1026:0 s=1015
  1900: 0x48d8ff M=1 runtime.systemstack /home/jzh/go/src/runtime/asm_amd64.s:574:0 s=520
  1901: 0x55aeee M=1 github.com/panjf2000/ants/v2.(*Pool).retrieveWorker /home/jzh/ws/go/pkg/mod/github.com/panjf2000/ants/v2@v2.9.0/pool.go:338:0 s=333
  1902: 0x418b89 M=1 runtime.chanrecv /home/jzh/go/src/runtime/chan.go:654:0 s=524
  1903: 0x459ceb M=1 runtime.traceEnabled /home/jzh/go/src/runtime/traceruntime.go:152:0 s=151
             runtime.traceAcquire /home/jzh/go/src/runtime/traceruntime.go:189:0 s=188
             runtime.goschedImpl /home/jzh/go/src/runtime/proc.go:4309:0 s=4307
  1904: 0x48d892 M=1 runtime.systemstack /home/jzh/go/src/runtime/asm_amd64.s:535:0 s=520
  1905: 0x5d01c1 M=1 github.com/jzhang405/NexKV/internal/infrastructure/concurrency.(*AntsDefaultExecutor).Submit /home/jzh/ws/go/src/github.com/jzhang405/NexKV/internal/infrastructure/concurrency/executor_ants.go:29:0 s=28
  1906: 0x45767f M=1 runtime.execute /home/jzh/go/src/runtime/proc.go:3345:0 s=3331
  1907: 0x44e09d M=1 runtime.gorecover /home/jzh/go/src/runtime/panic.go:1073:0 s=1069
  1908: 0x55b424 M=1 github.com/panjf2000/ants/v2.(*goWorker).run.func1.1 /home/jzh/ws/go/pkg/mod/github.com/panjf2000/ants/v2@v2.9.0/worker.go:52:0 s=49
  1909: 0x55b39e M=1 github.com/panjf2000/ants/v2.(*goWorker).run.func1 /home/jzh/ws/go/pkg/mod/github.com/panjf2000/ants/v2@v2.9.0/worker.go:65:0 s=48
  1910: 0x431de4 M=1 runtime.scanblock /home/jzh/go/src/runtime/mgcmark.go:1488:0 s=1479
  1911: 0x42f67d M=1 runtime.markroot /home/jzh/go/src/runtime/mgcmark.go:229:0 s=221
  1912: 0x41f220 M=1 runtime.lock2 /home/jzh/go/src/runtime/lock_spinbit.go:186:0 s=155
  1913: 0x453894 M=1 runtime.ready /home/jzh/go/src/runtime/proc.go:1132:0 s=1120
  1914: 0x460d4a M=1 runtime.pidleget /home/jzh/go/src/runtime/proc.go:7402:0 s=7402
  1915: 0x434e18 M=1 runtime.scanObject /home/jzh/go/src/runtime/mgcmark_greenteagc.go:1250:0 s=1187
  1916: 0x45441d M=1 runtime.casgstatus /home/jzh/go/src/runtime/proc.go:1331:0 s=1277
  1917: 0x41f2a5 M=1 runtime.mutexPreferLowLatency /home/jzh/go/src/runtime/lock_spinbit.go:138:0 s=134
             runtime.lock2 /home/jzh/go/src/runtime/lock_spinbit.go:214:0 s=155
  1918: 0x4611b6 M=1 runtime.runqputbatch /home/jzh/go/src/runtime/proc.go:7574:0 s=7565
  1919: 0x460b64 M=1 runtime.globrunqgetbatch /home/jzh/go/src/runtime/proc.go:7309:0 s=7293
  1920: 0x41f475 M=1 runtime.lock2 /home/jzh/go/src/runtime/lock_spinbit.go:247:0 s=155
  1921: 0x41f337 M=1 runtime.lock2 /home/jzh/go/src/runtime/lock_spinbit.go:222:0 s=155
  1922: 0x461200 M=1 runtime.(*gQueue).pop /home/jzh/go/src/runtime/proc.go:7809:0 s=7802
             runtime.runqputbatch /home/jzh/go/src/runtime/proc.go:7573:0 s=7565
  1923: 0x559fac M=1 github.com/panjf2000/ants/v2/internal/sync.(*spinLock).Lock /home/jzh/ws/go/pkg/mod/github.com/panjf2000/ants/v2@v2.9.0/internal/sync/spinlock.go:28:0 s=17
  1924: 0x418b4d M=1 runtime.(*waitq).enqueue /home/jzh/go/src/runtime/chan.go:876:0 s=872
             runtime.chanrecv /home/jzh/go/src/runtime/chan.go:653:0 s=524
  1925: 0x460e68 M=1 runtime.pidleget /home/jzh/go/src/runtime/proc.go:7417:0 s=7402
  1926: 0x454140 M=1 internal/runtime/atomic.(*Uint32).CompareAndSwap /home/jzh/go/src/internal/runtime/atomic/types.go:236:0 s=235
             runtime.casgstatus /home/jzh/go/src/runtime/proc.go:1295:0 s=1277
  1927: 0x41f2e8 M=1 runtime.lock2 /home/jzh/go/src/runtime/lock_spinbit.go:219:0 s=155
  1928: 0x5d030e M=1 github.com/jzhang405/NexKV/internal/infrastructure/concurrency.(*AntsDefaultExecutor).Submit.func1 /home/jzh/ws/go/src/github.com/jzhang405/NexKV/internal/infrastructure/concurrency/executor_ants.go:41:0 s=41
  1929: 0x55c0a1 M=1 github.com/panjf2000/ants/v2.(*workerStack).detach /home/jzh/ws/go/pkg/mod/github.com/panjf2000/ants/v2@v2.9.0/worker_stack.go:35:0 s=29
  1930: 0x4189e6 M=1 runtime.chanrecv /home/jzh/go/src/runtime/chan.go:640:0 s=524
  1931: 0x4577b7 M=1 runtime.execute /home/jzh/go/src/runtime/proc.go:3382:0 s=3331
  1932: 0x432e6e M=1 runtime.tryDeferToSpanScan /home/jzh/go/src/runtime/mgcmark_greenteagc.go:286:0 s=264
  1933: 0x459e3b M=1 runtime.goschedImpl /home/jzh/go/src/runtime/proc.go:4337:0 s=4307
  1934: 0x41f607 M=1 runtime.unlock2 /home/jzh/go/src/runtime/lock_spinbit.go:273:0 s=267
  1935: 0x423328 M=1 runtime.getGCMask /home/jzh/go/src/runtime/type.go:88:0 s=87
             runtime.(*mspan).writeHeapBitsSmall /home/jzh/go/src/runtime/mbitmap.go:626:0 s=624
  1936: 0x459776 M=1 runtime.schedule /home/jzh/go/src/runtime/proc.go:4138:0 s=4135
  1937: 0x45769e M=1 runtime.execute /home/jzh/go/src/runtime/proc.go:3347:0 s=3331
  1938: 0x454122 M=1 runtime.casgstatus /home/jzh/go/src/runtime/proc.go:1287:0 s=1277
  1939: 0x4188a5 M=1 runtime.chanrecv /home/jzh/go/src/runtime/chan.go:588:0 s=524
  1940: 0x449b55 M=1 runtime.(*sysMemStat).add /home/jzh/go/src/runtime/mstats.go:660:0 s=659
  1941: 0x43d584 M=1 runtime.(*mheap).allocSpan /home/jzh/go/src/runtime/mheap.go:1410:0 s=1224
  1942: 0x418b8e M=1 runtime.chanrecv /home/jzh/go/src/runtime/chan.go:654:0 s=524
  1943: 0x42347a M=1 runtime.(*mspan).writeHeapBitsSmall /home/jzh/go/src/runtime/mbitmap.go:670:0 s=624
  1944: 0x453850 M=1 runtime.acquirem /home/jzh/go/src/runtime/runtime1.go:603:0 s=600
             runtime.ready /home/jzh/go/src/runtime/proc.go:1124:0 s=1120
  1945: 0x5d027c M=1 github.com/jzhang405/NexKV/internal/infrastructure/concurrency.(*AntsDefaultExecutor).Submit /home/jzh/ws/go/src/github.com/jzhang405/NexKV/internal/infrastructure/concurrency/executor_ants.go:41:0 s=28
  1946: 0x41f4b3 M=1 runtime.lock2 /home/jzh/go/src/runtime/lock_spinbit.go:255:0 s=155
  1947: 0x55c00f M=1 github.com/panjf2000/ants/v2.(*workerStack).insert /home/jzh/ws/go/pkg/mod/github.com/panjf2000/ants/v2@v2.9.0/worker_stack.go:25:0 s=24
  1948: 0x48d804 M=1 runtime.mcall /home/jzh/go/src/runtime/asm_amd64.s:466:0 s=458
  1949: 0x55b0ed M=1 github.com/panjf2000/ants/v2.(*Pool).nowTime /home/jzh/ws/go/pkg/mod/github.com/panjf2000/ants/v2@v2.9.0/pool.go:160:0 s=159
             github.com/panjf2000/ants/v2.(*Pool).revertWorker /home/jzh/ws/go/pkg/mod/github.com/panjf2000/ants/v2@v2.9.0/pool.go:378:0 s=372
  1950: 0x41f7ca M=1 runtime.unlock2Wake /home/jzh/go/src/runtime/lock_spinbit.go:345:0 s=345
  1951: 0x41f34d M=1 runtime.procyield /home/jzh/go/src/runtime/stubs.go:282:0 s=278
             runtime.lock2 /home/jzh/go/src/runtime/lock_spinbit.go:216:0 s=155
  1952: 0x421205 M=1 runtime.heapSetTypeNoHeader /home/jzh/go/src/runtime/mbitmap.go:709:0 s=705
             runtime.mallocgcSmallScanNoHeader /home/jzh/go/src/runtime/malloc.go:1592:0 s=1555
  1953: 0x4523f5 M=1 runtime.releaseSudog /home/jzh/go/src/runtime/proc.go:539:0 s=526
  1954: 0x4acf73 M=1 time.Now /home/jzh/go/src/time/time.go:1349:0 s=1347
  1955: 0x431b47 M=1 runtime.gcDrainN /home/jzh/go/src/runtime/mgcmark.go:1422:0 s=1392
  1956: 0x47222a M=1 runtime.(*timers).check /home/jzh/go/src/runtime/time.go:1009:0 s=1009
  1957: 0x48d8ad M=1 runtime.systemstack /home/jzh/go/src/runtime/asm_amd64.s:552:0 s=520
  1958: 0x417f0c M=1 runtime.send /home/jzh/go/src/runtime/chan.go:344:0 s=318
  1959: 0x41f2bf M=1 runtime.lock2 /home/jzh/go/src/runtime/lock_spinbit.go:214:0 s=155
  1960: 0x4579d1 M=1 runtime.findRunnable /home/jzh/go/src/runtime/proc.go:3453:0 s=3389
  1961: 0x4722ac M=1 runtime.(*timers).check /home/jzh/go/src/runtime/time.go:1030:0 s=1009
  1962: 0x48d8d3 M=1 runtime.systemstack /home/jzh/go/src/runtime/asm_amd64.s:567:0 s=520
  1963: 0x452452 M=1 runtime.releaseSudog /home/jzh/go/src/runtime/proc.go:551:0 s=526
  1964: 0x449080 M=1 runtime.(*atomicHeadTailIndex).incTail /home/jzh/go/src/runtime/mspanset.go:398:0 s=398
  1965: 0x41f3c6 M=1 runtime.lock2 /home/jzh/go/src/runtime/lock_spinbit.go:235:0 s=155
  1966: 0x459b6c M=1 runtime.park_m /home/jzh/go/src/runtime/proc.go:4283:0 s=4253
  1967: 0x4243bd M=1 runtime.(*mcache).refill /home/jzh/go/src/runtime/mcache.go:187:0 s=160
  1968: 0x45983b M=1 runtime.schedule /home/jzh/go/src/runtime/proc.go:4181:0 s=4135
  1969: 0x4212d8 M=1 runtime.mallocgcSmallScanNoHeader /home/jzh/go/src/runtime/malloc.go:1632:0 s=1555
  1970: 0x459e9d M=1 runtime.goschedImpl /home/jzh/go/src/runtime/proc.go:4342:0 s=4307
  1971: 0x4178cc M=1 runtime.lock /home/jzh/go/src/runtime/lock_spinbit.go:152:0 s=151
             runtime.chansend /home/jzh/go/src/runtime/chan.go:222:0 s=176
  1972: 0x48bb40 M=1 time.runtimeIsBubbled /home/jzh/go/src/runtime/time.go:43:0 s=42
  1973: 0x48cb67 M=1 gosave_systemstack_switch /home/jzh/go/src/runtime/asm_amd64.s:891:0 s=886
  1974: 0x460a7f M=1 runtime.globrunqgetbatch /home/jzh/go/src/runtime/proc.go:7300:0 s=7293
  1975: 0x44a09d M=1 runtime.wbBufFlush1 /home/jzh/go/src/runtime/mwbbuf.go:230:0 s=195
  1976: 0x559f42 M=1 github.com/panjf2000/ants/v2/internal/sync.(*spinLock).Lock /home/jzh/ws/go/pkg/mod/github.com/panjf2000/ants/v2@v2.9.0/internal/sync/spinlock.go:24:0 s=17
  1977: 0x485b96 M=1 runtime.mallocgc /home/jzh/go/src/runtime/malloc.go:1186:0 s=1119
  1978: 0x41f153 M=1 runtime.lockWithRank /home/jzh/go/src/runtime/lockrank_off.go:24:0 s=23
             runtime.lock /home/jzh/go/src/runtime/lock_spinbit.go:152:0 s=151
  1979: 0x43aaf7 M=1 runtime.(*sweepLocked).sweep.(*mheap).freeSpan.func2 /home/jzh/go/src/runtime/mheap.go:1677:0 s=1667
  1980: 0x448e56 M=1 internal/runtime/atomic.(*Uint32).Add /home/jzh/go/src/internal/runtime/atomic/types.go:291:0 s=290
             runtime.(*spanSet).pop /home/jzh/go/src/runtime/mspanset.go:235:0 s=150
  1981: 0x460d4e M=1 runtime.pidleget /home/jzh/go/src/runtime/proc.go:7402:0 s=7402
  1982: 0x459cce M=1 runtime.goschedImpl /home/jzh/go/src/runtime/proc.go:4307:0 s=4307
  1983: 0x55b070 M=1 github.com/panjf2000/ants/v2.(*Pool).retrieveWorker /home/jzh/ws/go/pkg/mod/github.com/panjf2000/ants/v2@v2.9.0/pool.go:340:0 s=333
  1984: 0x485c27 M=1 runtime.mallocgc /home/jzh/go/src/runtime/malloc.go:1248:0 s=1119
  1985: 0x431b05 M=1 runtime.gcDrainN /home/jzh/go/src/runtime/mgcmark.go:1416:0 s=1392
  1986: 0x433c62 M=1 runtime.scanSpan /home/jzh/go/src/runtime/mgcmark_greenteagc.go:851:0 s=844
  1987: 0x55b171 M=1 github.com/panjf2000/ants/v2.(*Pool).revertWorker /home/jzh/ws/go/pkg/mod/github.com/panjf2000/ants/v2@v2.9.0/pool.go:373:0 s=372
  1988: 0x41f3bb M=1 runtime.lock2 /home/jzh/go/src/runtime/lock_spinbit.go:234:0 s=155
  1989: 0x559f2e M=1 github.com/panjf2000/ants/v2/internal/sync.(*spinLock).Lock /home/jzh/ws/go/pkg/mod/github.com/panjf2000/ants/v2@v2.9.0/internal/sync/spinlock.go:17:0 s=17
  1990: 0x4862ff M=1 runtime.findObject /home/jzh/go/src/runtime/mbitmap.go:1392:0 s=1361
  1991: 0x434e64 M=1 runtime.scanObject /home/jzh/go/src/runtime/mgcmark_greenteagc.go:1269:0 s=1187
  1992: 0x41f55a M=1 runtime.lock2 /home/jzh/go/src/runtime/lock_spinbit.go:202:0 s=155
  1993: 0x41f49b M=1 runtime.lock2 /home/jzh/go/src/runtime/lock_spinbit.go:251:0 s=155
  1994: 0x4212e4 M=1 runtime.mallocgcSmallScanNoHeader /home/jzh/go/src/runtime/malloc.go:1632:0 s=1555
  1995: 0x41efe1 M=1 runtime.semasleep /home/jzh/go/src/runtime/lock_futex.go:139:0 s=139
  1996: 0x418ce5 M=1 runtime.chanrecv /home/jzh/go/src/runtime/chan.go:685:0 s=524
  1997: 0x41f27f M=1 runtime.lock2 /home/jzh/go/src/runtime/lock_spinbit.go:209:0 s=155
  1998: 0x435fc7 M=1 runtime.(*gcControllerState).releaseNextGCMarkWorker /home/jzh/go/src/runtime/mgcpacer.go:901:0 s=901
  1999: 0x41f953 M=1 runtime.unlock2Wake /home/jzh/go/src/runtime/lock_spinbit.go:420:0 s=345
  2000: 0x421244 M=1 runtime.heapSetTypeNoHeader /home/jzh/go/src/runtime/mbitmap.go:709:0 s=705
             runtime.mallocgcSmallScanNoHeader /home/jzh/go/src/runtime/malloc.go:1592:0 s=1555
  2001: 0x485bc0 M=1 runtime.mallocgc /home/jzh/go/src/runtime/malloc.go:1202:0 s=1119
  2002: 0x460b58 M=1 runtime.(*guintptr).set /home/jzh/go/src/runtime/runtime2.go:248:0 s=248
             runtime.(*gQueue).pushBack /home/jzh/go/src/runtime/proc.go:7778:0 s=7773
             runtime.globrunqgetbatch /home/jzh/go/src/runtime/proc.go:7307:0 s=7293
  2003: 0x4a5eeb M=1 time.Since /home/jzh/go/src/time/time.go:1228:0 s=1227
  2004: 0x45773c M=1 runtime.traceAcquire /home/jzh/go/src/runtime/traceruntime.go:189:0 s=188
             runtime.execute /home/jzh/go/src/runtime/proc.go:3376:0 s=3331
  2005: 0x460ab9 M=1 runtime.(*gQueue).pop /home/jzh/go/src/runtime/proc.go:7805:0 s=7802
             runtime.globrunqgetbatch /home/jzh/go/src/runtime/proc.go:7302:0 s=7293
  2006: 0x454417 M=1 runtime.casgstatus /home/jzh/go/src/runtime/proc.go:1383:0 s=1277
  2007: 0x4556da M=1 runtime.lockWithRank /home/jzh/go/src/runtime/lockrank_off.go:24:0 s=23
             runtime.lock /home/jzh/go/src/runtime/lock_spinbit.go:152:0 s=151
             runtime.forEachPInternal /home/jzh/go/src/runtime/proc.go:2144:0 s=2140
  2008: 0x42bb5e M=1 runtime.gcMarkDone.forEachP.func5 /home/jzh/go/src/runtime/proc.go:2126:0 s=2112
  2009: 0x42b713 M=1 runtime.forEachP /home/jzh/go/src/runtime/proc.go:2112:0 s=2111
             runtime.gcMarkDone /home/jzh/go/src/runtime/mgc.go:1042:0 s=1015
  2010: 0x42d567 M=1 runtime.gcBgMarkWorker /home/jzh/go/src/runtime/mgc.go:1912:0 s=1750
  2011: 0x41d274 M=1 runtime.(*timeHistogram).record /home/jzh/go/src/runtime/histogram.go:133:0 s=105
  2012: 0x55acb4 M=1 github.com/panjf2000/ants/v2.(*Pool).Submit /home/jzh/ws/go/pkg/mod/github.com/panjf2000/ants/v2@v2.9.0/pool.go:224:0 s=217
  2013: 0x41810a M=1 runtime.sendDirect /home/jzh/go/src/runtime/chan.go:392:0 s=392
  2014: 0x417e52 M=1 runtime.send /home/jzh/go/src/runtime/chan.go:319:0 s=318
  2015: 0x41f33d M=1 runtime.procyield /home/jzh/go/src/runtime/stubs.go:282:0 s=278
             runtime.lock2 /home/jzh/go/src/runtime/lock_spinbit.go:216:0 s=155
  2016: 0x424b9c M=1 runtime.(*mcentral).cacheSpan /home/jzh/go/src/runtime/mcentral.go:185:0 s=82
  2017: 0x448bde M=1 runtime.(*spanSet).push /home/jzh/go/src/runtime/mspanset.go:85:0 s=83
  2018: 0x449fa2 M=1 runtime.wbBufFlush1 /home/jzh/go/src/runtime/mwbbuf.go:198:0 s=195
  2019: 0x460a6d M=1 runtime.globrunqgetbatch /home/jzh/go/src/runtime/proc.go:7293:0 s=7293
  2020: 0x48f946 M=1 runtime.memclrNoHeapPointers /home/jzh/go/src/runtime/memclr_amd64.s:24:0 s=15
  2021: 0x418c5a M=1 runtime.chanrecv /home/jzh/go/src/runtime/chan.go:678:0 s=524
  2022: 0x417e57 M=1 runtime.send /home/jzh/go/src/runtime/chan.go:319:0 s=318
  2023: 0x559f9c M=1 github.com/panjf2000/ants/v2/internal/sync.(*spinLock).Lock /home/jzh/ws/go/pkg/mod/github.com/panjf2000/ants/v2@v2.9.0/internal/sync/spinlock.go:19:0 s=17
  2024: 0x421310 M=1 runtime.releasem /home/jzh/go/src/runtime/runtime1.go:609:0 s=607
             runtime.mallocgcSmallScanNoHeader /home/jzh/go/src/runtime/malloc.go:1636:0 s=1555
  2025: 0x418b46 M=1 runtime.(*waitq).enqueue /home/jzh/go/src/runtime/chan.go:876:0 s=872
             runtime.chanrecv /home/jzh/go/src/runtime/chan.go:653:0 s=524
  2026: 0x4540df M=1 runtime.casgstatus /home/jzh/go/src/runtime/proc.go:1278:0 s=1277
  2027: 0x4a5f5b M=1 time.Since /home/jzh/go/src/time/time.go:1230:0 s=1227
  2028: 0x421cd4 M=1 runtime.newobject /home/jzh/go/src/runtime/malloc.go:2209:0 s=2208
  2029: 0x48fc52 M=1 runtime.memmove /home/jzh/go/src/runtime/memmove_amd64.s:56:0 s=35
  2030: 0x48caf3 M=1 gogo /home/jzh/go/src/runtime/asm_amd64.s:447:0 s=441
  2031: 0x55b1f0 M=1 github.com/panjf2000/ants/v2.(*Pool).revertWorker /home/jzh/ws/go/pkg/mod/github.com/panjf2000/ants/v2@v2.9.0/pool.go:395:0 s=372
  2032: 0x55b04b M=1 github.com/panjf2000/ants/v2.(*Pool).retrieveWorker /home/jzh/ws/go/pkg/mod/github.com/panjf2000/ants/v2@v2.9.0/pool.go:339:0 s=333
  2033: 0x460f95 M=1 runtime.(*guintptr).cas /home/jzh/go/src/runtime/runtime2.go:252:0 s=251
             runtime.runqput /home/jzh/go/src/runtime/proc.go:7497:0 s=7478
  2034: 0x41f38f M=1 runtime.lock2 /home/jzh/go/src/runtime/lock_spinbit.go:227:0 s=155
  2035: 0x48cb6b M=1 gosave_systemstack_switch /home/jzh/go/src/runtime/asm_amd64.s:892:0 s=886
  2036: 0x41f8bb M=1 runtime.unlock2Wake /home/jzh/go/src/runtime/lock_spinbit.go:378:0 s=345
  2037: 0x45c8a4 M=1 runtime.gfget.func2 /home/jzh/go/src/runtime/proc.go:5548:0 s=5547
  2038: 0x45c81d M=1 runtime.gfget /home/jzh/go/src/runtime/proc.go:5547:0 s=5507
  2039: 0x4233e1 M=1 runtime.(*mspan).writeHeapBitsSmall /home/jzh/go/src/runtime/mbitmap.go:659:0 s=624
  2040: 0x4722f3 M=1 runtime.(*timers).check /home/jzh/go/src/runtime/time.go:1034:0 s=1009
  2041: 0x41f208 M=1 runtime.lock2 /home/jzh/go/src/runtime/lock_spinbit.go:170:0 s=155
  2042: 0x48ba87 M=1 time.runtimeNow /home/jzh/go/src/runtime/time.go:17:0 s=17
  2043: 0x41f2ec M=1 runtime.lock2 /home/jzh/go/src/runtime/lock_spinbit.go:219:0 s=155
  2044: 0x457589 M=1 runtime.unlockWithRank /home/jzh/go/src/runtime/lockrank_off.go:35:0 s=34
             runtime.unlock /home/jzh/go/src/runtime/lock_spinbit.go:261:0 s=260
             runtime.gcstopm /home/jzh/go/src/runtime/proc.go:3318:0 s=3296
  2045: 0x43bb60 M=1 runtime.putempty /home/jzh/go/src/runtime/mgcwork.go:482:0 s=480
  2046: 0x490ff2 M=1 runtime.futex /home/jzh/go/src/runtime/sys_linux_amd64.s:566:0 s=561
  2047: 0x559fa0 M=1 github.com/panjf2000/ants/v2/internal/sync.(*spinLock).Lock /home/jzh/ws/go/pkg/mod/github.com/panjf2000/ants/v2@v2.9.0/internal/sync/spinlock.go:21:0 s=17
  2048: 0x418a57 M=1 runtime.chanrecv /home/jzh/go/src/runtime/chan.go:647:0 s=524
  2049: 0x423382 M=1 runtime.(*mspan).writeHeapBitsSmall /home/jzh/go/src/runtime/mbitmap.go:640:0 s=624
  2050: 0x559fa5 M=1 github.com/panjf2000/ants/v2/internal/sync.(*spinLock).Lock /home/jzh/ws/go/pkg/mod/github.com/panjf2000/ants/v2@v2.9.0/internal/sync/spinlock.go:21:0 s=17
  2051: 0x432e63 M=1 runtime.tryDeferToSpanScan /home/jzh/go/src/runtime/mgcmark_greenteagc.go:283:0 s=264
  2052: 0x434de0 M=1 runtime.scanObject /home/jzh/go/src/runtime/mgcmark_greenteagc.go:1242:0 s=1187
  2053: 0x42108e M=1 runtime.mallocgcSmallScanNoHeader /home/jzh/go/src/runtime/malloc.go:1555:0 s=1555
  2054: 0x459823 M=1 runtime.schedule /home/jzh/go/src/runtime/proc.go:4167:0 s=4135
  2055: 0x438f71 M=1 runtime.binarySearchTree /home/jzh/go/src/runtime/mgcstack.go:325:0 s=311
  2056: 0x4523cc M=1 runtime.releaseSudog /home/jzh/go/src/runtime/proc.go:527:0 s=526
  2057: 0x4611cf M=1 runtime.runqputbatch /home/jzh/go/src/runtime/proc.go:7572:0 s=7565
  2058: 0x491201 M=1 time.now /home/jzh/go/src/runtime/time_linux_amd64.s:14:0 s=14
  2059: 0x453874 M=1 runtime.traceAcquire /home/jzh/go/src/runtime/traceruntime.go:189:0 s=188
             runtime.ready /home/jzh/go/src/runtime/proc.go:1131:0 s=1120
  2060: 0x417f9a M=1 runtime.goready /home/jzh/go/src/runtime/proc.go:482:0 s=481
             runtime.send /home/jzh/go/src/runtime/chan.go:350:0 s=318
  2061: 0x45982a M=1 runtime.puintptr.ptr /home/jzh/go/src/runtime/runtime2.go:272:0 s=272
             runtime.schedule /home/jzh/go/src/runtime/proc.go:4167:0 s=4135
  2062: 0x43d8b4 M=1 internal/runtime/atomic.(*Uint8).Store /home/jzh/go/src/internal/runtime/atomic/types.go:131:0 s=130
             runtime.(*mSpanStateBox).set /home/jzh/go/src/runtime/mheap.go:411:0 s=410
             runtime.(*mheap).initSpan /home/jzh/go/src/runtime/mheap.go:1514:0 s=1439
  2063: 0x46feda M=1 runtime.pcvalue /home/jzh/go/src/runtime/symtab.go:1047:0 s=1013
  2064: 0x43a038 M=1 runtime.(*sweepLocked).sweep /home/jzh/go/src/runtime/mgcsweep.go:730:0 s=505
  2065: 0x418b80 M=1 runtime.(*waitq).enqueue /home/jzh/go/src/runtime/chan.go:878:0 s=872
             runtime.chanrecv /home/jzh/go/src/runtime/chan.go:653:0 s=524
  2066: 0x55c026 M=1 github.com/panjf2000/ants/v2.(*workerStack).insert /home/jzh/ws/go/pkg/mod/github.com/panjf2000/ants/v2@v2.9.0/worker_stack.go:25:0 s=24
  2067: 0x417f0e M=1 runtime.send /home/jzh/go/src/runtime/chan.go:345:0 s=318
  2068: 0x418ab1 M=1 runtime.(*maybeTraceablePtr).set /home/jzh/go/src/runtime/runtime2.go:360:0 s=359
             runtime.(*maybeTraceableChan).set /home/jzh/go/src/runtime/runtime2.go:388:0 s=387
             runtime.chanrecv /home/jzh/go/src/runtime/chan.go:651:0 s=524
  2069: 0x45247d M=1 runtime.releaseSudog /home/jzh/go/src/runtime/proc.go:571:0 s=526
  2070: 0x48d807 M=1 runtime.mcall /home/jzh/go/src/runtime/asm_amd64.s:471:0 s=458
  2071: 0x434cf0 M=1 runtime.scanObject /home/jzh/go/src/runtime/mgcmark_greenteagc.go:1187:0 s=1187
  2072: 0x48d152 M=1 gcWriteBarrier /home/jzh/go/src/runtime/asm_amd64.s:1821:0 s=1813
  2073: 0x4179cb M=1 runtime.chansend /home/jzh/go/src/runtime/chan.go:236:0 s=176
  2074: 0x4acf84 M=1 time.Now /home/jzh/go/src/time/time.go:1353:0 s=1347
  2075: 0x48bb20 M=1 time.runtimeNano /home/jzh/go/src/runtime/time.go:38:0 s=33
  2076: 0x419115 M=1 internal/runtime/atomic.(*Uint8).Store /home/jzh/go/src/internal/runtime/atomic/types.go:131:0 s=130
             internal/runtime/atomic.(*Bool).Store /home/jzh/go/src/internal/runtime/atomic/types.go:179:0 s=174
             runtime.chanparkcommit /home/jzh/go/src/runtime/chan.go:758:0 s=748
  2077: 0x48f360 M=1 runtime.cputicks /home/jzh/go/src/runtime/asm_amd64.s:1256:0 s=1255
  2078: 0x42f2ae M=1 runtime.markroot /home/jzh/go/src/runtime/mgcmark.go:226:0 s=221
  2079: 0x4177e1 M=1 runtime.chansend1 /home/jzh/go/src/runtime/chan.go:160:0 s=160
  2080: 0x418c48 M=1 runtime.chanrecv /home/jzh/go/src/runtime/chan.go:676:0 s=524
  2081: 0x55acc2 M=1 github.com/panjf2000/ants/v2.(*Pool).Submit /home/jzh/ws/go/pkg/mod/github.com/panjf2000/ants/v2@v2.9.0/pool.go:226:0 s=217
  2082: 0x41f819 M=1 runtime.unlock2Wake /home/jzh/go/src/runtime/lock_spinbit.go:352:0 s=345
  2083: 0x41d234 M=1 runtime.(*timeHistogram).record /home/jzh/go/src/runtime/histogram.go:119:0 s=105
  2084: 0x5d0316 M=1 github.com/jzhang405/NexKV/internal/infrastructure/concurrency.(*AntsDefaultExecutor).Submit.func1 /home/jzh/ws/go/src/github.com/jzhang405/NexKV/internal/infrastructure/concurrency/executor_ants.go:41:0 s=41
  2085: 0x41d245 M=1 runtime.(*timeHistogram).record /home/jzh/go/src/runtime/histogram.go:119:0 s=105
  2086: 0x459b83 M=1 runtime.park_m /home/jzh/go/src/runtime/proc.go:4284:0 s=4253
  2087: 0x42126a M=1 runtime.mallocgcSmallScanNoHeader /home/jzh/go/src/runtime/malloc.go:1619:0 s=1555
  2088: 0x42346f M=1 runtime.(*mspan).writeHeapBitsSmall /home/jzh/go/src/runtime/mbitmap.go:669:0 s=624
  2089: 0x45213d M=1 runtime.acquireSudog /home/jzh/go/src/runtime/proc.go:514:0 s=488
Mappings
1: 0x400000/0x653000/0x0 ./concurrency.test 2e8a341cb9d8c0ea8d390b68bb9c62bfb2617880 [FN]
2: 0x71de4ac28000/0x71de4adb0000/0x28000 /usr/lib/x86_64-linux-gnu/libc.so.6 8e9fd827446c24067541ac5390e6f527fb5947bb 
3: 0x71de4ae9a000/0x71de4ae9c000/0x0 [vdso]  
4: 0x71de4ae9d000/0x71de4aec8000/0x1000 /usr/lib/x86_64-linux-gnu/ld-linux-x86-64.so.2 da07864eb4c1b06504b8688d25d7e84759fe708d 
5: 0xffffffffff600000/0xffffffffff601000/0x0 [vsyscall]  
