PeriodType: cpu nanoseconds
Period: 10000000
Time: 2026-03-01 11:24:44.002673795 +0800 CST
Duration: 1m6.
Samples:
samples/count cpu/nanoseconds
          1   10000000: 1 2 3 4 5 
          5   50000000: 6 7 8 
        181 1810000000: 9 10 11 12 7 8 
          1   10000000: 13 14 7 8 
         51  510000000: 15 16 17 18 19 20 21 
        174 1740000000: 9 10 11 14 7 8 
          1   10000000: 22 8 
        187 1870000000: 9 10 23 12 7 8 
         30  300000000: 24 25 26 27 28 29 30 20 21 
        733 7330000000: 24 31 32 33 18 19 20 21 
         36  360000000: 24 25 26 27 34 35 36 20 21 
          5   50000000: 37 
          4   40000000: 38 39 
         78  780000000: 24 31 32 40 36 20 21 
          1   10000000: 41 42 43 44 18 19 20 21 
          4   40000000: 45 14 7 8 
          2   20000000: 46 47 48 
          6   60000000: 49 14 7 8 
          6   60000000: 50 51 14 7 8 
          2   20000000: 52 53 54 
          1   10000000: 55 56 57 36 20 21 
          1   10000000: 58 40 36 20 21 
          1   10000000: 24 31 32 33 59 60 20 21 
          1   10000000: 61 53 54 
          1   10000000: 62 53 54 
          2   20000000: 63 64 65 66 
          5   50000000: 67 8 
         10  100000000: 68 11 12 7 8 
        629 6290000000: 24 25 26 69 19 20 21 
          2   20000000: 9 10 23 70 71 53 54 
          1   10000000: 72 71 53 54 
          2   20000000: 15 16 73 35 36 20 21 
          1   10000000: 74 23 12 7 8 
          3   30000000: 75 53 54 
          8   80000000: 76 7 8 
          6   60000000: 77 78 79 53 54 
          6   60000000: 80 12 7 8 
        123 1230000000: 81 14 7 8 
          2   20000000: 82 23 12 7 8 
          3   30000000: 83 7 8 
          1   10000000: 84 33 18 19 20 21 
          2   20000000: 85 86 53 54 
          1   10000000: 87 79 53 54 
          2   20000000: 77 78 88 47 48 
          1   10000000: 89 12 7 8 
          2   20000000: 90 14 7 8 
          2   20000000: 91 92 11 14 7 8 
          4   40000000: 93 10 23 14 7 8 
          1   10000000: 94 39 
          1   10000000: 95 96 35 36 20 21 
          1   10000000: 97 53 54 
          1   10000000: 98 99 100 101 53 54 
         36  360000000: 15 16 102 103 19 20 21 
          1   10000000: 104 36 20 21 
        156 1560000000: 9 10 23 14 7 8 
          6   60000000: 105 10 11 12 7 8 
          1   10000000: 106 53 54 
          1   10000000: 107 54 
         13  130000000: 108 11 12 7 8 
          1   10000000: 109 39 
         25  250000000: 110 111 48 
          1   10000000: 112 113 114 
          2   20000000: 115 14 7 8 
         24  240000000: 85 39 
          1   10000000: 116 117 60 20 21 
          9   90000000: 118 
          2   20000000: 119 8 
          1   10000000: 120 53 54 
          1   10000000: 121 8 
          2   20000000: 9 10 11 70 71 53 54 
          1   10000000: 122 27 28 29 30 20 21 
          1   10000000: 123 75 53 54 
          4   40000000: 124 23 12 7 8 
          1   10000000: 125 126 127 117 60 20 21 
          4   40000000: 68 23 12 7 8 
          3   30000000: 91 92 11 12 7 8 
          2   20000000: 122 27 34 35 36 20 21 
          3   30000000: 128 12 7 8 
         14  140000000: 129 
          3   30000000: 130 
         13  130000000: 131 7 8 
          1   10000000: 132 114 
          2   20000000: 24 31 133 134 102 103 19 20 21 
          1   10000000: 135 79 53 54 
          1   10000000: 136 101 53 54 
         16  160000000: 137 
          2   20000000: 138 8 
          9   90000000: 139 7 8 
          3   30000000: 140 14 7 8 
          9   90000000: 141 51 14 7 8 
          1   10000000: 142 143 144 145 20 21 
          3   30000000: 146 12 7 8 
          4   40000000: 147 47 48 
          6   60000000: 148 
          1   10000000: 149 70 71 150 54 
         28  280000000: 151 47 48 
          4   40000000: 152 12 7 8 
          8   80000000: 77 78 79 150 54 
          5   50000000: 153 47 48 
         10  100000000: 154 48 
          3   30000000: 85 86 150 54 
          6   60000000: 155 47 48 
          1   10000000: 156 157 158 18 19 20 21 
          2   20000000: 159 14 7 8 
          1   10000000: 160 161 
          3   30000000: 75 150 54 
          3   30000000: 162 7 8 
          1   10000000: 156 163 164 36 20 21 
          1   10000000: 165 66 
          4   40000000: 166 10 11 12 7 8 
          1   10000000: 63 167 100 101 150 54 
          8   80000000: 168 23 12 7 8 
          3   30000000: 169 
          3   30000000: 9 10 11 70 71 150 54 
          4   40000000: 170 
         14  140000000: 123 114 
          1   10000000: 171 150 54 
          1   10000000: 82 11 12 7 8 
          2   20000000: 172 14 7 8 
          1   10000000: 173 47 48 
          1   10000000: 174 47 48 
          2   20000000: 9 10 23 70 71 150 54 
          2   20000000: 175 176 126 127 117 60 20 21 
          1   10000000: 177 117 60 20 21 
          1   10000000: 178 47 48 
          1   10000000: 179 150 54 
          1   10000000: 63 180 34 35 36 20 21 
          1   10000000: 181 35 36 20 21 
          9   90000000: 182 183 184 185 39 
          2   20000000: 186 47 48 
          3   30000000: 168 11 12 7 8 
          1   10000000: 187 
          3   30000000: 15 16 180 34 35 36 20 21 
         74  740000000: 15 183 184 185 39 
          1   10000000: 188 100 101 150 54 
          2   20000000: 189 150 54 
          1   10000000: 190 
          1   10000000: 191 69 19 20 21 
          1   10000000: 192 8 
          1   10000000: 193 51 12 7 8 
          2   20000000: 194 19 20 21 
          3   30000000: 195 7 8 
          1   10000000: 196 10 11 14 7 8 
          9   90000000: 197 8 
          6   60000000: 198 199 21 
          3   30000000: 172 12 7 8 
          2   20000000: 200 47 48 
          1   10000000: 201 202 35 36 20 21 
          1   10000000: 203 47 48 
          1   10000000: 108 23 70 71 150 54 
          2   20000000: 204 10 23 14 7 8 
          3   30000000: 205 23 12 7 8 
          1   10000000: 206 102 164 36 20 21 
          3   30000000: 207 60 20 21 
          1   10000000: 208 114 
          1   10000000: 209 47 48 
          1   10000000: 90 70 71 150 54 
          1   10000000: 210 211 43 212 36 20 21 
          2   20000000: 213 32 40 36 20 21 
          1   10000000: 85 214 66 
          1   10000000: 215 34 35 36 20 21 
          2   20000000: 85 86 216 54 
          1   10000000: 217 216 54 
          3   30000000: 75 216 54 
         10  100000000: 218 
          1   10000000: 219 220 221 222 223 47 48 
          6   60000000: 77 78 224 47 48 
          1   10000000: 225 54 
          1   10000000: 226 227 228 223 47 48 
          2   20000000: 229 230 231 232 223 47 48 
          5   50000000: 9 10 11 70 71 216 54 
          1   10000000: 72 71 216 54 
          1   10000000: 233 
          3   30000000: 201 234 235 21 
          1   10000000: 236 8 
          2   20000000: 237 238 223 47 48 
          1   10000000: 239 
          1   10000000: 240 228 223 47 48 
          1   10000000: 241 216 54 
          1   10000000: 242 228 223 47 48 
          9   90000000: 243 19 20 21 
          2   20000000: 244 8 
          1   10000000: 245 246 34 35 36 20 21 
          1   10000000: 247 18 19 20 21 
         35  350000000: 80 14 7 8 
          3   30000000: 248 7 8 
          6   60000000: 249 7 8 
          1   10000000: 250 79 216 54 
          1   10000000: 251 14 7 8 
          2   20000000: 252 20 21 
          1   10000000: 253 36 20 21 
          1   10000000: 254 31 32 40 36 20 21 
          1   10000000: 255 216 54 
          4   40000000: 256 7 8 
          3   30000000: 257 47 48 
          6   60000000: 182 16 102 103 19 20 21 
          1   10000000: 258 8 
          1   10000000: 259 35 36 20 21 
          1   10000000: 260 216 54 
          1   10000000: 261 21 
          2   20000000: 262 185 39 
          1   10000000: 263 78 224 47 48 
          2   20000000: 264 47 48 
          1   10000000: 265 238 223 47 48 
          1   10000000: 266 228 223 47 48 
          1   10000000: 267 36 20 21 
          2   20000000: 268 216 54 
          1   10000000: 269 
          7   70000000: 270 51 14 7 8 
          6   60000000: 271 7 8 
          2   20000000: 272 273 2 274 4 5 
          2   20000000: 275 276 
          1   10000000: 277 273 2 3 4 5 
          6   60000000: 278 273 2 279 4 5 
          1   10000000: 280 281 282 283 8 
          1   10000000: 284 34 35 36 20 21 
          1   10000000: 285 20 21 
          6   60000000: 286 
          1   10000000: 287 
          1   10000000: 288 42 43 212 36 20 21 
          1   10000000: 289 290 291 47 48 
          1   10000000: 292 8 
          2   20000000: 77 78 79 216 54 
          3   30000000: 146 14 7 8 
          1   10000000: 293 10 23 12 7 8 
          1   10000000: 294 295 296 4 297 298 299 300 113 114 
          9   90000000: 63 17 18 19 20 21 
          1   10000000: 52 216 54 
          1   10000000: 301 302 303 227 228 223 47 48 
         12  120000000: 304 7 8 
          1   10000000: 123 75 216 54 
          1   10000000: 305 220 290 291 47 48 
          1   10000000: 306 117 60 20 21 
          1   10000000: 307 308 238 223 47 48 
          1   10000000: 309 310 65 66 
          1   10000000: 311 157 158 18 19 20 21 
          1   10000000: 312 101 216 54 
          1   10000000: 313 220 290 291 47 48 
          1   10000000: 314 302 303 227 228 223 47 48 
          2   20000000: 315 12 7 8 
          5   50000000: 168 23 14 7 8 
          1   10000000: 316 75 216 54 
          2   20000000: 317 11 12 7 8 
          5   50000000: 318 7 8 
          2   20000000: 319 8 
          1   10000000: 320 211 43 44 18 19 20 21 
          2   20000000: 321 
          8   80000000: 122 69 19 20 21 
          1   10000000: 322 66 
          1   10000000: 323 144 324 20 21 
          1   10000000: 325 220 221 222 223 47 48 
          1   10000000: 326 228 223 47 48 
         17  170000000: 327 
         13  130000000: 328 
          6   60000000: 329 10 23 14 7 8 
          1   10000000: 124 11 70 71 216 54 
          1   10000000: 330 302 303 227 228 223 47 48 
         11  110000000: 331 7 8 
          1   10000000: 24 25 26 27 28 29 30 332 21 
          1   10000000: 333 334 335 336 337 338 339 340 341 342 343 344 345 346 347 54 
          1   10000000: 348 349 350 
          1   10000000: 351 352 158 59 60 20 21 
          1   10000000: 353 354 355 356 
          1   10000000: 177 117 60 332 21 
          1   10000000: 357 358 359 360 29 30 332 21 
         10  100000000: 24 25 361 362 363 364 21 
          6   60000000: 365 360 366 364 21 
         57  570000000: 15 16 367 60 20 21 
          1   10000000: 368 324 369 364 21 
        168 1680000000: 15 16 370 364 21 
          1   10000000: 201 371 372 373 374 375 376 377 378 379 
         19  190000000: 201 363 364 21 
         21  210000000: 63 370 364 21 
          1   10000000: 380 381 382 
          1   10000000: 24 31 133 134 383 366 364 21 
          1   10000000: 24 25 361 362 384 299 300 385 386 379 
         61  610000000: 387 2 279 4 5 
          1   10000000: 201 388 
          2   20000000: 389 390 391 392 393 394 395 396 54 
          2   20000000: 397 273 2 279 4 5 
          7   70000000: 398 273 2 279 4 5 
          2   20000000: 399 400 60 369 364 21 
          1   10000000: 401 402 403 404 405 406 407 4 408 409 410 411 377 378 412 54 
          1   10000000: 413 414 60 369 364 21 
          1   10000000: 415 416 417 418 419 378 412 54 
          1   10000000: 420 421 422 423 412 54 
          1   10000000: 424 425 381 382 
          2   20000000: 426 427 364 21 
          1   10000000: 428 381 382 
          1   10000000: 429 430 431 
          1   10000000: 432 433 60 369 364 21 
          1   10000000: 434 435 436 
          1   10000000: 437 438 439 4 440 373 374 375 376 377 378 412 54 
          1   10000000: 441 378 412 54 
          1   10000000: 442 443 444 445 446 447 3 4 5 
          1   10000000: 448 449 450 451 452 453 445 446 447 279 4 5 
          1   10000000: 448 449 454 455 453 445 446 447 3 4 5 
          1   10000000: 456 374 375 376 377 378 457 54 
          1   10000000: 458 459 453 445 446 447 3 4 5 
          1   10000000: 448 449 454 455 453 445 446 447 279 4 5 
          1   10000000: 460 461 462 459 453 445 446 447 3 4 5 
          1   10000000: 463 464 445 446 447 3 4 5 
          6   60000000: 465 466 467 468 4 469 470 471 472 
          1   10000000: 473 407 4 408 474 54 
          1   10000000: 475 381 382 
          1   10000000: 476 477 4 478 479 336 337 338 480 417 393 481 482 483 484 
          1   10000000: 485 486 487 488 489 477 4 478 490 491 392 393 492 493 494 54 
          3   30000000: 495 496 3 4 5 
          1   10000000: 497 498 499 500 501 502 4 503 504 505 393 492 493 506 54 
          7   70000000: 507 496 3 4 5 
         35  350000000: 507 496 279 4 5 
          2   20000000: 508 2 279 4 5 
          1   10000000: 509 
          1   10000000: 510 511 60 20 21 
          1   10000000: 512 513 514 515 431 
         18  180000000: 516 517 370 364 21 
          1   10000000: 518 100 519 436 
          1   10000000: 520 416 417 418 521 522 
          1   10000000: 523 371 372 373 374 375 376 524 522 
          1   10000000: 63 383 525 439 4 440 373 374 375 376 524 522 
          3   30000000: 526 370 364 21 
          3   30000000: 24 25 361 362 527 60 369 364 21 
          1   10000000: 528 381 382 
          1   10000000: 529 
          1   10000000: 530 515 431 
          1   10000000: 531 514 515 431 
          4   40000000: 198 427 364 21 
          2   20000000: 532 414 60 20 21 
          1   10000000: 533 534 374 375 376 524 535 
          1   10000000: 536 370 364 21 
          1   10000000: 201 371 372 373 374 375 376 524 535 
          2   20000000: 63 367 60 369 364 21 
         22  220000000: 15 16 367 60 369 364 21 
          1   10000000: 537 538 335 336 337 338 480 417 418 539 540 541 
          4   40000000: 198 144 324 20 21 
          3   30000000: 401 402 403 542 543 544 407 4 408 545 54 
          1   10000000: 546 547 548 549 550 407 4 408 551 540 541 
          1   10000000: 552 553 554 555 556 557 558 559 
          1   10000000: 560 561 402 403 562 563 564 479 336 337 338 480 417 418 565 566 559 
          2   20000000: 24 31 133 134 567 568 559 
          1   10000000: 569 559 
          1   10000000: 570 557 558 559 
          1   10000000: 516 517 571 572 573 563 564 479 336 337 338 480 417 418 565 566 559 
          1   10000000: 574 575 576 501 502 4 503 504 505 577 578 579 
          1   10000000: 580 464 445 446 447 279 4 5 
          1   10000000: 460 461 462 459 453 445 446 447 279 4 5 
          1   10000000: 581 453 445 446 582 501 502 4 503 504 505 418 583 541 
          1   10000000: 584 585 499 500 501 502 4 503 504 505 418 583 541 
          1   10000000: 63 383 586 4 408 545 54 
          1   10000000: 587 449 450 451 452 453 445 446 447 279 4 5 
          1   10000000: 507 588 501 502 4 503 504 505 418 583 541 
          1   10000000: 15 16 589 590 504 505 418 539 540 541 
          1   10000000: 591 592 502 4 503 504 505 418 539 540 541 
          2   20000000: 401 402 403 404 405 406 407 4 408 545 54 
          1   10000000: 426 593 407 4 408 551 540 541 
          1   10000000: 594 595 337 338 480 417 418 583 541 
          1   10000000: 596 597 598 599 563 564 479 336 337 338 480 417 418 565 566 559 
          1   10000000: 198 144 324 332 21 
          1   10000000: 600 558 601 
          1   10000000: 602 575 576 501 502 4 503 504 505 418 603 493 604 54 
          1   10000000: 605 606 447 279 4 5 
          5   50000000: 607 447 279 4 5 
          2   20000000: 608 
          1   10000000: 24 25 26 609 610 4 611 612 613 614 
          1   10000000: 615 496 3 4 5 
          2   20000000: 616 496 3 4 5 
          9   90000000: 15 617 618 446 447 279 4 5 
          1   10000000: 619 273 2 274 4 5 
          1   10000000: 620 273 2 3 4 5 
         24  240000000: 621 499 622 279 4 5 
          1   10000000: 623 624 625 613 614 
          1   10000000: 626 599 563 355 356 
         23  230000000: 495 496 279 4 5 
          4   40000000: 627 499 622 279 4 5 
          1   10000000: 389 390 391 392 393 394 395 628 629 630 631 
          6   60000000: 632 499 622 279 4 5 
         13  130000000: 77 78 79 633 634 635 
        178 1780000000: 636 635 
          1   10000000: 208 75 633 634 635 
         39  390000000: 217 633 634 635 
       1631 16310000000: 85 86 633 634 635 
        257 2570000000: 637 47 48 
         10  100000000: 9 10 23 70 71 633 634 635 
         10  100000000: 123 75 633 634 635 
          8   80000000: 638 40 36 369 364 21 
       1325 13250000000: 24 31 32 40 36 369 364 21 
         35  350000000: 639 232 640 641 633 634 635 
       1291 12910000000: 24 25 26 27 34 35 36 369 364 21 
          4   40000000: 642 18 19 20 21 
       2643 26430000000: 123 643 633 634 635 
          1   10000000: 644 645 646 4 647 648 649 308 238 640 641 633 634 635 
         12  120000000: 650 302 303 227 228 640 641 633 634 635 
         68  680000000: 325 220 221 222 640 641 633 634 635 
          3   30000000: 45 12 7 8 
        140 1400000000: 24 25 26 69 19 369 364 21 
         10  100000000: 651 652 231 232 640 641 633 634 635 
          3   30000000: 653 228 640 641 633 634 635 
       1704 17040000000: 52 633 634 635 
          2   20000000: 654 633 634 635 
          3   30000000: 655 11 14 7 8 
         16  160000000: 656 657 652 231 232 640 641 633 634 635 
          4   40000000: 658 417 418 659 641 633 634 635 
        663 6630000000: 15 183 184 185 86 633 634 635 
         28  280000000: 660 220 221 222 640 641 633 634 635 
          1   10000000: 661 32 33 18 19 20 21 
          6   60000000: 662 663 664 4 665 666 417 418 659 641 633 634 635 
         38  380000000: 15 16 180 34 35 36 369 364 21 
          8   80000000: 667 2 279 4 5 
         63  630000000: 668 86 633 634 635 
        504 5040000000: 262 185 86 633 634 635 
          1   10000000: 74 669 47 48 
          3   30000000: 670 185 86 633 634 635 
          9   90000000: 671 672 302 303 227 228 640 641 633 634 635 
         40  400000000: 673 657 652 231 232 640 641 633 634 635 
         32  320000000: 674 220 221 222 640 641 633 634 635 
         23  230000000: 675 417 418 659 641 633 634 635 
         15  150000000: 676 416 417 418 659 641 633 634 635 
         12  120000000: 677 14 7 8 
         64  640000000: 673 657 678 308 238 640 641 633 634 635 
        106 1060000000: 15 16 102 164 36 369 364 21 
        253 2530000000: 679 47 48 
          2   20000000: 680 447 3 4 5 
          1   10000000: 15 617 618 446 447 3 4 5 
        355 3550000000: 681 633 634 635 
        569 5690000000: 268 633 634 635 
         15  150000000: 682 634 635 
          3   30000000: 683 185 86 633 634 635 
          2   20000000: 684 10 23 14 7 8 
          4   40000000: 685 575 576 501 502 4 503 504 505 221 222 640 641 633 634 635 
         49  490000000: 686 416 417 418 659 641 633 634 635 
        133 1330000000: 687 227 228 640 641 633 634 635 
          2   20000000: 688 113 643 633 634 635 
         15  150000000: 689 228 640 641 633 634 635 
         24  240000000: 690 672 302 303 227 228 640 641 633 634 635 
         15  150000000: 691 308 238 640 641 633 634 635 
         82  820000000: 208 643 633 634 635 
          5   50000000: 692 643 633 634 635 
         24  240000000: 693 418 659 641 633 634 635 
         22  220000000: 694 221 222 640 641 633 634 635 
         19  190000000: 695 635 
        343 3430000000: 696 185 86 633 634 635 
         23  230000000: 697 417 418 659 641 633 634 635 
          4   40000000: 698 699 228 640 641 633 634 635 
         19  190000000: 700 634 635 
          8   80000000: 701 222 640 641 633 634 635 
         11  110000000: 702 221 222 640 641 633 634 635 
          5   50000000: 108 23 12 7 8 
         26  260000000: 703 633 634 635 
          1   10000000: 704 645 646 4 647 648 705 228 640 641 633 634 635 
         43  430000000: 15 16 383 366 364 21 
        156 1560000000: 24 31 32 33 18 19 369 364 21 
         64  640000000: 266 228 640 641 633 634 635 
         10  100000000: 289 418 659 641 633 634 635 
         13  130000000: 706 643 633 634 635 
         11  110000000: 707 238 640 641 633 634 635 
         16  160000000: 708 302 303 227 228 640 641 633 634 635 
         17  170000000: 709 417 418 659 641 633 634 635 
         30  300000000: 710 228 640 641 633 634 635 
         20  200000000: 122 27 34 35 36 369 364 21 
         17  170000000: 711 302 303 227 228 640 641 633 634 635 
          6   60000000: 712 416 417 418 659 641 633 634 635 
         18  180000000: 713 302 303 227 228 640 641 633 634 635 
          1   10000000: 714 308 238 640 641 633 634 635 
         19  190000000: 715 185 86 633 634 635 
          2   20000000: 716 164 36 369 364 21 
         20  200000000: 265 238 640 641 633 634 635 
         29  290000000: 226 227 228 640 641 633 634 635 
        654 6540000000: 717 633 634 635 
         16  160000000: 718 417 418 659 641 633 634 635 
         35  350000000: 719 640 641 633 634 635 
        110 1100000000: 720 228 640 641 633 634 635 
          2   20000000: 49 12 7 8 
          8   80000000: 721 302 303 227 228 640 641 633 634 635 
         13  130000000: 722 659 641 633 634 635 
         64  640000000: 723 417 418 659 641 633 634 635 
          4   40000000: 724 725 2 279 4 5 
          1   10000000: 201 726 18 19 369 364 21 
         45  450000000: 727 228 640 641 633 634 635 
         63  630000000: 728 220 221 222 640 641 633 634 635 
         12  120000000: 729 231 232 640 641 633 634 635 
         18  180000000: 730 417 418 659 641 633 634 635 
          8   80000000: 731 232 640 641 633 634 635 
         20  200000000: 732 228 640 641 633 634 635 
         51  510000000: 61 633 634 635 
         50  500000000: 733 672 302 303 227 228 640 641 633 634 635 
          1   10000000: 734 645 646 4 647 648 735 227 228 640 641 633 634 635 
          1   10000000: 704 645 646 4 647 648 736 672 302 303 227 228 640 641 633 634 635 
          2   20000000: 737 20 21 
         23  230000000: 738 641 633 634 635 
         33  330000000: 739 699 228 640 641 633 634 635 
          6   60000000: 740 231 232 640 641 633 634 635 
          2   20000000: 642 18 19 369 364 21 
          1   10000000: 741 43 44 18 19 369 364 21 
          9   90000000: 742 228 640 641 633 634 635 
          5   50000000: 743 744 745 477 4 478 479 336 337 338 480 417 418 659 641 633 634 635 
         12  120000000: 746 222 640 641 633 634 635 
        464 4640000000: 189 633 634 635 
          1   10000000: 747 43 44 18 19 20 21 
          1   10000000: 748 144 145 369 364 21 
          1   10000000: 749 750 751 299 300 113 114 
         17  170000000: 752 303 227 228 640 641 633 634 635 
         15  150000000: 198 144 145 369 364 21 
         97  970000000: 260 633 634 635 
         23  230000000: 753 220 221 222 640 641 633 634 635 
          4   40000000: 754 302 303 227 228 640 641 633 634 635 
          9   90000000: 755 725 2 279 4 5 
          7   70000000: 756 417 418 659 641 633 634 635 
          9   90000000: 757 641 633 634 635 
          5   50000000: 758 227 228 640 641 633 634 635 
          6   60000000: 759 220 221 222 640 641 633 634 635 
          7   70000000: 760 633 634 635 
         68  680000000: 761 417 418 659 641 633 634 635 
         22  220000000: 762 228 640 641 633 634 635 
          5   50000000: 24 31 133 134 17 18 19 20 21 
        224 2240000000: 643 633 634 635 
          4   40000000: 763 180 34 35 36 369 364 21 
          1   10000000: 764 765 366 364 21 
          9   90000000: 766 672 302 303 227 228 640 641 633 634 635 
          8   80000000: 767 220 221 222 640 641 633 634 635 
          1   10000000: 768 769 770 745 477 4 478 479 336 337 338 480 417 418 659 641 633 634 635 
         37  370000000: 771 772 417 418 659 641 633 634 635 
         58  580000000: 773 643 633 634 635 
         10  100000000: 774 222 640 641 633 634 635 
         15  150000000: 775 633 634 635 
         59  590000000: 776 220 221 222 640 641 633 634 635 
          4   40000000: 777 12 7 8 
         24  240000000: 778 772 417 418 659 641 633 634 635 
         29  290000000: 779 780 222 640 641 633 634 635 
          7   70000000: 781 652 231 232 640 641 633 634 635 
          4   40000000: 782 416 417 418 659 641 633 634 635 
         15  150000000: 783 231 232 640 641 633 634 635 
          2   20000000: 784 71 633 634 635 
          1   10000000: 785 499 622 279 4 5 
         14  140000000: 786 227 228 640 641 633 634 635 
          1   10000000: 787 246 34 35 36 369 364 21 
          9   90000000: 788 302 303 227 228 640 641 633 634 635 
         11  110000000: 789 417 418 659 641 633 634 635 
          8   80000000: 790 416 417 418 659 641 633 634 635 
          7   70000000: 791 228 640 641 633 634 635 
         71  710000000: 792 231 232 640 641 633 634 635 
         56  560000000: 793 417 418 659 641 633 634 635 
         44  440000000: 794 659 641 633 634 635 
          1   10000000: 795 383 366 364 21 
          7   70000000: 182 16 102 164 36 369 364 21 
        404 4040000000: 796 633 634 635 
          1   10000000: 797 220 221 222 640 641 633 634 635 
          9   90000000: 798 772 417 418 659 641 633 634 635 
         21  210000000: 799 417 418 659 641 633 634 635 
         20  200000000: 800 302 303 227 228 640 641 633 634 635 
         35  350000000: 801 641 633 634 635 
          1   10000000: 802 659 641 633 634 635 
          3   30000000: 803 299 300 113 114 
         10  100000000: 804 641 633 634 635 
          3   30000000: 272 281 282 805 7 8 
         10  100000000: 806 646 4 647 807 282 805 7 8 
         14  140000000: 808 652 231 232 640 641 633 634 635 
          6   60000000: 809 810 811 185 86 633 634 635 
         36  360000000: 812 185 86 633 634 635 
         30  300000000: 813 47 48 
          5   50000000: 124 11 12 7 8 
          8   80000000: 814 678 308 238 640 641 633 634 635 
         40  400000000: 815 672 302 303 227 228 640 641 633 634 635 
          1   10000000: 816 417 418 659 641 633 634 635 
          7   70000000: 817 417 418 659 641 633 634 635 
          1   10000000: 254 31 133 134 383 525 296 4 297 298 299 300 113 114 
          1   10000000: 818 34 35 36 369 364 21 
          2   20000000: 819 751 299 300 113 643 633 634 635 
          1   10000000: 820 499 622 279 4 5 
          1   10000000: 821 822 823 824 825 60 20 21 
        111 1110000000: 826 228 640 641 633 634 635 
          2   20000000: 827 7 8 
         34  340000000: 828 633 634 635 
         41  410000000: 829 302 303 227 228 640 641 633 634 635 
         10  100000000: 830 417 418 659 641 633 634 635 
          2   20000000: 831 575 2 279 4 5 
          6   60000000: 832 575 2 279 4 5 
          8   80000000: 833 725 2 279 4 5 
         47  470000000: 834 633 634 635 
         77  770000000: 38 86 633 634 635 
         12  120000000: 835 228 640 641 633 634 635 
         11  110000000: 836 633 634 635 
         15  150000000: 837 302 303 227 228 640 641 633 634 635 
         71  710000000: 680 447 279 4 5 
          9   90000000: 838 238 640 641 633 634 635 
         20  200000000: 839 672 302 303 227 228 640 641 633 634 635 
         52  520000000: 840 417 418 659 641 633 634 635 
         47  470000000: 237 238 640 641 633 634 635 
         46  460000000: 841 220 221 222 640 641 633 634 635 
          2   20000000: 842 8 
         15  150000000: 843 652 231 232 640 641 633 634 635 
          1   10000000: 844 845 846 847 501 502 4 503 504 505 221 222 640 641 633 634 635 
          2   20000000: 848 2 279 4 5 
          1   10000000: 24 31 133 134 849 850 60 369 851 852 
          9   90000000: 853 238 640 641 633 634 635 
          4   40000000: 854 417 418 659 641 633 634 635 
         50  500000000: 132 643 633 634 635 
         23  230000000: 855 659 641 633 634 635 
         19  190000000: 229 856 308 238 640 641 633 634 635 
          4   40000000: 857 14 7 8 
          7   70000000: 858 856 308 238 640 641 633 634 635 
          1   10000000: 859 227 228 640 641 633 634 635 
          1   10000000: 860 861 622 279 4 5 
          2   20000000: 862 863 279 4 5 
          1   10000000: 864 33 18 19 20 21 
          7   70000000: 865 417 418 659 641 633 634 635 
         18  180000000: 866 231 232 640 641 633 634 635 
          6   60000000: 867 417 418 659 641 633 634 635 
         11  110000000: 868 302 303 227 228 640 641 633 634 635 
          4   40000000: 869 652 231 232 640 641 633 634 635 
         13  130000000: 870 232 640 641 633 634 635 
          9   90000000: 871 231 232 640 641 633 634 635 
          1   10000000: 872 873 624 874 
          2   20000000: 516 517 875 299 300 113 114 
         18  180000000: 876 633 634 635 
         78  780000000: 877 633 634 635 
          9   90000000: 878 302 303 227 228 640 641 633 634 635 
          1   10000000: 879 227 228 640 641 633 634 635 
          1   10000000: 880 383 366 364 21 
          3   30000000: 881 220 221 222 640 641 633 634 635 
          1   10000000: 882 60 20 21 
          6   60000000: 883 2 279 4 5 
         38  380000000: 884 228 640 641 633 634 635 
          5   50000000: 885 86 633 634 635 
          2   20000000: 886 810 811 185 86 633 634 635 
         12  120000000: 887 220 221 222 640 641 633 634 635 
         10  100000000: 888 640 641 633 634 635 
          2   20000000: 889 699 228 640 641 633 634 635 
          5   50000000: 890 185 86 633 634 635 
          2   20000000: 891 20 21 
          4   40000000: 24 25 361 362 527 60 20 21 
          7   70000000: 892 657 652 231 232 640 641 633 634 635 
         10  100000000: 893 2 279 4 5 
          4   40000000: 894 575 2 279 4 5 
         30  300000000: 895 228 640 641 633 634 635 
          2   20000000: 896 416 417 418 659 641 633 634 635 
          6   60000000: 897 221 222 640 641 633 634 635 
          9   90000000: 898 417 418 659 641 633 634 635 
         18  180000000: 120 633 634 635 
         36  360000000: 899 417 418 659 641 633 634 635 
          6   60000000: 900 220 221 222 640 641 633 634 635 
          2   20000000: 901 874 
          9   90000000: 902 499 622 279 4 5 
          8   80000000: 903 633 634 635 
          5   50000000: 904 185 86 633 634 635 
         38  380000000: 182 183 184 185 86 633 634 635 
          1   10000000: 905 772 417 418 659 641 633 634 635 
         12  120000000: 906 220 221 222 640 641 633 634 635 
          7   70000000: 907 14 7 8 
          5   50000000: 908 220 221 222 640 641 633 634 635 
          1   10000000: 909 7 8 
          6   60000000: 516 910 618 446 447 279 4 5 
         15  150000000: 889 780 222 640 641 633 634 635 
         12  120000000: 911 699 228 640 641 633 634 635 
          1   10000000: 912 7 8 
         12  120000000: 913 302 303 227 228 640 641 633 634 635 
          4   40000000: 213 32 40 36 369 364 21 
          1   10000000: 182 16 383 525 296 4 297 298 299 300 113 643 633 634 635 
          1   10000000: 914 447 279 4 5 
          1   10000000: 915 645 646 647 648 916 43 212 36 369 364 21 
          2   20000000: 917 725 2 274 4 5 
          6   60000000: 918 185 86 633 634 635 
         12  120000000: 919 302 303 227 228 640 641 633 634 635 
          8   80000000: 920 302 303 227 228 640 641 633 634 635 
          3   30000000: 921 228 640 641 633 634 635 
          5   50000000: 922 418 659 641 633 634 635 
          1   10000000: 923 2 279 4 5 
         22  220000000: 924 302 303 227 228 640 641 633 634 635 
         59  590000000: 925 232 640 641 633 634 635 
         47  470000000: 229 230 231 232 640 641 633 634 635 
         42  420000000: 926 220 221 222 640 641 633 634 635 
          1   10000000: 63 927 60 20 21 
          6   60000000: 928 501 502 4 503 504 505 221 222 640 641 633 634 635 
         34  340000000: 9 10 669 47 48 
          8   80000000: 929 86 633 634 635 
          8   80000000: 930 302 303 227 228 640 641 633 634 635 
          9   90000000: 931 418 659 641 633 634 635 
          4   40000000: 932 228 640 641 633 634 635 
          1   10000000: 755 933 646 4 647 807 282 805 7 8 
         23  230000000: 934 302 303 227 228 640 641 633 634 635 
         26  260000000: 201 246 34 35 36 369 364 21 
          4   40000000: 935 7 8 
         41  410000000: 936 222 640 641 633 634 635 
         28  280000000: 937 659 641 633 634 635 
         16  160000000: 938 417 418 659 641 633 634 635 
         24  240000000: 939 227 228 640 641 633 634 635 
          2   20000000: 940 279 4 5 
          6   60000000: 941 417 418 659 641 633 634 635 
          1   10000000: 254 25 26 69 19 369 364 21 
         15  150000000: 15 16 102 103 19 369 364 21 
          8   80000000: 942 221 222 640 641 633 634 635 
          2   20000000: 24 25 361 362 246 34 35 36 369 364 21 
         55  550000000: 943 308 238 640 641 633 634 635 
         28  280000000: 944 308 238 640 641 633 634 635 
          6   60000000: 945 417 418 659 641 633 634 635 
          7   70000000: 946 947 633 634 635 
          5   50000000: 948 417 418 659 641 633 634 635 
          1   10000000: 949 12 7 8 
          1   10000000: 950 624 874 
          7   70000000: 951 416 417 418 659 641 633 634 635 
          1   10000000: 952 672 302 303 227 228 640 641 633 634 635 
          6   60000000: 953 947 633 634 635 
          6   60000000: 954 231 232 640 641 633 634 635 
         16  160000000: 955 303 227 228 640 641 633 634 635 
          5   50000000: 956 302 303 227 228 640 641 633 634 635 
         22  220000000: 957 418 659 641 633 634 635 
         12  120000000: 616 496 279 4 5 
          1   10000000: 958 228 640 641 633 634 635 
         14  140000000: 959 416 417 418 659 641 633 634 635 
         13  130000000: 960 635 
         20  200000000: 961 641 633 634 635 
          1   10000000: 962 963 810 811 185 86 633 634 635 
          1   10000000: 964 965 966 501 502 4 503 504 505 221 222 640 641 633 634 635 
          1   10000000: 967 645 646 4 647 807 282 805 7 8 
          3   30000000: 968 645 646 4 647 807 282 805 7 8 
          9   90000000: 969 640 641 633 634 635 
          3   30000000: 970 633 634 635 
          1   10000000: 971 360 366 364 21 
          2   20000000: 972 525 296 4 297 298 299 300 113 643 633 634 635 
         10  100000000: 973 417 418 659 641 633 634 635 
          7   70000000: 974 228 640 641 633 634 635 
         16  160000000: 301 302 303 227 228 640 641 633 634 635 
          1   10000000: 975 220 221 222 640 641 633 634 635 
          1   10000000: 976 78 977 47 48 
          3   30000000: 978 282 805 7 8 
         46  460000000: 979 228 640 641 633 634 635 
          6   60000000: 980 640 641 633 634 635 
         72  720000000: 316 643 633 634 635 
         36  360000000: 981 640 641 633 634 635 
          2   20000000: 982 220 221 222 640 641 633 634 635 
         16  160000000: 983 238 640 641 633 634 635 
          2   20000000: 24 25 26 27 34 35 36 369 851 852 
          3   30000000: 602 575 2 279 4 5 
         12  120000000: 984 7 8 
          7   70000000: 985 302 303 227 228 640 641 633 634 635 
         13  130000000: 986 220 221 222 640 641 633 634 635 
          2   20000000: 987 856 308 238 640 641 633 634 635 
         12  120000000: 988 643 633 634 635 
          7   70000000: 989 228 640 641 633 634 635 
         37  370000000: 990 640 641 633 634 635 
         44  440000000: 991 699 228 640 641 633 634 635 
          5   50000000: 992 418 659 641 633 634 635 
          1   10000000: 993 12 7 8 
          7   70000000: 994 8 
          7   70000000: 63 383 366 364 21 
          6   60000000: 995 725 2 279 4 5 
          2   20000000: 996 499 622 279 4 5 
          6   60000000: 997 416 417 418 659 641 633 634 635 
          6   60000000: 998 220 221 222 640 641 633 634 635 
          1   10000000: 999 246 34 35 36 369 364 21 
         11  110000000: 1000 227 228 640 641 633 634 635 
          2   20000000: 1001 822 823 824 825 60 20 21 
          1   10000000: 1002 273 2 279 4 5 
          3   30000000: 1003 273 2 279 4 5 
          1   10000000: 1004 281 282 1005 7 8 
          4   40000000: 1006 302 303 227 228 640 641 633 634 635 
         31  310000000: 1007 672 302 303 227 228 640 641 633 634 635 
          5   50000000: 1008 417 418 659 641 633 634 635 
         51  510000000: 109 86 633 634 635 
         20  200000000: 1009 417 418 659 641 633 634 635 
          1   10000000: 1010 364 21 
          1   10000000: 1011 575 576 501 502 4 503 504 505 418 659 641 633 634 635 
          1   10000000: 1012 645 646 4 647 648 1013 231 232 640 641 633 634 635 
          5   50000000: 1014 633 634 635 
          4   40000000: 1015 643 633 634 635 
          6   60000000: 1016 227 228 640 641 633 634 635 
          1   10000000: 1017 1018 337 338 480 417 418 659 641 633 634 635 
          3   30000000: 1019 672 302 303 227 228 640 641 633 634 635 
         12  120000000: 63 180 34 35 36 369 364 21 
         13  130000000: 1020 185 86 633 634 635 
         14  140000000: 702 418 659 641 633 634 635 
          5   50000000: 1021 417 418 659 641 633 634 635 
          4   40000000: 1022 1023 1024 477 4 478 479 336 337 338 480 417 418 659 641 633 634 635 
         22  220000000: 1025 232 640 641 633 634 635 
         18  180000000: 1026 633 634 635 
         26  260000000: 1027 1028 672 302 303 227 228 640 641 633 634 635 
          8   80000000: 1029 221 222 640 641 633 634 635 
          2   20000000: 1030 23 12 7 8 
          7   70000000: 1031 227 228 640 641 633 634 635 
          1   10000000: 1032 575 576 501 502 4 503 504 505 221 222 640 641 633 634 635 
          7   70000000: 1033 48 
          4   40000000: 1034 282 805 7 8 
         32  320000000: 1035 780 222 640 641 633 634 635 
          6   60000000: 1036 228 640 641 633 634 635 
          3   30000000: 1037 416 417 418 659 641 633 634 635 
         12  120000000: 1038 633 634 635 
          5   50000000: 1039 417 418 659 641 633 634 635 
          2   20000000: 1040 1041 1042 338 480 417 418 659 641 633 634 635 
         26  260000000: 1043 641 633 634 635 
          1   10000000: 1044 7 8 
          8   80000000: 1045 221 222 640 641 633 634 635 
         13  130000000: 1046 302 303 227 228 640 641 633 634 635 
         21  210000000: 1047 302 303 227 228 640 641 633 634 635 
          9   90000000: 1048 220 221 222 640 641 633 634 635 
         20  200000000: 1049 418 659 641 633 634 635 
          7   70000000: 1050 231 232 640 641 633 634 635 
          3   30000000: 1051 2 279 4 5 
          1   10000000: 1052 725 2 279 4 5 
          1   10000000: 1053 1005 7 8 
          7   70000000: 680 582 501 502 4 503 504 505 221 222 640 641 633 634 635 
          5   50000000: 917 933 646 4 647 807 282 1005 7 8 
         10  100000000: 1054 303 227 228 640 641 633 634 635 
         10  100000000: 1055 228 640 641 633 634 635 
         22  220000000: 1056 652 231 232 640 641 633 634 635 
          2   20000000: 1057 370 364 21 
          4   40000000: 1058 640 641 633 634 635 
         10  100000000: 1059 220 221 222 640 641 633 634 635 
          3   30000000: 967 645 646 4 647 807 282 1005 7 8 
          7   70000000: 1060 338 480 417 418 659 641 633 634 635 
         15  150000000: 1049 221 222 640 641 633 634 635 
         26  260000000: 313 220 221 222 640 641 633 634 635 
          2   20000000: 1061 220 221 222 640 641 633 634 635 
          4   40000000: 1062 86 633 634 635 
          1   10000000: 1063 60 369 364 21 
          5   50000000: 1064 633 634 635 
         23  230000000: 63 102 164 36 369 364 21 
          1   10000000: 516 517 102 103 19 20 21 
          6   60000000: 1065 641 633 634 635 
          8   80000000: 1066 36 369 364 21 
          1   10000000: 1067 1068 751 299 300 113 643 633 634 635 
          5   50000000: 1069 185 86 633 634 635 
          1   10000000: 1070 42 43 212 36 369 364 21 
         12  120000000: 1071 222 640 641 633 634 635 
          9   90000000: 219 220 221 222 640 641 633 634 635 
         16  160000000: 1072 641 633 634 635 
         35  350000000: 1073 228 640 641 633 634 635 
         12  120000000: 1074 228 640 641 633 634 635 
         13  130000000: 1075 185 86 633 634 635 
         15  150000000: 656 657 678 308 238 640 641 633 634 635 
          1   10000000: 1076 646 647 1077 279 4 5 
          3   30000000: 1078 418 659 641 633 634 635 
         35  350000000: 1079 303 227 228 640 641 633 634 635 
          3   30000000: 1080 1081 417 418 659 641 633 634 635 
          8   80000000: 1082 634 635 
         10  100000000: 1083 302 303 227 228 640 641 633 634 635 
         12  120000000: 1084 227 228 640 641 633 634 635 
         29  290000000: 1085 1028 672 302 303 227 228 640 641 633 634 635 
          3   30000000: 1086 228 640 641 633 634 635 
          7   70000000: 1087 416 417 418 659 641 633 634 635 
          7   70000000: 1088 220 221 222 640 641 633 634 635 
         10  100000000: 1089 672 302 303 227 228 640 641 633 634 635 
          3   30000000: 1090 282 1005 7 8 
         13  130000000: 9 10 11 70 71 633 634 635 
          3   30000000: 526 367 60 20 21 
          2   20000000: 15 16 927 60 20 21 
          7   70000000: 1091 416 417 418 659 641 633 634 635 
          1   10000000: 1092 143 144 324 369 364 21 
          9   90000000: 58 40 36 369 364 21 
          2   20000000: 205 11 12 7 8 
          2   20000000: 1093 933 646 4 647 807 282 1005 7 8 
          4   40000000: 1094 222 640 641 633 634 635 
         14  140000000: 1095 227 228 640 641 633 634 635 
         19  190000000: 1096 417 418 659 641 633 634 635 
          1   10000000: 1097 16 102 164 36 369 364 21 
          5   50000000: 1098 633 634 635 
          1   10000000: 1099 281 282 1005 7 8 
         32  320000000: 1100 113 643 633 634 635 
         16  160000000: 1101 14 7 8 
          3   30000000: 1102 417 418 659 641 633 634 635 
         41  410000000: 1103 641 633 634 635 
          2   20000000: 1104 282 1005 7 8 
          1   10000000: 1105 273 2 279 4 5 
          7   70000000: 1106 227 228 640 641 633 634 635 
          1   10000000: 1107 103 19 369 364 21 
         39  390000000: 1108 672 302 303 227 228 640 641 633 634 635 
          8   80000000: 1109 222 640 641 633 634 635 
         30  300000000: 1110 222 640 641 633 634 635 
         25  250000000: 77 78 977 47 48 
         13  130000000: 1111 633 634 635 
         14  140000000: 1112 227 228 640 641 633 634 635 
         14  140000000: 1113 228 640 641 633 634 635 
          6   60000000: 1114 231 232 640 641 633 634 635 
          1   10000000: 1115 1116 1117 220 221 222 640 641 633 634 635 
          5   50000000: 1118 281 282 805 7 8 
         18  180000000: 1119 2 279 4 5 
          1   10000000: 1120 40 36 369 364 21 
          1   10000000: 1121 527 60 20 21 
          7   70000000: 1122 417 418 659 641 633 634 635 
          3   30000000: 1123 641 633 634 635 
          8   80000000: 1124 780 222 640 641 633 634 635 
          6   60000000: 1125 640 641 633 634 635 
          1   10000000: 1126 751 299 300 113 643 633 634 635 
          4   40000000: 1127 641 633 634 635 
          2   20000000: 1128 36 369 364 21 
          5   50000000: 1129 238 640 641 633 634 635 
         10  100000000: 1130 227 228 640 641 633 634 635 
          8   80000000: 1131 772 417 418 659 641 633 634 635 
          1   10000000: 1132 418 659 641 633 634 635 
          3   30000000: 1133 641 633 634 635 
          1   10000000: 1134 282 805 7 8 
          1   10000000: 1135 1136 337 338 480 417 418 659 641 633 634 635 
          1   10000000: 1137 8 
          1   10000000: 1138 1139 1140 1141 4 1142 624 874 
          8   80000000: 1143 672 302 303 227 228 640 641 633 634 635 
         10  100000000: 1144 308 238 640 641 633 634 635 
          1   10000000: 1145 575 2 279 4 5 
          2   20000000: 1146 633 634 635 
          8   80000000: 1147 659 641 633 634 635 
          8   80000000: 1148 416 417 418 659 641 633 634 635 
          1   10000000: 1149 302 303 227 228 640 641 633 634 635 
          4   40000000: 1150 231 232 640 641 633 634 635 
          8   80000000: 1151 634 635 
          3   30000000: 1152 302 303 227 228 640 641 633 634 635 
          2   20000000: 1153 69 19 20 21 
          1   10000000: 1154 7 8 
          1   10000000: 15 16 927 60 369 364 21 
         25  250000000: 1155 227 228 640 641 633 634 635 
          1   10000000: 1156 1157 111 48 
         18  180000000: 931 221 222 640 641 633 634 635 
          1   10000000: 1158 672 302 303 227 228 640 641 633 634 635 
          6   60000000: 1159 635 
          1   10000000: 1160 1161 1162 447 279 4 5 
          8   80000000: 1163 232 640 641 633 634 635 
          1   10000000: 156 157 158 18 19 369 364 21 
          3   30000000: 777 14 7 8 
         19  190000000: 1164 302 303 227 228 640 641 633 634 635 
          4   40000000: 1165 337 338 480 417 418 659 641 633 634 635 
         17  170000000: 1166 221 222 640 641 633 634 635 
          3   30000000: 1167 228 640 641 633 634 635 
          5   50000000: 1168 635 
         17  170000000: 1169 228 640 641 633 634 635 
         10  100000000: 1170 302 303 227 228 640 641 633 634 635 
          7   70000000: 152 14 7 8 
          7   70000000: 63 367 60 20 21 
          7   70000000: 1171 220 221 222 640 641 633 634 635 
         17  170000000: 1172 221 222 640 641 633 634 635 
          9   90000000: 1173 222 640 641 633 634 635 
          9   90000000: 24 31 133 134 367 60 20 21 
         16  160000000: 1174 633 634 635 
          1   10000000: 584 645 646 647 648 916 43 212 36 369 364 21 
         18  180000000: 781 678 308 238 640 641 633 634 635 
          7   70000000: 1175 417 418 659 641 633 634 635 
          1   10000000: 685 645 646 4 647 807 282 1176 8 
          6   60000000: 1177 7 8 
          5   50000000: 1178 220 221 222 640 641 633 634 635 
          8   80000000: 1179 232 640 641 633 634 635 
          7   70000000: 1180 220 221 222 640 641 633 634 635 
          4   40000000: 1181 856 308 238 640 641 633 634 635 
          4   40000000: 1182 417 418 659 641 633 634 635 
          1   10000000: 1183 21 
          2   20000000: 1184 646 4 647 648 1185 232 640 641 633 634 635 
          4   40000000: 1186 228 640 641 633 634 635 
         13  130000000: 1187 308 238 640 641 633 634 635 
          2   20000000: 1188 185 86 633 634 635 
          9   90000000: 128 14 7 8 
          1   10000000: 1189 1190 1191 624 874 
          3   30000000: 159 12 7 8 
         30  300000000: 1192 47 48 
          2   20000000: 1193 447 279 4 5 
          5   50000000: 1194 238 640 641 633 634 635 
          1   10000000: 1195 185 86 633 634 635 
         49  490000000: 1196 640 641 633 634 635 
          5   50000000: 1197 633 634 635 
          1   10000000: 860 861 500 501 502 4 503 504 505 221 222 640 641 633 634 635 
          6   60000000: 1198 227 228 640 641 633 634 635 
          8   80000000: 1199 633 634 635 
          4   40000000: 1200 282 805 7 8 
         30  300000000: 1201 633 634 635 
          7   70000000: 1202 416 417 418 659 641 633 634 635 
         11  110000000: 1203 417 418 659 641 633 634 635 
          3   30000000: 1204 664 4 665 666 417 418 659 641 633 634 635 
          3   30000000: 91 92 23 12 7 8 
          4   40000000: 1205 12 7 8 
         19  190000000: 1206 228 640 641 633 634 635 
          5   50000000: 1207 308 238 640 641 633 634 635 
         15  150000000: 1208 228 640 641 633 634 635 
          2   20000000: 1209 416 417 418 659 641 633 634 635 
         14  140000000: 1210 220 221 222 640 641 633 634 635 
          2   20000000: 1211 7 8 
          6   60000000: 1212 2 279 4 5 
          7   70000000: 1213 227 228 640 641 633 634 635 
         10  100000000: 1214 699 228 640 641 633 634 635 
         12  120000000: 1215 303 227 228 640 641 633 634 635 
          1   10000000: 1216 228 640 641 633 634 635 
          2   20000000: 1217 7 8 
          8   80000000: 1218 633 634 635 
         12  120000000: 1219 633 634 635 
          3   30000000: 1220 14 7 8 
          9   90000000: 182 16 370 364 21 
          1   10000000: 1221 1222 1223 1224 4 1225 666 417 418 659 641 633 634 635 
          3   30000000: 1226 273 2 279 4 5 
          4   40000000: 594 1227 874 
          7   70000000: 1228 238 640 641 633 634 635 
          4   40000000: 1229 220 221 222 640 641 633 634 635 
          8   80000000: 1230 633 634 635 
          8   80000000: 1231 220 221 222 640 641 633 634 635 
         15  150000000: 289 221 222 640 641 633 634 635 
          1   10000000: 1232 1233 1041 1042 338 1117 220 221 222 640 641 633 634 635 
         11  110000000: 1234 672 302 303 227 228 640 641 633 634 635 
          1   10000000: 1235 646 4 647 807 282 1005 7 8 
          8   80000000: 1236 633 634 635 
         29  290000000: 1237 633 634 635 
          2   20000000: 1238 418 659 641 633 634 635 
          1   10000000: 1239 185 86 633 634 635 
          4   40000000: 1240 7 8 
          7   70000000: 1241 635 
         12  120000000: 1242 113 643 633 634 635 
          1   10000000: 1243 1244 238 640 641 633 634 635 
          7   70000000: 1245 672 302 303 227 228 640 641 633 634 635 
         27  270000000: 1246 232 640 641 633 634 635 
          1   10000000: 205 23 14 7 8 
          3   30000000: 1247 232 640 641 633 634 635 
          7   70000000: 1248 113 643 633 634 635 
          2   20000000: 1249 417 418 659 641 633 634 635 
          4   40000000: 1250 1251 874 
          2   20000000: 1252 575 2 279 4 5 
          2   20000000: 1253 364 21 
          3   30000000: 1254 220 221 222 640 641 633 634 635 
          9   90000000: 1255 32 40 36 369 364 21 
          7   70000000: 1256 633 634 635 
          7   70000000: 1257 232 640 641 633 634 635 
          2   20000000: 1258 227 228 640 641 633 634 635 
          3   30000000: 1259 635 
         15  150000000: 1260 221 222 640 641 633 634 635 
         13  130000000: 1261 220 221 222 640 641 633 634 635 
          1   10000000: 1262 4 478 479 336 337 338 480 417 418 659 641 633 634 635 
          3   30000000: 1263 228 640 641 633 634 635 
          9   90000000: 1264 231 232 640 641 633 634 635 
          8   80000000: 1265 303 227 228 640 641 633 634 635 
         10  100000000: 1266 113 643 633 634 635 
         13  130000000: 1267 221 222 640 641 633 634 635 
          6   60000000: 1268 273 2 279 4 5 
          9   90000000: 1269 220 221 222 640 641 633 634 635 
          1   10000000: 1270 933 646 4 647 648 705 228 640 641 633 634 635 
          4   40000000: 1271 220 221 222 640 641 633 634 635 
          5   50000000: 1272 416 417 418 659 641 633 634 635 
         14  140000000: 1273 417 418 659 641 633 634 635 
         10  100000000: 1274 416 417 418 659 641 633 634 635 
          4   40000000: 1275 228 640 641 633 634 635 
          1   10000000: 1276 220 221 222 640 641 633 634 635 
          3   30000000: 704 575 576 501 502 4 503 504 505 221 222 640 641 633 634 635 
         23  230000000: 272 273 2 279 4 5 
          9   90000000: 1277 228 640 641 633 634 635 
          4   40000000: 1278 220 221 222 640 641 633 634 635 
         11  110000000: 1279 232 640 641 633 634 635 
          1   10000000: 1280 1281 4 478 479 336 337 338 1117 220 221 222 640 641 633 634 635 
         26  260000000: 1282 417 418 659 641 633 634 635 
         33  330000000: 1283 86 633 634 635 
          6   60000000: 1284 222 640 641 633 634 635 
          1   10000000: 1285 11 14 7 8 
          1   10000000: 1286 185 86 633 634 635 
          7   70000000: 1287 772 417 418 659 641 633 634 635 
          1   10000000: 1288 400 60 20 21 
          4   40000000: 1289 780 222 640 641 633 634 635 
         12  120000000: 1290 659 641 633 634 635 
          5   50000000: 1291 308 238 640 641 633 634 635 
          9   90000000: 15 16 875 299 300 113 643 633 634 635 
         11  110000000: 1292 417 418 659 641 633 634 635 
          3   30000000: 1293 427 364 21 
         21  210000000: 987 230 231 232 640 641 633 634 635 
          7   70000000: 1294 575 2 279 4 5 
         10  100000000: 1295 634 635 
          1   10000000: 1296 825 60 20 21 
          1   10000000: 1294 645 646 4 647 807 282 1005 7 8 
          2   20000000: 1297 646 4 647 807 282 805 7 8 
         16  160000000: 1298 302 303 227 228 640 641 633 634 635 
         12  120000000: 1299 228 640 641 633 634 635 
         17  170000000: 1300 635 
         23  230000000: 1301 633 634 635 
          2   20000000: 1302 640 641 633 634 635 
         13  130000000: 1303 220 221 222 640 641 633 634 635 
          7   70000000: 1304 238 640 641 633 634 635 
         16  160000000: 693 221 222 640 641 633 634 635 
          7   70000000: 869 678 308 238 640 641 633 634 635 
          1   10000000: 1305 227 228 640 641 633 634 635 
          1   10000000: 1306 234 235 21 
          5   50000000: 1307 221 222 640 641 633 634 635 
          1   10000000: 259 35 36 369 364 21 
          2   20000000: 1308 10 23 14 7 8 
          3   30000000: 124 11 14 7 8 
         13  130000000: 24 31 133 134 102 164 36 369 364 21 
         11  110000000: 1309 641 633 634 635 
          5   50000000: 1310 646 4 647 807 282 805 7 8 
          1   10000000: 1311 1312 1139 1140 1141 4 1142 624 874 
          2   20000000: 741 43 44 18 19 20 21 
          6   60000000: 1313 417 418 659 641 633 634 635 
          3   30000000: 1314 228 640 641 633 634 635 
         10  100000000: 1315 227 228 640 641 633 634 635 
          4   40000000: 24 25 361 362 1316 164 36 369 364 21 
          7   70000000: 1317 725 2 279 4 5 
          3   30000000: 182 16 17 18 19 20 21 
          4   40000000: 662 663 664 4 665 1318 220 221 222 640 641 633 634 635 
          4   40000000: 1319 725 2 279 4 5 
          3   30000000: 1320 369 364 21 
          1   10000000: 1321 438 296 4 297 298 299 300 113 643 633 634 635 
          3   30000000: 80 70 71 633 634 635 
          2   20000000: 1322 282 805 7 8 
          2   20000000: 1323 7 8 
          3   30000000: 1324 575 2 279 4 5 
          1   10000000: 1325 281 282 1005 7 8 
          8   80000000: 1326 646 4 647 807 282 1005 7 8 
          1   10000000: 1327 364 21 
         10  100000000: 1328 238 640 641 633 634 635 
          4   40000000: 1329 228 640 641 633 634 635 
          5   50000000: 1330 228 640 641 633 634 635 
          7   70000000: 1331 220 221 222 640 641 633 634 635 
          1   10000000: 1332 228 640 641 633 634 635 
         13  130000000: 1333 238 640 641 633 634 635 
          8   80000000: 1334 
         17  170000000: 1335 634 635 
          2   20000000: 1336 302 303 227 228 640 641 633 634 635 
          1   10000000: 1337 273 2 279 4 5 
          2   20000000: 1338 282 805 7 8 
         13  130000000: 1339 1191 624 874 
         16  160000000: 516 517 102 164 36 369 364 21 
         12  120000000: 1214 1028 672 302 303 227 228 640 641 633 634 635 
          1   10000000: 1340 157 158 18 19 369 364 21 
         15  150000000: 242 228 640 641 633 634 635 
         16  160000000: 1341 633 634 635 
         10  100000000: 1342 1028 672 302 303 227 228 640 641 633 634 635 
         24  240000000: 1343 302 303 227 228 640 641 633 634 635 
          6   60000000: 1344 303 227 228 640 641 633 634 635 
         12  120000000: 1345 227 228 640 641 633 634 635 
          6   60000000: 254 31 32 40 36 369 364 21 
         11  110000000: 808 678 308 238 640 641 633 634 635 
          5   50000000: 1346 622 279 4 5 
          1   10000000: 1145 645 646 647 1077 279 4 5 
          3   30000000: 1347 641 633 634 635 
          5   50000000: 1348 417 418 659 641 633 634 635 
          2   20000000: 833 933 646 4 647 807 282 805 7 8 
          6   60000000: 1349 633 634 635 
          8   80000000: 1350 220 221 222 640 641 633 634 635 
          7   70000000: 1351 228 640 641 633 634 635 
          1   10000000: 1352 370 364 21 
          3   30000000: 1353 228 640 641 633 634 635 
          1   10000000: 1354 18 19 20 21 
          4   40000000: 1355 228 640 641 633 634 635 
          1   10000000: 1356 359 360 366 364 21 
          7   70000000: 1357 228 640 641 633 634 635 
          2   20000000: 1358 7 8 
          3   30000000: 1359 699 228 640 641 633 634 635 
         14  140000000: 1360 641 633 634 635 
          4   40000000: 1076 646 4 647 807 282 805 7 8 
          1   10000000: 1361 1362 810 811 185 86 633 634 635 
          5   50000000: 1363 228 640 641 633 634 635 
          2   20000000: 1364 652 231 232 640 641 633 634 635 
         18  180000000: 1365 222 640 641 633 634 635 
          3   30000000: 1366 
         10  100000000: 1367 228 640 641 633 634 635 
          2   20000000: 1368 640 641 633 634 635 
          2   20000000: 1369 416 417 418 659 641 633 634 635 
          8   80000000: 1370 575 2 279 4 5 
          6   60000000: 1371 1372 185 86 633 634 635 
          2   20000000: 1373 1374 337 338 480 417 418 659 641 633 634 635 
         11  110000000: 1375 633 634 635 
          1   10000000: 806 646 4 647 807 282 1176 8 
         20  200000000: 1376 2 279 4 5 
          4   40000000: 1377 228 640 641 633 634 635 
          3   30000000: 437 438 296 4 297 298 299 300 113 643 633 634 635 
          5   50000000: 1378 228 640 641 633 634 635 
         18  180000000: 1379 220 221 222 640 641 633 634 635 
          2   20000000: 1380 23 12 7 8 
          4   40000000: 1381 2 279 4 5 
          1   10000000: 442 443 1382 1383 279 4 5 
         19  190000000: 1384 417 418 659 641 633 634 635 
          1   10000000: 1385 18 19 369 364 21 
          9   90000000: 1386 633 634 635 
          2   20000000: 1387 417 418 659 641 633 634 635 
         13  130000000: 1388 232 640 641 633 634 635 
          2   20000000: 1389 338 480 417 418 659 641 633 634 635 
          5   50000000: 1390 232 640 641 633 634 635 
          4   40000000: 398 281 282 1005 7 8 
          1   10000000: 1391 933 646 647 648 1392 145 369 364 21 
          9   90000000: 1393 232 640 641 633 634 635 
          1   10000000: 1394 56 57 36 369 364 21 
          2   20000000: 1395 282 1005 7 8 
          1   10000000: 1396 60 20 21 
          1   10000000: 1397 302 303 227 228 640 641 633 634 635 
          1   10000000: 1398 633 634 635 
          1   10000000: 1399 1136 337 338 480 417 418 659 641 633 634 635 
          2   20000000: 204 10 11 12 7 8 
          6   60000000: 1400 227 228 640 641 633 634 635 
         11  110000000: 1401 221 222 640 641 633 634 635 
         12  120000000: 1402 302 303 227 228 640 641 633 634 635 
          1   10000000: 1403 1139 1140 1141 4 1142 624 874 
          3   30000000: 1404 227 228 640 641 633 634 635 
          5   50000000: 1405 416 417 418 659 641 633 634 635 
          1   10000000: 1406 297 298 299 300 113 75 633 634 635 
         22  220000000: 694 418 659 641 633 634 635 
          6   60000000: 201 726 18 19 20 21 
          9   90000000: 1407 417 418 659 641 633 634 635 
          1   10000000: 923 2 274 4 5 
         25  250000000: 305 220 221 222 640 641 633 634 635 
          7   70000000: 1056 678 308 238 640 641 633 634 635 
          1   10000000: 1408 113 75 633 634 635 
          2   20000000: 1409 60 20 21 
          1   10000000: 1410 228 640 641 633 634 635 
         12  120000000: 1411 633 634 635 
          2   20000000: 1412 1413 20 21 
          1   10000000: 132 75 633 634 635 
          3   30000000: 1414 1157 111 48 
         21  210000000: 1415 232 640 641 633 634 635 
         12  120000000: 1416 417 418 659 641 633 634 635 
          3   30000000: 1417 416 417 418 659 641 633 634 635 
          7   70000000: 1418 641 633 634 635 
         11  110000000: 1419 228 640 641 633 634 635 
          9   90000000: 314 302 303 227 228 640 641 633 634 635 
          3   30000000: 68 11 14 7 8 
          1   10000000: 1420 1421 145 369 364 21 
          4   40000000: 1422 185 86 633 634 635 
         12  120000000: 1423 228 640 641 633 634 635 
          7   70000000: 1424 633 634 635 
          7   70000000: 1425 302 303 227 228 640 641 633 634 635 
          2   20000000: 205 11 14 7 8 
          6   60000000: 872 1041 1042 338 480 417 418 659 641 633 634 635 
         27  270000000: 917 725 2 279 4 5 
          1   10000000: 574 575 2 279 4 5 
          2   20000000: 1426 14 7 8 
          1   10000000: 108 23 70 71 633 634 635 
          1   10000000: 1427 1428 1140 1141 4 1142 624 874 
          8   80000000: 201 527 60 20 21 
          1   10000000: 1429 8 
          4   40000000: 1430 2 279 4 5 
          9   90000000: 1431 227 228 640 641 633 634 635 
          3   30000000: 1432 657 652 231 232 640 641 633 634 635 
          5   50000000: 1433 303 227 228 640 641 633 634 635 
         16  160000000: 240 228 640 641 633 634 635 
          4   40000000: 968 575 2 279 4 5 
          5   50000000: 1434 2 279 4 5 
         10  100000000: 1435 416 417 418 659 641 633 634 635 
          1   10000000: 1436 26 27 34 35 36 369 364 21 
         18  180000000: 520 416 417 418 659 641 633 634 635 
          7   70000000: 1437 2 279 4 5 
          1   10000000: 1438 1312 1139 1140 1141 4 1142 624 874 
          2   20000000: 1439 14 7 8 
          7   70000000: 1440 231 232 640 641 633 634 635 
          1   10000000: 1441 145 369 364 21 
          1   10000000: 1442 282 805 7 8 
          1   10000000: 1443 
          2   20000000: 1444 640 641 633 634 635 
          3   30000000: 24 25 361 362 1316 103 19 20 21 
         15  150000000: 1445 633 634 635 
         14  140000000: 967 575 2 279 4 5 
          2   20000000: 1268 281 282 805 7 8 
          1   10000000: 831 645 646 4 647 648 735 227 228 640 641 633 634 635 
          2   20000000: 1446 1136 337 338 1117 220 221 222 640 641 633 634 635 
          4   40000000: 1447 633 634 635 
          4   40000000: 74 11 12 7 8 
          1   10000000: 1448 47 48 
          8   80000000: 1449 418 659 641 633 634 635 
          5   50000000: 1450 228 640 641 633 634 635 
         12  120000000: 15 16 17 18 19 369 364 21 
         12  120000000: 1451 228 640 641 633 634 635 
          1   10000000: 1452 362 726 18 19 20 21 
         12  120000000: 1453 418 659 641 633 634 635 
          6   60000000: 516 517 367 60 20 21 
          3   30000000: 1454 47 48 
          7   70000000: 1455 273 2 279 4 5 
          2   20000000: 993 14 7 8 
          3   30000000: 1456 34 35 36 369 364 21 
          3   30000000: 1457 633 634 635 
          5   50000000: 1458 640 641 633 634 635 
          1   10000000: 1459 1460 810 811 185 86 633 634 635 
          5   50000000: 1461 228 640 641 633 634 635 
         10  100000000: 1462 185 86 633 634 635 
          1   10000000: 1463 1464 220 221 222 640 641 633 634 635 
          3   30000000: 1465 646 4 647 648 1185 232 640 641 633 634 635 
          9   90000000: 1466 238 640 641 633 634 635 
          4   40000000: 1467 334 335 336 337 338 1117 220 221 222 640 641 633 634 635 
         10  100000000: 1468 228 640 641 633 634 635 
          7   70000000: 1469 633 634 635 
          3   30000000: 1470 220 221 222 640 641 633 634 635 
          5   50000000: 1471 308 238 640 641 633 634 635 
          1   10000000: 1472 1316 164 36 369 364 21 
          7   70000000: 1473 633 634 635 
         10  100000000: 1474 417 418 659 641 633 634 635 
          5   50000000: 1475 725 2 279 4 5 
          8   80000000: 15 16 383 525 296 4 297 298 299 300 113 114 
         11  110000000: 1476 86 633 634 635 
          3   30000000: 1477 7 8 
          2   20000000: 1478 664 4 665 666 417 418 659 641 633 634 635 
          5   50000000: 1479 2 279 4 5 
         12  120000000: 1480 232 640 641 633 634 635 
          6   60000000: 1481 416 417 418 659 641 633 634 635 
          4   40000000: 1482 220 221 222 640 641 633 634 635 
          6   60000000: 1483 231 232 640 641 633 634 635 
          9   90000000: 288 42 43 44 18 19 20 21 
          1   10000000: 1484 102 103 19 20 21 
          1   10000000: 1485 417 418 659 641 633 634 635 
          6   60000000: 1486 772 417 418 659 641 633 634 635 
          3   30000000: 1487 
          4   40000000: 278 281 282 1005 7 8 
          2   20000000: 1488 427 364 21 
          2   20000000: 1489 228 640 641 633 634 635 
         16  160000000: 1490 303 227 228 640 641 633 634 635 
         12  120000000: 1491 302 303 227 228 640 641 633 634 635 
          4   40000000: 1492 672 302 303 227 228 640 641 633 634 635 
          4   40000000: 1493 282 283 8 
         11  110000000: 1494 308 238 640 641 633 634 635 
         14  140000000: 1495 417 418 659 641 633 634 635 
         21  210000000: 1496 2 279 4 5 
          4   40000000: 1497 228 640 641 633 634 635 
          5   50000000: 1498 641 633 634 635 
          2   20000000: 1499 7 8 
          6   60000000: 1500 1501 220 221 222 640 641 633 634 635 
          7   70000000: 1453 221 222 640 641 633 634 635 
          3   30000000: 1502 641 633 634 635 
          1   10000000: 1503 143 144 324 369 364 21 
          3   30000000: 105 10 11 14 7 8 
          1   10000000: 1504 231 232 640 641 633 634 635 
          4   40000000: 1505 417 418 659 641 633 634 635 
          4   40000000: 1506 633 634 635 
          3   30000000: 1507 417 418 659 641 633 634 635 
          6   60000000: 1508 575 2 279 4 5 
          2   20000000: 1509 51 12 7 8 
          1   10000000: 1153 27 34 35 36 369 364 21 
          9   90000000: 1510 228 640 641 633 634 635 
          7   70000000: 1511 228 640 641 633 634 635 
          1   10000000: 1512 1513 337 338 480 417 418 659 641 633 634 635 
          7   70000000: 1514 416 417 418 659 641 633 634 635 
          7   70000000: 1515 499 622 279 4 5 
         11  110000000: 94 86 633 634 635 
          8   80000000: 277 273 2 279 4 5 
          6   60000000: 1516 238 640 641 633 634 635 
         15  150000000: 1517 659 641 633 634 635 
          7   70000000: 1518 302 303 227 228 640 641 633 634 635 
          2   20000000: 1519 35 36 369 364 21 
          5   50000000: 1520 113 643 633 634 635 
          1   10000000: 1521 281 282 805 7 8 
          1   10000000: 1522 480 417 418 659 641 633 634 635 
          2   20000000: 1523 11 12 7 8 
          1   10000000: 1524 51 12 7 8 
          5   50000000: 1525 227 228 640 641 633 634 635 
          2   20000000: 1526 303 227 228 640 641 633 634 635 
         16  160000000: 1527 302 303 227 228 640 641 633 634 635 
          1   10000000: 1528 1316 164 36 369 364 21 
         12  120000000: 1529 672 302 303 227 228 640 641 633 634 635 
          1   10000000: 1530 933 646 4 647 807 282 805 7 8 
          2   20000000: 1531 575 2 279 4 5 
          1   10000000: 1034 282 1532 633 634 635 
          6   60000000: 62 633 634 635 
          1   10000000: 1533 1534 1535 445 446 447 279 4 5 
          3   30000000: 24 31 32 33 1536 1537 60 20 21 
          4   40000000: 1538 228 640 641 633 634 635 
          9   90000000: 1539 417 418 659 641 633 634 635 
          7   70000000: 1540 185 86 633 634 635 
          1   10000000: 1541 282 1005 7 8 
         17  170000000: 1542 643 633 634 635 
          7   70000000: 1543 418 659 641 633 634 635 
          2   20000000: 1544 417 418 659 641 633 634 635 
          1   10000000: 1545 220 221 222 640 641 633 634 635 
          6   60000000: 1546 640 641 633 634 635 
          1   10000000: 526 102 103 19 20 21 
         27  270000000: 1547 220 221 222 640 641 633 634 635 
          4   40000000: 1548 86 633 634 635 
         19  190000000: 1549 635 
          2   20000000: 1550 220 221 222 640 641 633 634 635 
         17  170000000: 1172 418 659 641 633 634 635 
          3   30000000: 526 17 18 19 20 21 
          7   70000000: 1551 416 417 418 659 641 633 634 635 
          1   10000000: 704 575 2 279 4 5 
          1   10000000: 1552 499 622 279 4 5 
          3   30000000: 1553 417 418 659 641 633 634 635 
          5   50000000: 1554 418 659 641 633 634 635 
          7   70000000: 1555 416 417 418 659 641 633 634 635 
          2   20000000: 1556 185 86 633 634 635 
          1   10000000: 574 575 576 501 502 4 503 504 505 221 222 640 641 633 634 635 
          9   90000000: 1557 227 228 640 641 633 634 635 
          4   40000000: 1558 11 12 7 8 
          1   10000000: 24 31 32 33 18 19 1559 21 
          2   20000000: 1560 228 640 641 633 634 635 
          1   10000000: 1561 299 300 113 114 
          4   40000000: 864 40 36 369 364 21 
          1   10000000: 63 875 299 300 113 75 633 634 635 
          1   10000000: 307 308 238 640 641 633 634 635 
          2   20000000: 1373 1562 1563 874 
          5   50000000: 1564 220 221 222 640 641 633 634 635 
          5   50000000: 685 575 2 279 4 5 
          1   10000000: 1565 14 7 8 
          1   10000000: 1566 220 221 222 640 641 633 634 635 
          3   30000000: 1567 102 164 36 369 364 21 
          8   80000000: 1568 499 622 279 4 5 
          6   60000000: 1569 416 417 418 659 641 633 634 635 
          9   90000000: 1570 7 8 
          6   60000000: 922 221 222 640 641 633 634 635 
          1   10000000: 533 180 34 35 36 369 364 21 
          3   30000000: 1571 228 640 641 633 634 635 
          4   40000000: 1572 
          3   30000000: 1573 47 48 
         13  130000000: 1574 227 228 640 641 633 634 635 
          2   20000000: 1575 633 634 635 
          6   60000000: 1576 641 633 634 635 
          2   20000000: 1577 416 417 418 659 641 633 634 635 
          2   20000000: 1578 282 283 8 
          1   10000000: 1579 796 633 634 635 
          7   70000000: 1580 228 640 641 633 634 635 
          6   60000000: 1581 418 659 641 633 634 635 
          1   10000000: 1582 10 23 14 7 8 
          3   30000000: 1583 12 7 8 
          3   30000000: 15 16 1362 810 811 185 86 633 634 635 
          4   40000000: 89 14 7 8 
          1   10000000: 1584 634 635 
          3   30000000: 1585 678 308 238 640 641 633 634 635 
         16  160000000: 1586 220 221 222 640 641 633 634 635 
         13  130000000: 326 228 640 641 633 634 635 
          1   10000000: 1587 633 634 635 
          1   10000000: 1588 963 810 811 185 86 633 634 635 
          8   80000000: 1589 417 418 659 641 633 634 635 
          5   50000000: 1205 14 7 8 
         17  170000000: 1590 227 228 640 641 633 634 635 
          4   40000000: 1591 220 221 222 640 641 633 634 635 
          2   20000000: 1592 672 302 303 227 228 640 641 633 634 635 
         12  120000000: 1593 302 303 227 228 640 641 633 634 635 
          2   20000000: 63 875 299 300 113 114 
          8   80000000: 1594 672 302 303 227 228 640 641 633 634 635 
          1   10000000: 1595 
         12  120000000: 1596 220 221 222 640 641 633 634 635 
          6   60000000: 1004 273 2 279 4 5 
          5   50000000: 1597 308 238 640 641 633 634 635 
          3   30000000: 1512 1598 1116 1117 220 221 222 640 641 633 634 635 
          3   30000000: 655 11 12 7 8 
          4   40000000: 1599 
          1   10000000: 1600 185 86 633 634 635 
          3   30000000: 1601 14 7 8 
          1   10000000: 763 102 164 36 369 364 21 
         11  110000000: 1602 417 418 659 641 633 634 635 
          3   30000000: 182 16 367 60 20 21 
          2   20000000: 1521 281 282 1005 7 8 
         10  100000000: 1603 947 633 634 635 
          5   50000000: 1604 232 640 641 633 634 635 
          2   20000000: 1325 273 2 279 4 5 
          4   40000000: 1605 2 279 4 5 
          1   10000000: 1606 47 48 
          1   10000000: 1607 499 622 279 4 5 
          2   20000000: 1608 645 646 4 647 648 1185 232 640 641 633 634 635 
          1   10000000: 1508 645 646 4 647 648 735 227 228 640 641 633 634 635 
          4   40000000: 1609 947 633 634 635 
          7   70000000: 1267 418 659 641 633 634 635 
          2   20000000: 1093 725 2 279 4 5 
          4   40000000: 1610 273 2 279 4 5 
          1   10000000: 1611 227 228 640 641 633 634 635 
          1   10000000: 63 875 299 300 113 643 633 634 635 
          1   10000000: 1612 238 640 641 633 634 635 
          1   10000000: 1613 751 299 300 113 114 
          2   20000000: 1614 383 366 364 21 
          4   40000000: 1615 10 23 14 7 8 
          1   10000000: 1616 282 1005 7 8 
          1   10000000: 1617 157 158 18 19 20 21 
          2   20000000: 1618 71 633 634 635 
          4   40000000: 1512 1598 1116 480 417 418 659 641 633 634 635 
          1   10000000: 1619 1316 164 36 369 364 21 
          2   20000000: 1620 417 418 659 641 633 634 635 
          6   60000000: 1621 228 640 641 633 634 635 
         12  120000000: 1622 652 231 232 640 641 633 634 635 
          6   60000000: 1623 652 231 232 640 641 633 634 635 
          5   50000000: 1624 633 634 635 
         13  130000000: 1625 672 302 303 227 228 640 641 633 634 635 
         14  140000000: 1626 417 418 659 641 633 634 635 
          6   60000000: 329 10 23 12 7 8 
          1   10000000: 1627 1117 220 221 222 640 641 633 634 635 
          6   60000000: 1628 232 640 641 633 634 635 
          9   90000000: 1521 273 2 279 4 5 
         13  130000000: 1629 228 640 641 633 634 635 
          7   70000000: 1623 678 308 238 640 641 633 634 635 
          6   60000000: 1630 2 279 4 5 
          9   90000000: 1631 575 2 279 4 5 
          8   80000000: 1632 874 
          1   10000000: 623 624 1633 1018 337 338 1117 220 221 222 640 641 633 634 635 
          3   30000000: 1634 810 811 185 86 633 634 635 
          4   40000000: 1635 2 279 4 5 
          4   40000000: 1636 302 303 227 228 640 641 633 634 635 
          1   10000000: 1637 113 643 633 634 635 
          2   20000000: 1638 18 19 20 21 
          1   10000000: 1639 60 20 21 
          5   50000000: 1640 641 633 634 635 
          5   50000000: 1641 7 8 
         18  180000000: 1642 228 640 641 633 634 635 
          2   20000000: 201 527 60 369 364 21 
          5   50000000: 1643 641 633 634 635 
          7   70000000: 1644 417 418 659 641 633 634 635 
          1   10000000: 1645 
          2   20000000: 1646 7 8 
          3   30000000: 74 23 14 7 8 
          4   40000000: 58 33 18 19 369 364 21 
         25  250000000: 1647 633 634 635 
          4   40000000: 1648 228 640 641 633 634 635 
          5   50000000: 1649 
          4   40000000: 1650 417 418 659 641 633 634 635 
          2   20000000: 1651 977 47 48 
          3   30000000: 1652 634 635 
          3   30000000: 1653 279 4 5 
          2   20000000: 1654 21 
          6   60000000: 1655 302 303 227 228 640 641 633 634 635 
          3   30000000: 1656 672 302 303 227 228 640 641 633 634 635 
          8   80000000: 1657 113 643 633 634 635 
          1   10000000: 108 11 14 7 8 
          4   40000000: 1220 12 7 8 
          7   70000000: 1658 672 302 303 227 228 640 641 633 634 635 
          1   10000000: 1659 744 745 477 4 478 479 336 337 338 480 417 418 659 641 633 634 635 
          4   40000000: 1324 645 646 4 647 807 282 805 7 8 
          1   10000000: 1631 645 646 647 648 1660 414 60 20 21 
         11  110000000: 1661 634 635 
          6   60000000: 1029 418 659 641 633 634 635 
          5   50000000: 1662 643 633 634 635 
         11  110000000: 1663 417 418 659 641 633 634 635 
         10  100000000: 1664 302 303 227 228 640 641 633 634 635 
          5   50000000: 806 646 4 647 807 282 1005 7 8 
          2   20000000: 537 538 335 336 337 338 480 417 418 659 641 633 634 635 
          6   60000000: 1665 
          5   50000000: 1666 1667 34 35 36 369 364 21 
          7   70000000: 1668 640 641 633 634 635 
          9   90000000: 1669 222 640 641 633 634 635 
          1   10000000: 1670 282 1005 7 8 
          5   50000000: 24 25 26 69 19 369 851 852 
          2   20000000: 1045 418 659 641 633 634 635 
          5   50000000: 1671 657 678 308 238 640 641 633 634 635 
          7   70000000: 1672 302 303 227 228 640 641 633 634 635 
          6   60000000: 1673 228 640 641 633 634 635 
          4   40000000: 84 40 36 369 364 21 
          6   60000000: 1339 1191 1674 337 338 480 417 418 659 641 633 634 635 
          1   10000000: 1675 101 633 634 635 
          7   70000000: 1676 222 640 641 633 634 635 
          1   10000000: 1677 1116 480 417 418 659 641 633 634 635 
          2   20000000: 1678 417 418 659 641 633 634 635 
          6   60000000: 1679 220 221 222 640 641 633 634 635 
          1   10000000: 1680 1081 417 418 659 641 633 634 635 
          1   10000000: 1681 337 338 480 417 418 659 641 633 634 635 
          8   80000000: 1682 1042 338 480 417 418 659 641 633 634 635 
         13  130000000: 1683 417 418 659 641 633 634 635 
          1   10000000: 1250 1684 337 338 480 417 418 659 641 633 634 635 
          3   30000000: 1685 745 477 4 478 479 336 337 338 480 417 418 659 641 633 634 635 
          2   20000000: 1686 418 659 641 633 634 635 
          1   10000000: 1687 1005 7 8 
          1   10000000: 1509 51 14 7 8 
          1   10000000: 1688 282 805 7 8 
          2   20000000: 1689 33 18 19 20 21 
          1   10000000: 63 1690 1691 4 1142 624 874 
          1   10000000: 1692 14 7 8 
          1   10000000: 1693 19 20 21 
          2   20000000: 1694 228 640 641 633 634 635 
          1   10000000: 1067 916 43 44 18 19 20 21 
          1   10000000: 1695 1691 4 1142 624 874 
          7   70000000: 1696 633 634 635 
          1   10000000: 1697 199 21 
          1   10000000: 329 10 11 12 7 8 
          1   10000000: 644 645 646 4 647 648 1244 238 640 641 633 634 635 
          5   50000000: 1698 417 418 659 641 633 634 635 
          7   70000000: 1699 231 232 640 641 633 634 635 
          2   20000000: 1700 780 222 640 641 633 634 635 
          1   10000000: 1701 1702 279 4 5 
          7   70000000: 1703 416 417 418 659 641 633 634 635 
          6   60000000: 1704 641 633 634 635 
          2   20000000: 1705 1374 337 338 480 417 418 659 641 633 634 635 
          1   10000000: 1706 246 34 35 36 369 364 21 
          3   30000000: 1707 2 279 4 5 
          2   20000000: 1708 2 279 4 5 
         10  100000000: 1709 232 640 641 633 634 635 
          7   70000000: 1710 228 640 641 633 634 635 
          1   10000000: 1711 1712 1713 417 418 659 641 633 634 635 
          6   60000000: 1714 699 228 640 641 633 634 635 
          2   20000000: 254 25 26 27 34 35 36 369 364 21 
          5   50000000: 270 51 12 7 8 
         11  110000000: 1715 672 302 303 227 228 640 641 633 634 635 
          4   40000000: 1716 2 279 4 5 
          3   30000000: 516 517 180 34 35 36 369 364 21 
          2   20000000: 90 12 7 8 
          1   10000000: 15 617 618 446 582 501 502 4 503 504 505 221 222 640 641 633 634 635 
          3   30000000: 1717 640 641 633 634 635 
          9   90000000: 1718 220 221 222 640 641 633 634 635 
          3   30000000: 1719 417 418 659 641 633 634 635 
          3   30000000: 1720 302 303 227 228 640 641 633 634 635 
          4   40000000: 1721 308 238 640 641 633 634 635 
          6   60000000: 1722 228 640 641 633 634 635 
          9   90000000: 1723 672 302 303 227 228 640 641 633 634 635 
          9   90000000: 288 42 43 212 36 369 364 21 
          3   30000000: 1724 780 222 640 641 633 634 635 
          3   30000000: 1725 418 659 641 633 634 635 
          1   10000000: 1726 362 726 18 19 20 21 
          4   40000000: 1727 302 303 227 228 640 641 633 634 635 
          1   10000000: 1012 575 576 501 502 4 503 504 505 221 222 640 641 633 634 635 
          1   10000000: 1728 447 279 4 5 
          3   30000000: 1578 282 1005 7 8 
          2   20000000: 1729 499 622 279 4 5 
          1   10000000: 1730 418 659 641 633 634 635 
          1   10000000: 1731 1081 417 418 659 641 633 634 635 
          1   10000000: 1579 696 185 86 633 634 635 
         13  130000000: 1732 308 238 640 641 633 634 635 
         12  120000000: 1733 652 231 232 640 641 633 634 635 
          1   10000000: 1734 60 20 21 
          5   50000000: 68 23 14 7 8 
          8   80000000: 1735 672 302 303 227 228 640 641 633 634 635 
          1   10000000: 1736 282 283 8 
          3   30000000: 1737 228 640 641 633 634 635 
          2   20000000: 1738 416 417 418 659 641 633 634 635 
          1   10000000: 277 273 576 501 502 4 503 504 505 221 222 640 641 633 634 635 
          4   40000000: 1631 645 646 4 647 807 282 805 7 8 
          2   20000000: 1739 220 221 222 640 641 633 634 635 
          8   80000000: 843 678 308 238 640 641 633 634 635 
          1   10000000: 1740 780 222 640 641 633 634 635 
          1   10000000: 1306 363 364 21 
          1   10000000: 1605 576 501 502 4 503 504 505 221 222 640 641 633 634 635 
          2   20000000: 1741 23 14 7 8 
          1   10000000: 831 645 646 4 647 648 1185 232 640 641 633 634 635 
          2   20000000: 1614 17 18 19 20 21 
         18  180000000: 1742 222 640 641 633 634 635 
         24  240000000: 1743 232 640 641 633 634 635 
          5   50000000: 267 36 369 364 21 
          2   20000000: 1744 282 805 7 8 
          6   60000000: 1745 725 2 279 4 5 
          3   30000000: 1746 7 8 
         11  110000000: 24 31 133 134 370 364 21 
         11  110000000: 1747 634 635 
          2   20000000: 1748 1749 477 4 478 479 336 337 338 480 417 418 659 641 633 634 635 
          2   20000000: 1750 12 7 8 
          4   40000000: 1 2 279 4 5 
          2   20000000: 1751 933 646 4 647 807 282 805 7 8 
          3   30000000: 1752 14 7 8 
          1   10000000: 1651 79 633 634 635 
          1   10000000: 516 517 17 18 19 369 851 852 
         14  140000000: 1753 228 640 641 633 634 635 
          1   10000000: 1754 646 4 647 648 1185 232 640 641 633 634 635 
          4   40000000: 1755 633 634 635 
          1   10000000: 763 383 366 364 21 
          1   10000000: 1756 220 221 222 640 641 633 634 635 
          3   30000000: 1757 772 417 418 659 641 633 634 635 
          1   10000000: 1758 60 20 21 
          1   10000000: 1759 1760 1761 477 4 478 479 336 337 338 480 417 418 659 641 633 634 635 
          3   30000000: 1762 672 302 303 227 228 640 641 633 634 635 
          7   70000000: 1763 640 641 633 634 635 
          1   10000000: 1764 672 302 303 227 228 640 641 633 634 635 
          3   30000000: 1765 2 279 4 5 
          4   40000000: 1766 228 640 641 633 634 635 
          1   10000000: 1767 220 221 222 640 641 633 634 635 
          7   70000000: 1768 227 228 640 641 633 634 635 
          1   10000000: 1769 575 2 279 4 5 
          1   10000000: 1714 780 222 640 641 633 634 635 
          4   40000000: 1770 1028 672 302 303 227 228 640 641 633 634 635 
          5   50000000: 1771 308 238 640 641 633 634 635 
          3   30000000: 917 933 646 4 647 807 282 805 7 8 
          4   40000000: 1772 228 640 641 633 634 635 
          1   10000000: 1773 645 646 4 647 648 735 227 228 640 641 633 634 635 
          1   10000000: 210 211 43 212 36 369 364 21 
          1   10000000: 1774 282 805 7 8 
          2   20000000: 677 12 7 8 
          1   10000000: 1614 367 60 20 21 
          1   10000000: 763 367 60 20 21 
          4   40000000: 171 633 634 635 
          3   30000000: 1775 416 417 418 659 641 633 634 635 
          3   30000000: 204 10 11 14 7 8 
          1   10000000: 1776 477 4 478 479 336 337 338 1117 220 221 222 640 641 633 634 635 
          2   20000000: 1777 221 222 640 641 633 634 635 
          3   30000000: 1778 663 664 4 665 666 417 418 659 641 633 634 635 
          1   10000000: 1779 282 805 7 8 
          1   10000000: 1780 645 646 4 647 648 1244 238 640 641 633 634 635 
          1   10000000: 1781 1562 1563 874 
          1   10000000: 623 624 874 
          2   20000000: 763 370 364 21 
          2   20000000: 399 400 60 20 21 
          3   30000000: 201 1316 103 19 20 21 
          4   40000000: 24 31 32 33 18 19 369 851 852 
          5   50000000: 1782 640 641 633 634 635 
          4   40000000: 1783 7 8 
          2   20000000: 1784 14 7 8 
          1   10000000: 1785 1674 337 338 480 417 418 659 641 633 634 635 
          1   10000000: 915 645 646 647 648 1392 145 369 364 21 
          2   20000000: 1786 303 227 228 640 641 633 634 635 
          3   30000000: 1787 499 622 279 4 5 
          1   10000000: 1093 933 646 4 647 807 282 1176 8 
          1   10000000: 1788 14 7 8 
          3   30000000: 1789 699 228 640 641 633 634 635 
          4   40000000: 1790 303 227 228 640 641 633 634 635 
          1   10000000: 1791 20 21 
          2   20000000: 1792 751 299 300 113 114 
          5   50000000: 1793 228 640 641 633 634 635 
          3   30000000: 1794 1028 672 302 303 227 228 640 641 633 634 635 
          4   40000000: 1795 725 2 279 4 5 
          9   90000000: 1796 222 640 641 633 634 635 
          7   70000000: 1797 640 641 633 634 635 
          2   20000000: 1798 7 8 
         10  100000000: 1799 231 232 640 641 633 634 635 
          5   50000000: 1255 32 33 18 19 20 21 
          1   10000000: 1800 102 103 19 20 21 
          5   50000000: 1801 633 634 635 
          3   30000000: 1686 221 222 640 641 633 634 635 
          1   10000000: 1802 370 364 21 
          1   10000000: 1803 1312 1139 1140 1141 4 1142 624 874 
          1   10000000: 1804 220 221 222 640 641 633 634 635 
          2   20000000: 1805 1392 145 369 364 21 
          2   20000000: 1806 780 222 640 641 633 634 635 
          4   40000000: 1807 23 14 7 8 
          4   40000000: 1808 417 418 659 641 633 634 635 
         15  150000000: 1809 641 633 634 635 
          3   30000000: 1810 417 418 659 641 633 634 635 
          7   70000000: 1214 780 222 640 641 633 634 635 
          2   20000000: 1811 446 447 279 4 5 
          1   10000000: 1812 180 34 35 36 369 364 21 
          4   40000000: 1813 672 302 303 227 228 640 641 633 634 635 
          3   30000000: 1814 933 646 4 647 807 282 1005 7 8 
          1   10000000: 1815 1816 461 462 459 453 445 446 447 279 4 5 
          2   20000000: 1326 646 4 647 807 282 805 7 8 
          2   20000000: 1817 31 32 40 36 1818 1819 852 
          2   20000000: 1820 652 231 232 640 641 633 634 635 
          3   30000000: 1821 11 12 7 8 
          2   20000000: 1822 303 227 228 640 641 633 634 635 
          2   20000000: 1823 417 418 659 641 633 634 635 
          3   30000000: 1824 1464 220 221 222 640 641 633 634 635 
          1   10000000: 1825 633 634 635 
          1   10000000: 1826 633 634 635 
          1   10000000: 1827 23 12 7 8 
          2   20000000: 1243 916 43 212 36 369 364 21 
          1   10000000: 1828 199 21 
          5   50000000: 1829 220 221 222 640 641 633 634 635 
          2   20000000: 1830 1460 810 811 185 39 
          3   30000000: 1831 664 4 665 1318 220 221 222 640 641 633 634 635 
          2   20000000: 1541 282 805 7 8 
          1   10000000: 1832 23 14 7 8 
          2   20000000: 1833 273 2 279 4 5 
          3   30000000: 1834 238 640 641 633 634 635 
          1   10000000: 1835 
          5   50000000: 1836 12 7 8 
          1   10000000: 1837 10 11 12 7 8 
          3   30000000: 1838 499 622 279 4 5 
          1   10000000: 1839 144 145 369 364 21 
          2   20000000: 1840 499 622 279 4 5 
          2   20000000: 1841 1372 185 86 633 634 635 
          1   10000000: 1842 641 633 634 635 
          1   10000000: 1843 496 279 4 5 
          1   10000000: 915 575 2 279 4 5 
          6   60000000: 1844 2 279 4 5 
          3   30000000: 1845 273 2 279 4 5 
          1   10000000: 763 17 18 19 369 364 21 
          3   30000000: 124 23 14 7 8 
          8   80000000: 1846 416 417 418 659 641 633 634 635 
          2   20000000: 1847 228 640 641 633 634 635 
          3   30000000: 1848 641 633 634 635 
          1   10000000: 1849 102 164 36 369 364 21 
         10  100000000: 1850 222 640 641 633 634 635 
          5   50000000: 1851 231 232 640 641 633 634 635 
          1   10000000: 24 31 133 134 17 18 19 369 364 21 
          3   30000000: 1852 32 33 18 19 20 21 
          6   60000000: 424 1853 810 811 185 86 633 634 635 
          1   10000000: 1854 144 145 369 364 21 
          2   20000000: 1855 102 164 36 369 364 21 
          1   10000000: 1856 4 478 479 336 337 338 480 417 418 659 641 633 634 635 
          5   50000000: 15 16 383 525 296 4 297 298 299 300 113 643 633 634 635 
          1   10000000: 1857 417 418 659 641 633 634 635 
          2   20000000: 1858 282 805 7 8 
          2   20000000: 1324 645 646 4 647 807 282 1005 7 8 
          2   20000000: 1859 299 300 113 643 633 634 635 
          2   20000000: 1132 221 222 640 641 633 634 635 
          1   10000000: 1697 295 296 4 297 298 299 300 113 114 
          1   10000000: 1860 185 86 633 634 635 
          1   10000000: 1861 622 279 4 5 
          1   10000000: 24 25 26 609 610 4 611 612 613 631 
          3   30000000: 1862 633 634 635 
          2   20000000: 1558 23 14 7 8 
          1   10000000: 1863 60 20 21 
          1   10000000: 1864 1161 1162 447 279 4 5 
          1   10000000: 1865 33 18 19 20 21 
          4   40000000: 1866 699 228 640 641 633 634 635 
          6   60000000: 1867 302 303 227 228 640 641 633 634 635 
          2   20000000: 182 16 383 366 364 21 
          4   40000000: 1868 947 633 634 635 
          4   40000000: 1869 2 279 4 5 
          1   10000000: 1870 299 300 113 643 633 634 635 
          2   20000000: 1871 1872 56 57 36 369 364 21 
          1   10000000: 1873 511 60 369 364 21 
          2   20000000: 1874 525 296 4 297 298 299 300 113 114 
          1   10000000: 1875 282 1005 7 8 
          3   30000000: 1876 417 418 659 641 633 634 635 
          1   10000000: 1877 34 35 36 369 364 21 
          1   10000000: 1878 295 296 4 297 298 299 300 113 114 
         10  100000000: 1879 417 418 659 641 633 634 635 
          3   30000000: 1380 11 14 7 8 
          1   10000000: 1880 501 502 4 503 504 505 221 222 640 641 633 634 635 
          1   10000000: 516 517 849 850 60 20 21 
          7   70000000: 1881 220 221 222 640 641 633 634 635 
          3   30000000: 1882 417 418 659 641 633 634 635 
          3   30000000: 1883 745 477 4 478 479 336 337 338 480 417 418 659 641 633 634 635 
         13  130000000: 1884 1028 672 302 303 227 228 640 641 633 634 635 
          2   20000000: 1885 20 21 
          1   10000000: 1886 646 4 647 648 1887 751 299 300 113 75 633 634 635 
          4   40000000: 1888 416 417 418 659 641 633 634 635 
          1   10000000: 1889 1890 338 1117 220 221 222 640 641 633 634 635 
          5   50000000: 1891 228 640 641 633 634 635 
          1   10000000: 1892 48 
          3   30000000: 1893 641 633 634 635 
          9   90000000: 1894 417 418 659 641 633 634 635 
         16  160000000: 1895 672 302 303 227 228 640 641 633 634 635 
          2   20000000: 105 10 23 14 7 8 
         10  100000000: 1896 659 641 633 634 635 
          1   10000000: 968 575 576 501 502 4 503 504 505 221 222 640 641 633 634 635 
          2   20000000: 1897 499 622 279 4 5 
          3   30000000: 1898 222 640 641 633 634 635 
          2   20000000: 1899 220 221 222 640 641 633 634 635 
          6   60000000: 1900 633 634 635 
          1   10000000: 1901 417 418 659 641 633 634 635 
          5   50000000: 1902 185 86 633 634 635 
          6   60000000: 1903 231 232 640 641 633 634 635 
          1   10000000: 1904 27 34 35 36 369 364 21 
          7   70000000: 1500 1905 417 418 659 641 633 634 635 
          3   30000000: 93 10 23 12 7 8 
          1   10000000: 1906 452 453 445 446 447 279 4 5 
          5   50000000: 1907 282 805 7 8 
          1   10000000: 1908 26 69 19 20 21 
          1   10000000: 1909 1116 1117 220 221 222 640 641 633 634 635 
          3   30000000: 24 1910 1911 1912 1913 1914 4 1915 1916 
          1   10000000: 685 645 646 4 647 807 282 1005 7 8 
          3   30000000: 1917 211 43 212 36 369 364 21 
          5   50000000: 1918 228 640 641 633 634 635 
          5   50000000: 1919 416 417 418 659 641 633 634 635 
          1   10000000: 1920 438 296 4 297 298 299 300 113 643 633 634 635 
          1   10000000: 1745 933 646 4 647 807 282 805 7 8 
          2   20000000: 1832 11 70 71 633 634 635 
          1   10000000: 1921 299 300 113 643 633 634 635 
          2   20000000: 1832 23 12 7 8 
          9   90000000: 1922 220 221 222 640 641 633 634 635 
          1   10000000: 1748 1923 1141 4 1142 624 874 
          1   10000000: 1924 366 364 21 
          2   20000000: 1925 185 86 633 634 635 
          1   10000000: 1926 211 43 212 36 369 364 21 
          3   30000000: 1927 947 633 634 635 
          1   10000000: 1928 647 807 282 805 7 8 
         12  120000000: 1929 416 417 418 659 641 633 634 635 
          1   10000000: 1930 2 279 4 5 
          1   10000000: 442 443 1931 1932 1933 850 60 369 851 852 
          1   10000000: 1934 745 477 4 478 479 336 337 338 1117 220 221 222 640 641 633 634 635 
          6   60000000: 105 10 23 12 7 8 
          1   10000000: 1935 282 1005 7 8 
          2   20000000: 1936 933 646 4 647 807 282 805 7 8 
          3   30000000: 1937 678 308 238 640 641 633 634 635 
          2   20000000: 15 16 1938 1537 60 20 21 
          2   20000000: 734 575 2 279 4 5 
          1   10000000: 1736 282 805 7 8 
          2   20000000: 1567 1362 810 811 185 86 633 634 635 
          2   20000000: 1939 1312 1139 1140 1141 4 1142 624 874 
          1   10000000: 1697 295 296 4 297 298 299 300 113 643 633 634 635 
          4   40000000: 1940 725 2 279 4 5 
          3   30000000: 1941 499 622 279 4 5 
          1   10000000: 1942 646 4 647 807 282 805 7 8 
          3   30000000: 1943 227 228 640 641 633 634 635 
          1   10000000: 1944 1945 575 576 501 502 4 503 504 505 221 222 640 641 633 634 635 
          1   10000000: 1946 10 23 70 71 633 634 635 
          5   50000000: 1947 228 640 641 633 634 635 
          2   20000000: 1948 282 805 7 8 
          1   10000000: 1949 824 825 60 20 21 
          3   30000000: 1950 633 634 635 
          2   20000000: 1520 113 114 
          5   50000000: 1951 499 622 279 4 5 
          1   10000000: 1952 102 103 19 20 21 
          1   10000000: 1837 10 669 47 48 
          1   10000000: 1614 370 364 21 
          3   30000000: 1953 20 21 
          2   20000000: 1954 164 36 369 364 21 
          7   70000000: 1955 111 48 
          2   20000000: 1956 633 634 635 
          1   10000000: 1957 1958 220 221 222 640 641 633 634 635 
          1   10000000: 698 780 222 640 641 633 634 635 
          5   50000000: 1959 640 641 633 634 635 
          1   10000000: 1960 220 221 222 640 641 633 634 635 
          3   30000000: 1961 299 300 113 643 633 634 635 
          4   40000000: 210 211 43 44 18 19 20 21 
          7   70000000: 1962 417 418 659 641 633 634 635 
          1   10000000: 1963 1964 622 279 4 5 
          2   20000000: 251 12 7 8 
          1   10000000: 1965 933 646 4 647 807 282 1005 7 8 
          2   20000000: 638 33 18 19 20 21 
          1   10000000: 1966 43 212 36 369 364 21 
          2   20000000: 1967 60 20 21 
          8   80000000: 1968 640 641 633 634 635 
          1   10000000: 1969 933 646 4 647 648 1244 238 640 641 633 634 635 
          5   50000000: 1970 302 303 227 228 640 641 633 634 635 
          1   10000000: 1971 847 501 502 4 503 504 505 221 222 640 641 633 634 635 
          3   30000000: 1972 417 418 659 641 633 634 635 
          3   30000000: 1973 220 221 222 640 641 633 634 635 
          2   20000000: 1974 282 1005 7 8 
          5   50000000: 1975 417 418 659 641 633 634 635 
          6   60000000: 1976 227 228 640 641 633 634 635 
          2   20000000: 1977 810 811 185 86 633 634 635 
          1   10000000: 1978 499 622 279 4 5 
          3   30000000: 1979 725 2 279 4 5 
          4   40000000: 1820 678 308 238 640 641 633 634 635 
          2   20000000: 1980 51 14 7 8 
          1   10000000: 1324 645 646 4 647 648 1244 238 640 641 633 634 635 
          4   40000000: 1981 185 86 633 634 635 
          2   20000000: 1982 238 640 641 633 634 635 
          1   10000000: 1983 672 302 303 227 228 640 641 633 634 635 
          1   10000000: 1984 1421 145 369 364 21 
          1   10000000: 1985 745 477 4 478 479 336 337 338 480 417 418 659 641 633 634 635 
          2   20000000: 1364 678 308 238 640 641 633 634 635 
          1   10000000: 1986 417 418 659 641 633 634 635 
          5   50000000: 1987 417 418 659 641 633 634 635 
          1   10000000: 1531 645 646 4 647 807 282 805 7 8 
          1   10000000: 280 281 282 805 7 8 
          1   10000000: 98 1316 164 36 369 364 21 
          1   10000000: 149 14 7 8 
          1   10000000: 1988 282 1005 7 8 
          3   30000000: 1989 12 7 8 
          1   10000000: 1990 
          1   10000000: 1974 282 805 7 8 
          2   20000000: 1076 646 4 647 807 282 1005 7 8 
          2   20000000: 1991 220 221 222 640 641 633 634 635 
          4   40000000: 1310 646 4 647 807 282 1005 7 8 
          1   10000000: 1992 725 2 279 4 5 
          2   20000000: 1993 2 279 4 5 
          4   40000000: 1994 308 238 640 641 633 634 635 
          2   20000000: 1995 780 222 640 641 633 634 635 
          1   10000000: 1996 47 48 
          1   10000000: 1997 640 641 633 634 635 
          2   20000000: 1998 575 2 279 4 5 
          4   40000000: 1999 2 279 4 5 
          7   70000000: 2000 678 308 238 640 641 633 634 635 
          5   50000000: 2001 60 20 21 
          4   40000000: 2002 18 19 20 21 
          1   10000000: 2003 447 279 4 5 
          1   10000000: 2004 282 1005 7 8 
          1   10000000: 2005 47 48 
          2   20000000: 2006 417 418 659 641 633 634 635 
          5   50000000: 201 765 366 364 21 
          3   30000000: 1124 699 228 640 641 633 634 635 
          1   10000000: 2007 36 369 364 21 
          5   50000000: 2008 417 418 659 641 633 634 635 
          5   50000000: 2009 220 221 222 640 641 633 634 635 
          1   10000000: 2010 273 2 279 4 5 
          9   90000000: 2011 7 8 
          5   50000000: 2012 2013 185 86 633 634 635 
          1   10000000: 1999 2 274 4 5 
          1   10000000: 2014 624 874 
          4   40000000: 2015 220 221 222 640 641 633 634 635 
          1   10000000: 2016 1713 417 418 659 641 633 634 635 
          3   30000000: 1806 1028 672 302 303 227 228 640 641 633 634 635 
          1   10000000: 2017 359 360 29 30 20 21 
          6   60000000: 2018 780 222 640 641 633 634 635 
          2   20000000: 651 678 308 238 640 641 633 634 635 
          1   10000000: 2019 745 477 4 478 479 336 337 338 480 417 418 659 641 633 634 635 
          3   30000000: 182 16 180 34 35 36 369 364 21 
          2   20000000: 972 366 364 21 
          1   10000000: 2020 7 8 
          3   30000000: 365 360 525 296 4 297 298 299 300 113 643 633 634 635 
          5   50000000: 507 588 501 502 4 503 504 505 221 222 640 641 633 634 635 
          1   10000000: 623 624 1633 1018 337 338 480 417 418 659 641 633 634 635 
          3   30000000: 2021 640 641 633 634 635 
          3   30000000: 1697 144 145 369 364 21 
          1   10000000: 2022 646 4 647 807 282 1005 7 8 
          5   50000000: 2023 273 2 279 4 5 
          8   80000000: 2024 227 228 640 641 633 634 635 
          2   20000000: 2025 417 418 659 641 633 634 635 
          2   20000000: 1754 646 4 647 807 282 805 7 8 
          3   30000000: 2026 7 8 
          5   50000000: 2027 238 640 641 633 634 635 
          6   60000000: 2028 220 221 222 640 641 633 634 635 
          1   10000000: 2029 2030 810 811 185 39 
          1   10000000: 2031 184 185 86 633 634 635 
          1   10000000: 1845 281 282 1005 7 8 
          2   20000000: 2032 416 417 418 659 641 633 634 635 
          1   10000000: 1297 646 4 647 807 282 1005 7 8 
          1   10000000: 2033 1872 56 57 36 20 21 
          2   20000000: 2034 947 633 634 635 
          3   30000000: 2035 417 418 659 641 633 634 635 
          3   30000000: 1475 933 646 4 647 807 282 1005 7 8 
          2   20000000: 2036 338 480 417 418 659 641 633 634 635 
          1   10000000: 2037 2038 338 480 417 418 659 641 633 634 635 
          2   20000000: 2039 222 640 641 633 634 635 
          1   10000000: 2040 810 811 185 86 633 634 635 
          1   10000000: 2041 220 221 222 640 641 633 634 635 
          1   10000000: 2042 228 640 641 633 634 635 
          1   10000000: 685 645 646 647 648 1392 145 369 364 21 
          3   30000000: 2043 725 2 279 4 5 
          1   10000000: 1310 646 4 647 648 1013 231 232 640 641 633 634 635 
          2   20000000: 2044 92 23 14 7 8 
          4   40000000: 2045 220 221 222 640 641 633 634 635 
          1   10000000: 2046 2047 282 1005 7 8 
          1   10000000: 2048 417 418 659 641 633 634 635 
          2   20000000: 591 1013 231 232 640 641 633 634 635 
          1   10000000: 1370 645 646 4 647 648 705 228 640 641 633 634 635 
          9   90000000: 2049 231 232 640 641 633 634 635 
          1   10000000: 2050 2051 477 4 478 479 336 337 338 1117 220 221 222 640 641 633 634 635 
          1   10000000: 2052 499 622 279 4 5 
          3   30000000: 104 36 369 364 21 
          1   10000000: 63 17 18 19 369 851 852 
          2   20000000: 2053 2 279 4 5 
          4   40000000: 2054 640 641 633 634 635 
          1   10000000: 2037 2055 1141 4 1142 624 874 
          1   10000000: 2056 2057 745 477 4 478 479 336 337 338 480 417 418 659 641 633 634 635 
          1   10000000: 2058 35 36 369 364 21 
          1   10000000: 2059 447 279 4 5 
          1   10000000: 2060 362 1316 103 19 20 21 
          1   10000000: 2061 664 4 665 666 417 418 659 641 633 634 635 
          1   10000000: 2062 1140 1141 4 1142 624 874 
          2   20000000: 2063 640 641 633 634 635 
          2   20000000: 2064 646 4 647 807 282 1005 7 8 
          3   30000000: 743 744 745 477 4 478 479 336 337 338 1117 220 221 222 640 641 633 634 635 
          2   20000000: 2065 646 4 647 807 282 1005 7 8 
          1   10000000: 2066 370 364 21 
         15  150000000: 1260 418 659 641 633 634 635 
          3   30000000: 2067 417 418 659 641 633 634 635 
          1   10000000: 2068 498 499 622 279 4 5 
          3   30000000: 1615 10 11 12 7 8 
          1   10000000: 41 42 43 212 36 369 364 21 
          3   30000000: 2069 447 279 4 5 
          6   60000000: 201 1316 164 36 369 364 21 
          1   10000000: 2070 1081 417 418 659 641 633 634 635 
          3   30000000: 2071 308 238 640 641 633 634 635 
          1   10000000: 2072 185 86 633 634 635 
          1   10000000: 2073 221 222 640 641 633 634 635 
          1   10000000: 2074 164 36 369 364 21 
          1   10000000: 2075 40 36 369 364 21 
          1   10000000: 795 370 364 21 
          1   10000000: 2076 822 823 824 825 60 20 21 
          1   10000000: 24 31 32 33 1536 1537 60 369 851 852 
          1   10000000: 2077 302 303 227 228 640 641 633 634 635 
          1   10000000: 2078 220 221 222 640 641 633 634 635 
          1   10000000: 2079 35 36 369 364 21 
          1   10000000: 1770 780 222 640 641 633 634 635 
          2   20000000: 1057 367 60 20 21 
          1   10000000: 1946 10 23 14 7 8 
          1   10000000: 2080 634 635 
          1   10000000: 2081 220 221 222 640 641 633 634 635 
          1   10000000: 2082 143 144 145 369 364 21 
          3   30000000: 2083 273 2 279 4 5 
          5   50000000: 2084 113 643 633 634 635 
          1   10000000: 2085 25 26 69 19 20 21 
          6   60000000: 2086 2 279 4 5 
          1   10000000: 1979 933 2087 1933 850 60 20 21 
          1   10000000: 1802 383 525 296 4 297 298 299 300 113 643 633 634 635 
          3   30000000: 1057 102 164 36 369 364 21 
          1   10000000: 1145 585 499 622 279 4 5 
          1   10000000: 2088 416 417 418 659 641 633 634 635 
          2   20000000: 1989 14 7 8 
          5   50000000: 2089 416 417 418 659 641 633 634 635 
          2   20000000: 2090 1372 185 86 633 634 635 
          3   30000000: 755 933 646 4 647 807 282 1005 7 8 
          4   40000000: 2091 810 811 185 86 633 634 635 
          1   10000000: 24 25 361 362 363 851 852 
          3   30000000: 1622 678 308 238 640 641 633 634 635 
          2   20000000: 1610 281 282 805 7 8 
          1   10000000: 413 2092 20 21 
          4   40000000: 2093 418 659 641 633 634 635 
          1   10000000: 1632 1633 1018 337 338 480 417 418 659 641 633 634 635 
          1   10000000: 2094 17 18 19 20 21 
          2   20000000: 1831 664 4 665 666 417 418 659 641 633 634 635 
          3   30000000: 2095 273 2 279 4 5 
          1   10000000: 704 575 576 501 502 4 503 504 505 418 659 641 633 634 635 
          3   30000000: 2096 640 641 633 634 635 
          1   10000000: 2097 337 338 1117 220 221 222 640 641 633 634 635 
          1   10000000: 2098 308 238 640 641 633 634 635 
          1   10000000: 2099 443 1931 1932 2100 1914 4 1915 1916 
          1   10000000: 2101 745 477 4 478 479 336 337 338 480 417 418 659 641 633 634 635 
          2   20000000: 1561 299 300 113 643 633 634 635 
          1   10000000: 2102 92 23 14 7 8 
          2   20000000: 2103 
          3   30000000: 2104 111 48 
          1   10000000: 2105 1374 337 338 480 417 418 659 641 633 634 635 
          5   50000000: 2106 417 418 659 641 633 634 635 
          4   40000000: 24 31 32 40 36 369 851 852 
          6   60000000: 1097 183 184 185 86 633 634 635 
          1   10000000: 2107 5 
          2   20000000: 968 645 646 4 647 648 736 672 302 303 227 228 640 641 633 634 635 
          1   10000000: 516 517 370 851 852 
          1   10000000: 1827 11 12 7 8 
          3   30000000: 2108 281 282 1005 7 8 
          6   60000000: 329 10 11 14 7 8 
          2   20000000: 1093 933 646 4 647 807 282 805 7 8 
          4   40000000: 1733 678 308 238 640 641 633 634 635 
         10  100000000: 2109 308 238 640 641 633 634 635 
          5   50000000: 2110 417 418 659 641 633 634 635 
          1   10000000: 2111 1816 2112 2113 2114 2115 4 2116 2117 2118 2119 417 418 659 641 633 634 635 
          1   10000000: 2120 246 34 35 36 369 364 21 
          5   50000000: 1852 32 40 36 369 364 21 
          1   10000000: 2121 1372 185 86 633 634 635 
          1   10000000: 2122 810 811 185 86 633 634 635 
          1   10000000: 2123 220 221 222 640 641 633 634 635 
          1   10000000: 2124 7 8 
          1   10000000: 2125 427 364 21 
          2   20000000: 280 273 2 279 4 5 
          2   20000000: 2126 825 60 20 21 
         10  100000000: 63 1362 810 811 185 86 633 634 635 
          2   20000000: 2127 47 48 
          3   30000000: 2128 2 279 4 5 
          3   30000000: 1554 221 222 640 641 633 634 635 
          1   10000000: 1232 1233 2129 624 1633 1018 337 338 480 417 418 659 641 633 634 635 
          2   20000000: 24 25 26 609 2130 4 2131 2132 1916 
          3   30000000: 2133 416 417 418 659 641 633 634 635 
          1   10000000: 2134 965 966 501 502 4 503 504 505 221 222 640 641 633 634 635 
          6   60000000: 2135 220 221 222 640 641 633 634 635 
          1   10000000: 1989 70 71 633 634 635 
          2   20000000: 1748 2136 477 4 478 479 336 337 338 1117 220 221 222 640 641 633 634 635 
          4   40000000: 1078 221 222 640 641 633 634 635 
          1   10000000: 2094 367 60 20 21 
          1   10000000: 2137 947 633 634 635 
          5   50000000: 2138 220 221 222 640 641 633 634 635 
          1   10000000: 495 588 501 502 4 503 504 505 221 222 640 641 633 634 635 
          1   10000000: 2139 228 640 641 633 634 635 
          4   40000000: 2140 575 2 279 4 5 
          1   10000000: 2141 643 633 634 635 
          3   30000000: 2142 672 302 303 227 228 640 641 633 634 635 
          4   40000000: 2143 228 640 641 633 634 635 
          2   20000000: 15 16 17 18 19 369 851 852 
          1   10000000: 2144 20 21 
          1   10000000: 2145 417 418 659 641 633 634 635 
          1   10000000: 2146 220 221 222 640 641 633 634 635 
          2   20000000: 1294 645 646 4 647 807 282 805 7 8 
          1   10000000: 2147 2 279 4 5 
          3   30000000: 15 2148 144 145 369 364 21 
          1   10000000: 2033 1413 369 364 21 
          3   30000000: 2149 7 8 
          2   20000000: 2150 273 2 279 4 5 
          2   20000000: 2151 42 43 44 18 19 20 21 
          2   20000000: 398 281 282 805 7 8 
          3   30000000: 1965 725 2 279 4 5 
          1   10000000: 2152 438 296 4 297 298 299 300 113 75 633 634 635 
          1   10000000: 2153 302 303 227 228 640 641 633 634 635 
          1   10000000: 2154 622 279 4 5 
          1   10000000: 2155 36 369 364 21 
          2   20000000: 2156 220 221 222 640 641 633 634 635 
          2   20000000: 1692 12 7 8 
          1   10000000: 2157 2158 102 164 36 369 364 21 
          1   10000000: 2159 2160 367 60 20 21 
          1   10000000: 2161 282 1005 7 8 
          6   60000000: 2162 228 640 641 633 634 635 
          3   30000000: 2163 678 308 238 640 641 633 634 635 
          2   20000000: 2164 308 238 640 641 633 634 635 
          1   10000000: 2165 1413 369 364 21 
          3   30000000: 75 633 634 635 
          1   10000000: 2166 282 805 7 8 
          1   10000000: 2167 575 2 279 4 5 
          3   30000000: 1865 40 36 369 364 21 
          1   10000000: 2060 362 1316 164 36 369 364 21 
          3   30000000: 992 221 222 640 641 633 634 635 
          2   20000000: 2168 7 8 
          1   10000000: 2169 2170 2171 1914 4 1915 1916 
          2   20000000: 2172 416 417 418 659 641 633 634 635 
          3   30000000: 2173 772 417 418 659 641 633 634 635 
          2   20000000: 15 16 849 850 60 20 21 
          3   30000000: 15 16 383 525 296 4 297 298 299 300 113 75 633 634 635 
          1   10000000: 2174 751 299 300 113 114 
          1   10000000: 2175 1421 145 369 364 21 
          5   50000000: 2176 417 418 659 641 633 634 635 
          4   40000000: 2177 633 634 635 
          1   10000000: 2178 228 640 641 633 634 635 
          2   20000000: 2179 8 
          2   20000000: 2180 222 640 641 633 634 635 
          4   40000000: 2181 220 221 222 640 641 633 634 635 
          2   20000000: 13 12 7 8 
          2   20000000: 2094 102 164 36 369 364 21 
          2   20000000: 1370 645 646 4 647 807 282 805 7 8 
          2   20000000: 330 302 303 227 228 640 641 633 634 635 
          3   30000000: 2182 633 634 635 
          1   10000000: 2183 1428 1140 1141 4 1142 624 874 
          2   20000000: 2184 185 86 633 634 635 
          2   20000000: 1326 646 647 1077 279 4 5 
          1   10000000: 523 246 34 35 36 369 364 21 
          1   10000000: 2185 1005 7 8 
          1   10000000: 1807 11 12 7 8 
          1   10000000: 734 645 646 4 647 807 282 805 7 8 
          6   60000000: 63 102 103 19 20 21 
          1   10000000: 201 2186 299 300 113 643 633 634 635 
          2   20000000: 2187 19 20 21 
          3   30000000: 15 16 370 851 852 
          1   10000000: 1579 123 643 633 634 635 
          6   60000000: 2188 672 302 303 227 228 640 641 633 634 635 
          3   30000000: 2189 231 232 640 641 633 634 635 
          1   10000000: 1744 282 1176 8 
          8   80000000: 2190 633 634 635 
          4   40000000: 2033 1872 56 57 36 369 364 21 
          1   10000000: 2191 846 847 501 502 4 503 504 505 221 222 640 641 633 634 635 
          1   10000000: 2192 144 145 369 364 21 
          2   20000000: 1479 576 501 502 4 503 504 505 418 659 641 633 634 635 
          2   20000000: 2193 303 227 228 640 641 633 634 635 
          3   30000000: 2194 220 221 222 640 641 633 634 635 
          4   40000000: 2195 56 57 36 369 364 21 
          7   70000000: 2196 678 308 238 640 641 633 634 635 
          3   30000000: 2065 646 4 647 807 282 805 7 8 
          1   10000000: 2197 185 86 633 634 635 
          1   10000000: 2198 222 640 641 633 634 635 
          1   10000000: 2199 359 360 525 296 4 297 298 299 300 113 643 633 634 635 
          1   10000000: 2200 222 640 641 633 634 635 
          1   10000000: 2201 965 2202 501 502 4 503 504 505 221 222 640 641 633 634 635 
          2   20000000: 1795 933 646 4 647 807 282 805 7 8 
          1   10000000: 2203 23 12 7 8 
          1   10000000: 832 645 646 4 647 648 1244 238 640 641 633 634 635 
          1   10000000: 1145 645 646 4 647 807 282 805 7 8 
          1   10000000: 2204 366 364 21 
          7   70000000: 2205 220 221 222 640 641 633 634 635 
          1   10000000: 2206 2207 185 39 
          1   10000000: 2208 2209 2210 2132 1916 
          1   10000000: 2211 2212 211 43 44 1536 1537 60 369 851 852 
          1   10000000: 2213 352 158 18 19 369 364 21 
          1   10000000: 2214 2 279 4 5 
          1   10000000: 15 16 383 366 851 852 
          5   50000000: 2215 417 418 659 641 633 634 635 
          2   20000000: 2216 302 303 227 228 640 641 633 634 635 
          1   10000000: 149 70 71 633 634 635 
          7   70000000: 2217 417 418 659 641 633 634 635 
          1   10000000: 2218 1938 1537 60 20 21 
          2   20000000: 2219 7 8 
          1   10000000: 2220 14 7 8 
          1   10000000: 2221 400 60 20 21 
          3   30000000: 2222 231 232 640 641 633 634 635 
          1   10000000: 2223 183 184 185 86 633 634 635 
          1   10000000: 2224 145 369 364 21 
          1   10000000: 2225 14 7 8 
          6   60000000: 2226 228 640 641 633 634 635 
          1   10000000: 2227 86 633 634 635 
          1   10000000: 2228 527 60 20 21 
          1   10000000: 2229 60 20 21 
          5   50000000: 198 295 296 4 297 298 299 300 113 643 633 634 635 
          1   10000000: 1781 1374 337 338 480 417 418 659 641 633 634 635 
          3   30000000: 2230 595 337 338 480 417 418 659 641 633 634 635 
          2   20000000: 2231 57 36 369 364 21 
          1   10000000: 2232 273 2 279 4 5 
          1   10000000: 2233 646 4 647 648 705 228 640 641 633 634 635 
          2   20000000: 2234 633 634 635 
          1   10000000: 2235 1191 624 874 
          1   10000000: 2236 362 363 364 21 
          2   20000000: 317 23 14 7 8 
          2   20000000: 2237 222 640 641 633 634 635 
          1   10000000: 2238 7 8 
          1   10000000: 1871 1413 369 364 21 
          2   20000000: 2239 86 633 634 635 
          9   90000000: 2240 2 279 4 5 
          2   20000000: 2241 635 
          2   20000000: 63 383 525 296 4 297 298 299 300 113 643 633 634 635 
          5   50000000: 2242 302 303 227 228 640 641 633 634 635 
          1   10000000: 1022 2243 2244 4 2245 2118 2119 417 418 659 641 633 634 635 
          4   40000000: 2246 1667 34 35 36 369 364 21 
          1   10000000: 2247 427 364 21 
          1   10000000: 2248 35 36 369 364 21 
          1   10000000: 2249 417 418 659 641 633 634 635 
          2   20000000: 387 576 501 502 4 503 504 505 221 222 640 641 633 634 635 
          1   10000000: 2250 102 164 36 369 364 21 
          1   10000000: 2251 14 7 8 
          2   20000000: 2252 7 8 
          1   10000000: 2253 
          1   10000000: 1614 102 103 19 20 21 
          1   10000000: 2254 300 113 114 
          1   10000000: 2255 633 634 635 
          3   30000000: 168 11 14 7 8 
          1   10000000: 2256 1667 34 35 36 369 364 21 
          1   10000000: 1817 31 32 40 36 369 364 21 
          1   10000000: 2257 111 48 
          2   20000000: 1558 669 47 48 
          2   20000000: 2258 302 303 227 228 640 641 633 634 635 
          1   10000000: 2259 585 499 622 279 4 5 
          1   10000000: 2260 2261 965 966 501 502 4 503 504 505 221 222 640 641 633 634 635 
          1   10000000: 1076 2262 4 2263 1916 
          1   10000000: 2264 302 303 227 228 640 641 633 634 635 
          1   10000000: 2265 281 282 1005 7 8 
          3   30000000: 2266 220 221 222 640 641 633 634 635 
          1   10000000: 2267 14 7 8 
          1   10000000: 2268 598 2269 2115 4 2116 2117 2118 2119 417 418 659 641 633 634 635 
          3   30000000: 140 12 7 8 
          1   10000000: 894 645 646 4 647 807 282 805 7 8 
          2   20000000: 2270 1312 1139 1140 1141 4 1142 624 874 
          1   10000000: 2271 511 60 20 21 
          5   50000000: 2272 228 640 641 633 634 635 
          1   10000000: 2273 220 221 222 640 641 633 634 635 
          6   60000000: 1874 366 364 21 
          1   10000000: 2274 2275 501 502 4 503 504 505 221 222 640 641 633 634 635 
          2   20000000: 2276 324 20 21 
          1   10000000: 2277 297 298 299 300 113 643 633 634 635 
          3   30000000: 2278 645 646 4 647 807 282 1005 7 8 
          2   20000000: 2279 282 805 7 8 
          1   10000000: 2280 1042 338 1117 220 221 222 640 641 633 634 635 
          1   10000000: 1012 575 2 279 4 5 
          1   10000000: 50 51 12 7 8 
          1   10000000: 942 418 659 641 633 634 635 
          2   20000000: 2281 366 364 21 
          1   10000000: 182 617 618 446 447 279 4 5 
          1   10000000: 2282 511 60 369 364 21 
          1   10000000: 2283 199 21 
          6   60000000: 415 416 417 418 659 641 633 634 635 
          1   10000000: 1475 933 646 4 647 807 282 805 7 8 
          1   10000000: 1878 144 145 369 364 21 
          2   20000000: 2284 231 232 640 641 633 634 635 
          4   40000000: 93 10 11 14 7 8 
          2   20000000: 2285 273 2 279 4 5 
          1   10000000: 2286 12 7 8 
          1   10000000: 1015 75 633 634 635 
          1   10000000: 1615 10 11 14 7 8 
          1   10000000: 2287 1562 1563 874 
          3   30000000: 1057 383 366 364 21 
          1   10000000: 2288 282 805 7 8 
          1   10000000: 2289 646 4 647 648 1013 231 232 640 641 633 634 635 
          1   10000000: 182 16 875 299 300 113 643 633 634 635 
          1   10000000: 2290 640 641 633 634 635 
          1   10000000: 2083 281 282 283 8 
          1   10000000: 2291 4 647 807 282 805 7 8 
          4   40000000: 2292 416 417 418 659 641 633 634 635 
          3   30000000: 2293 227 228 640 641 633 634 635 
          2   20000000: 1907 282 1005 7 8 
          1   10000000: 2064 646 647 648 1392 145 369 364 21 
          1   10000000: 2294 23 12 7 8 
          1   10000000: 2295 1185 232 640 641 633 634 635 
          1   10000000: 2296 60 20 21 
          2   20000000: 2297 477 4 478 479 336 337 338 480 417 418 659 641 633 634 635 
          1   10000000: 1608 645 646 4 647 648 1244 238 640 641 633 634 635 
          1   10000000: 2298 1853 810 811 185 86 633 634 635 
          3   30000000: 2299 416 417 418 659 641 633 634 635 
          5   50000000: 2300 641 633 634 635 
          1   10000000: 1503 143 144 145 369 364 21 
          1   10000000: 2301 228 640 641 633 634 635 
          1   10000000: 2302 220 221 222 640 641 633 634 635 
          1   10000000: 63 2303 873 624 874 
          2   20000000: 2304 299 300 113 643 633 634 635 
          1   10000000: 2120 1316 164 36 369 364 21 
          1   10000000: 806 646 647 648 1392 145 369 364 21 
          1   10000000: 2305 511 60 20 21 
          1   10000000: 2306 2047 282 1005 7 8 
          2   20000000: 2307 1176 8 
          1   10000000: 2308 633 634 635 
          1   10000000: 1579 262 185 86 633 634 635 
          1   10000000: 2309 60 20 21 
          1   10000000: 2310 751 299 300 113 114 
          1   10000000: 2311 220 221 222 640 641 633 634 635 
          3   30000000: 63 17 18 19 369 364 21 
          1   10000000: 182 16 17 18 19 369 364 21 
          1   10000000: 2312 36 369 364 21 
          1   10000000: 2174 751 299 300 113 643 633 634 635 
          1   10000000: 2152 438 296 4 297 298 299 300 113 643 633 634 635 
          1   10000000: 24 31 133 134 1938 1537 60 20 21 
          4   40000000: 1565 12 7 8 
          1   10000000: 2313 228 640 641 633 634 635 
          1   10000000: 2314 14 7 8 
          2   20000000: 2315 1157 111 48 
          1   10000000: 2316 805 7 8 
          1   10000000: 1430 576 501 502 4 503 504 505 221 222 640 641 633 634 635 
          2   20000000: 1792 751 299 300 113 643 633 634 635 
          3   30000000: 2278 575 2 279 4 5 
          2   20000000: 2317 633 634 635 
          2   20000000: 2318 228 640 641 633 634 635 
          1   10000000: 2319 14 7 8 
          1   10000000: 2320 977 47 48 
          1   10000000: 2321 362 1316 103 19 20 21 
          1   10000000: 2322 102 164 36 369 364 21 
          6   60000000: 892 657 678 308 238 640 641 633 634 635 
          4   40000000: 198 295 296 4 297 298 299 300 113 114 
          2   20000000: 2323 417 418 659 641 633 634 635 
          2   20000000: 1052 933 646 4 647 807 282 805 7 8 
          2   20000000: 2324 228 640 641 633 634 635 
          1   10000000: 2325 1872 56 57 36 369 364 21 
          1   10000000: 872 2129 624 874 
          5   50000000: 2326 302 303 227 228 640 641 633 634 635 
          1   10000000: 1520 113 75 633 634 635 
          1   10000000: 2327 34 35 36 369 364 21 
          1   10000000: 2328 
          5   50000000: 2329 825 60 20 21 
          1   10000000: 2330 21 
          1   10000000: 536 102 164 36 369 364 21 
          2   20000000: 1585 652 231 232 640 641 633 634 635 
          2   20000000: 2331 575 2 279 4 5 
          1   10000000: 2332 416 417 418 659 641 633 634 635 
          6   60000000: 814 652 231 232 640 641 633 634 635 
          2   20000000: 2333 145 369 364 21 
          1   10000000: 1725 221 222 640 641 633 634 635 
          2   20000000: 253 36 369 364 21 
          2   20000000: 1807 23 12 7 8 
          5   50000000: 2334 1372 185 86 633 634 635 
          1   10000000: 2335 1116 480 417 418 659 641 633 634 635 
          1   10000000: 978 282 283 8 
          2   20000000: 2336 8 
          2   20000000: 858 230 231 232 640 641 633 634 635 
          1   10000000: 2337 228 640 641 633 634 635 
          1   10000000: 2338 185 39 
          1   10000000: 1011 575 576 501 502 4 503 504 505 221 222 640 641 633 634 635 
          1   10000000: 1814 725 2 279 4 5 
          1   10000000: 2339 511 60 369 364 21 
          1   10000000: 2340 69 19 20 21 
          1   10000000: 108 669 47 48 
          2   20000000: 2341 145 369 364 21 
          1   10000000: 2342 231 232 640 641 633 634 635 
          4   40000000: 2343 273 2 279 4 5 
          1   10000000: 1092 143 144 324 20 21 
          1   10000000: 1326 646 4 647 648 649 308 238 640 641 633 634 635 
          1   10000000: 1886 646 4 647 807 282 1005 7 8 
          2   20000000: 907 12 7 8 
          2   20000000: 2203 11 14 7 8 
          1   10000000: 2344 7 8 
          1   10000000: 2345 57 36 369 364 21 
          1   10000000: 1830 1460 810 811 185 86 633 634 635 
          3   30000000: 255 633 634 635 
          2   20000000: 2346 228 640 641 633 634 635 
          1   10000000: 2347 810 811 185 39 
          1   10000000: 2348 282 805 7 8 
          1   10000000: 1688 282 1005 7 8 
          1   10000000: 2349 296 4 297 298 299 300 113 643 633 634 635 
          1   10000000: 2350 633 634 635 
          1   10000000: 1705 2351 1563 874 
          4   40000000: 58 33 18 19 20 21 
          1   10000000: 763 875 299 300 113 75 633 634 635 
          1   10000000: 1785 624 874 
          2   20000000: 1795 933 646 4 647 807 282 1005 7 8 
          1   10000000: 704 645 646 4 647 648 735 227 228 640 641 633 634 635 
          1   10000000: 2352 624 874 
          1   10000000: 2297 477 4 478 479 336 337 338 1117 220 221 222 640 641 633 634 635 
          3   30000000: 1832 11 12 7 8 
          7   70000000: 2353 220 221 222 640 641 633 634 635 
          4   40000000: 1118 273 2 279 4 5 
          2   20000000: 1583 14 7 8 
          1   10000000: 2354 228 640 641 633 634 635 
          1   10000000: 2355 369 364 21 
          2   20000000: 2356 1041 1042 338 1117 220 221 222 640 641 633 634 635 
          2   20000000: 2357 780 222 640 641 633 634 635 
          1   10000000: 2064 646 4 647 648 1244 238 640 641 633 634 635 
          1   10000000: 2358 874 
          1   10000000: 1614 102 103 19 1559 21 
          1   10000000: 1346 500 501 502 4 503 504 505 221 222 640 641 633 634 635 
          1   10000000: 24 25 361 362 2359 850 60 20 21 
          2   20000000: 2360 220 221 222 640 641 633 634 635 
          1   10000000: 1067 705 228 640 641 633 634 635 
          1   10000000: 329 10 669 47 48 
          2   20000000: 2361 646 4 647 807 282 805 7 8 
          1   10000000: 978 282 1176 8 
          1   10000000: 2362 35 36 369 364 21 
          1   10000000: 2363 417 418 659 641 633 634 635 
          1   10000000: 2364 48 
          2   20000000: 2365 20 21 
          2   20000000: 832 645 646 4 647 807 282 1005 7 8 
          1   10000000: 2366 185 86 633 634 635 
          1   10000000: 2367 51 14 7 8 
          1   10000000: 533 17 18 19 369 364 21 
          1   10000000: 2368 34 35 36 369 364 21 
         13  130000000: 2369 302 303 227 228 640 641 633 634 635 
          3   30000000: 2370 641 633 634 635 
          2   20000000: 2371 281 282 1005 7 8 
          3   30000000: 2372 622 279 4 5 
          2   20000000: 2373 364 21 
          2   20000000: 1874 525 296 4 297 298 299 300 113 643 633 634 635 
          3   30000000: 2374 
          4   40000000: 602 575 576 501 502 4 503 504 505 221 222 640 641 633 634 635 
          1   10000000: 1824 1081 417 418 659 641 633 634 635 
          2   20000000: 1380 11 12 7 8 
          1   10000000: 1101 70 71 633 634 635 
          6   60000000: 2375 220 221 222 640 641 633 634 635 
          1   10000000: 2376 2377 624 874 
          1   10000000: 2120 726 18 19 369 364 21 
          2   20000000: 1614 102 164 36 369 364 21 
          1   10000000: 2378 370 364 21 
          1   10000000: 2379 56 57 36 369 364 21 
          1   10000000: 2380 645 646 4 647 807 282 1176 8 
          1   10000000: 2381 42 43 212 36 369 364 21 
          2   20000000: 2382 228 640 641 633 634 635 
          1   10000000: 2383 725 2 279 4 5 
          3   30000000: 2384 12 7 8 
          2   20000000: 2385 1157 111 48 
          2   20000000: 160 276 
          1   10000000: 1040 2129 624 874 
          3   30000000: 1436 26 69 19 20 21 
          1   10000000: 2386 360 366 364 21 
          2   20000000: 704 645 646 4 647 648 1185 232 640 641 633 634 635 
          1   10000000: 2387 303 227 228 640 641 633 634 635 
          1   10000000: 2388 308 238 640 641 633 634 635 
          4   40000000: 2389 221 222 640 641 633 634 635 
          1   10000000: 2390 977 47 48 
          1   10000000: 2391 1534 2269 2115 4 2116 2117 2118 2119 417 418 659 641 633 634 635 
          3   30000000: 1408 113 643 633 634 635 
          1   10000000: 2392 273 2 279 4 5 
          2   20000000: 2393 633 634 635 
          2   20000000: 2394 501 502 4 503 504 505 221 222 640 641 633 634 635 
          1   10000000: 1322 282 1005 7 8 
          1   10000000: 2395 641 633 634 635 
          1   10000000: 2367 51 12 7 8 
          1   10000000: 2396 282 805 7 8 
          1   10000000: 2397 496 279 4 5 
          1   10000000: 2259 575 2 279 4 5 
          1   10000000: 2398 8 
          1   10000000: 2399 645 646 4 647 648 1244 238 640 641 633 634 635 
          1   10000000: 2400 1667 34 35 36 369 364 21 
          1   10000000: 2401 
          1   10000000: 2402 1562 1563 874 
          1   10000000: 1579 1994 308 238 640 641 633 634 635 
          2   20000000: 204 10 23 12 7 8 
          1   10000000: 2403 7 8 
          2   20000000: 1744 282 283 8 
          2   20000000: 270 51 70 71 633 634 635 
          1   10000000: 2404 352 158 18 19 20 21 
          1   10000000: 2086 576 501 502 4 503 504 505 418 659 641 633 634 635 
          1   10000000: 2316 1005 7 8 
          1   10000000: 1789 1028 672 302 303 227 228 640 641 633 634 635 
          1   10000000: 2405 299 300 113 643 633 634 635 
          2   20000000: 2163 652 231 232 640 641 633 634 635 
          1   10000000: 2406 302 303 227 228 640 641 633 634 635 
          1   10000000: 1788 12 7 8 
          1   10000000: 2407 23 12 7 8 
          1   10000000: 2408 231 232 640 641 633 634 635 
          4   40000000: 2409 641 633 634 635 
          1   10000000: 2410 1018 337 338 480 417 418 659 641 633 634 635 
          1   10000000: 1268 281 282 1005 7 8 
          1   10000000: 2411 477 4 478 479 336 337 338 1117 220 221 222 640 641 633 634 635 
          1   10000000: 2412 282 805 7 8 
          1   10000000: 2413 2047 282 283 8 
          2   20000000: 2414 418 659 641 633 634 635 
          1   10000000: 516 517 180 34 35 36 20 21 
          1   10000000: 2002 18 19 369 364 21 
          1   10000000: 2415 12 7 8 
          4   40000000: 2416 633 634 635 
          1   10000000: 2417 1667 34 35 36 369 364 21 
          1   10000000: 24 25 361 362 1316 103 19 369 364 21 
          1   10000000: 2000 652 231 232 640 641 633 634 635 
          1   10000000: 2418 417 418 659 641 633 634 635 
          2   20000000: 2419 12 7 8 
          2   20000000: 2420 400 60 20 21 
          1   10000000: 63 102 103 19 369 364 21 
          3   30000000: 1034 282 1005 7 8 
          3   30000000: 2421 220 221 222 640 641 633 634 635 
          1   10000000: 2422 499 500 501 502 4 503 504 505 221 222 640 641 633 634 635 
          2   20000000: 2423 220 221 222 640 641 633 634 635 
          2   20000000: 2424 102 164 36 369 364 21 
          1   10000000: 2425 228 640 641 633 634 635 
          1   10000000: 2426 20 21 
          1   10000000: 2427 42 43 212 36 369 364 21 
          1   10000000: 2428 1116 480 417 418 659 641 633 634 635 
          1   10000000: 2429 7 8 
          1   10000000: 2430 672 302 303 227 228 640 641 633 634 635 
          1   10000000: 2431 933 646 4 647 807 282 805 7 8 
          2   20000000: 2432 416 417 418 659 641 633 634 635 
          1   10000000: 655 23 14 7 8 
          1   10000000: 2433 751 299 300 113 75 633 634 635 
          1   10000000: 2434 78 79 633 634 635 
          4   40000000: 141 51 12 7 8 
          1   10000000: 278 281 282 805 7 8 
          1   10000000: 2435 825 60 20 21 
          3   30000000: 2436 185 86 633 634 635 
          1   10000000: 2437 36 369 364 21 
          2   20000000: 516 517 17 18 19 20 21 
          1   10000000: 2438 622 279 4 5 
          2   20000000: 2439 232 640 641 633 634 635 
          2   20000000: 2440 228 640 641 633 634 635 
          1   10000000: 1268 273 576 501 502 4 503 504 505 221 222 640 641 633 634 635 
          1   10000000: 2441 282 1005 7 8 
          1   10000000: 2442 7 8 
          3   30000000: 2443 302 303 227 228 640 641 633 634 635 
          1   10000000: 2444 527 60 369 364 21 
          2   20000000: 2389 418 659 641 633 634 635 
          1   10000000: 2445 575 2 279 4 5 
          1   10000000: 620 273 2 279 4 5 
          4   40000000: 2446 2 279 4 5 
          4   40000000: 2447 641 633 634 635 
          2   20000000: 2448 641 633 634 635 
          1   10000000: 320 211 43 212 36 1818 1819 852 
          1   10000000: 2449 364 21 
          1   10000000: 2450 1041 1042 338 480 417 418 659 641 633 634 635 
          2   20000000: 2451 664 4 665 666 417 418 659 641 633 634 635 
          1   10000000: 2452 977 47 48 
          3   30000000: 2093 221 222 640 641 633 634 635 
          1   10000000: 2453 618 446 447 279 4 5 
          1   10000000: 2454 2455 646 647 2456 501 502 4 503 504 505 221 222 640 641 633 634 635 
          1   10000000: 1226 281 282 1005 7 8 
          2   20000000: 1338 282 1005 7 8 
          2   20000000: 2457 427 364 21 
          1   10000000: 2458 36 369 364 21 
          1   10000000: 1232 1233 1041 1042 338 480 417 418 659 641 633 634 635 
          1   10000000: 2413 2047 282 805 7 8 
          1   10000000: 2459 103 19 20 21 
          2   20000000: 243 19 369 364 21 
          1   10000000: 2460 184 185 86 633 634 635 
          1   10000000: 1615 10 669 47 48 
          4   40000000: 2461 643 633 634 635 
          1   10000000: 2462 663 664 4 665 666 417 418 659 641 633 634 635 
          1   10000000: 87 977 47 48 
          1   10000000: 668 39 
          2   20000000: 2463 220 221 222 640 641 633 634 635 
          1   10000000: 2464 486 1139 1140 1141 4 1142 624 874 
          2   20000000: 2465 21 
          1   10000000: 832 645 646 4 647 807 282 805 7 8 
          1   10000000: 2466 273 2 279 4 5 
          1   10000000: 2467 144 145 369 364 21 
          1   10000000: 978 282 1005 7 8 
          2   20000000: 2468 538 335 336 337 338 480 417 418 659 641 633 634 635 
          1   10000000: 2065 646 4 647 648 2469 641 633 634 635 
          1   10000000: 2470 498 499 622 279 4 5 
          1   10000000: 24 31 133 134 2471 477 4 478 479 336 337 338 1117 220 221 222 640 641 633 634 635 
          2   20000000: 2472 364 21 
          1   10000000: 2473 496 279 4 5 
          1   10000000: 2474 144 145 369 364 21 
          2   20000000: 2475 417 418 659 641 633 634 635 
          1   10000000: 2476 2477 338 480 417 418 659 641 633 634 635 
          1   10000000: 2478 1938 1537 60 20 21 
          3   30000000: 2479 273 2 279 4 5 
          1   10000000: 2480 646 4 647 807 282 1005 7 8 
          3   30000000: 2481 279 4 5 
          1   10000000: 2482 2483 2484 2483 2485 445 446 447 279 4 5 
          1   10000000: 2486 645 646 4 647 648 2469 641 633 634 635 
          1   10000000: 2487 501 502 4 503 504 505 221 222 640 641 633 634 635 
          1   10000000: 2480 646 647 648 916 43 212 36 369 364 21 
          1   10000000: 1145 645 646 4 647 648 1185 232 640 641 633 634 635 
          1   10000000: 250 977 47 48 
          1   10000000: 15 16 17 1536 1537 60 369 851 852 
          1   10000000: 2203 23 14 7 8 
          1   10000000: 2488 1244 238 640 641 633 634 635 
          2   20000000: 2489 228 640 641 633 634 635 
          1   10000000: 2490 7 8 
          1   10000000: 2491 228 640 641 633 634 635 
          1   10000000: 2492 69 19 20 21 
          1   10000000: 2493 26 27 34 35 36 369 364 21 
          1   10000000: 2494 352 158 18 19 20 21 
          1   10000000: 2495 7 8 
          1   10000000: 2294 23 14 7 8 
          2   20000000: 2496 646 4 647 807 282 805 7 8 
          1   10000000: 2037 2497 1674 337 338 480 417 418 659 641 633 634 635 
          2   20000000: 1478 664 4 665 1318 220 221 222 640 641 633 634 635 
          1   10000000: 2498 2047 282 1005 7 8 
          1   10000000: 316 75 633 634 635 
          1   10000000: 2044 92 11 12 7 8 
          3   30000000: 638 33 18 19 369 364 21 
          1   10000000: 2499 447 279 4 5 
          1   10000000: 2500 282 1532 633 634 635 
          1   10000000: 2501 1316 164 36 369 364 21 
          2   20000000: 2502 220 221 222 640 641 633 634 635 
          1   10000000: 724 933 646 4 647 807 282 1005 7 8 
          1   10000000: 1833 273 576 501 502 4 503 504 505 221 222 640 641 633 634 635 
          1   10000000: 2503 1964 622 279 4 5 
          1   10000000: 655 23 12 7 8 
          1   10000000: 2504 113 643 633 634 635 
          3   30000000: 1889 1890 338 480 417 418 659 641 633 634 635 
          1   10000000: 2309 60 369 364 21 
          2   20000000: 2505 417 418 659 641 633 634 635 
          1   10000000: 2506 7 8 
          1   10000000: 2507 1041 1042 338 480 417 418 659 641 633 634 635 
          1   10000000: 2508 657 652 231 232 640 641 633 634 635 
          1   10000000: 1370 645 646 4 647 807 282 1005 7 8 
          2   20000000: 1432 657 678 308 238 640 641 633 634 635 
          1   10000000: 2509 2510 2511 2512 279 4 5 
          1   10000000: 1308 10 11 12 7 8 
          1   10000000: 773 114 
          1   10000000: 1579 690 672 302 303 227 228 640 641 633 634 635 
          1   10000000: 2513 19 20 21 
          1   10000000: 2514 60 20 21 
          1   10000000: 704 645 646 4 647 648 2515 751 299 300 113 643 633 634 635 
          1   10000000: 516 517 17 18 19 369 364 21 
          3   30000000: 2516 303 227 228 640 641 633 634 635 
          1   10000000: 2069 582 501 502 4 503 504 505 418 659 641 633 634 635 
          1   10000000: 2517 370 364 21 
          1   10000000: 2518 2377 1674 337 338 480 417 418 659 641 633 634 635 
          1   10000000: 2519 575 2 279 4 5 
          1   10000000: 2520 279 4 5 
          1   10000000: 2521 273 2 279 4 5 
          3   30000000: 2522 34 35 36 369 364 21 
          1   10000000: 316 114 
          1   10000000: 2523 34 35 36 369 364 21 
          1   10000000: 1778 663 664 4 665 1318 220 221 222 640 641 633 634 635 
          1   10000000: 2331 575 576 501 502 4 503 504 505 221 222 640 641 633 634 635 
          1   10000000: 2524 2525 2 279 4 5 
          1   10000000: 24 25 26 69 19 1818 1819 852 
          2   20000000: 1326 646 647 648 2526 145 369 364 21 
          1   10000000: 2527 1312 1139 1140 1141 4 1142 624 874 
          1   10000000: 2528 27 34 35 36 369 364 21 
          1   10000000: 2529 180 34 35 36 369 364 21 
          1   10000000: 2530 856 308 238 640 641 633 634 635 
          1   10000000: 749 736 672 302 303 227 228 640 641 633 634 635 
          1   10000000: 2531 17 18 19 369 364 21 
          1   10000000: 2343 273 576 501 502 4 503 504 505 221 222 640 641 633 634 635 
          1   10000000: 516 517 1938 1537 60 20 21 
          1   10000000: 122 69 19 369 364 21 
          1   10000000: 2532 35 36 369 364 21 
          2   20000000: 112 113 643 633 634 635 
          1   10000000: 2533 646 4 647 648 1185 232 640 641 633 634 635 
          1   10000000: 2534 185 86 633 634 635 
          1   10000000: 2535 822 823 824 825 60 20 21 
          1   10000000: 2536 447 279 4 5 
          4   40000000: 2537 416 417 418 659 641 633 634 635 
          1   10000000: 2538 641 633 634 635 
          1   10000000: 2539 417 418 659 641 633 634 635 
          2   20000000: 2540 417 418 659 641 633 634 635 
          1   10000000: 106 633 634 635 
          1   10000000: 1370 645 2087 1933 850 60 20 21 
          4   40000000: 2541 302 303 227 228 640 641 633 634 635 
          1   10000000: 1832 669 47 48 
          2   20000000: 1212 576 501 502 4 503 504 505 221 222 640 641 633 634 635 
          1   10000000: 1373 1136 337 338 480 417 418 659 641 633 634 635 
          1   10000000: 2542 302 303 227 228 640 641 633 634 635 
          1   10000000: 536 17 18 19 20 21 
          1   10000000: 2543 362 1316 103 19 20 21 
          1   10000000: 1075 185 39 
          1   10000000: 98 363 364 21 
          1   10000000: 2544 2545 1224 4 1225 666 417 418 659 641 633 634 635 
          2   20000000: 2546 417 418 659 641 633 634 635 
          2   20000000: 2547 185 86 633 634 635 
          1   10000000: 63 849 850 60 20 21 
          2   20000000: 2548 417 418 659 641 633 634 635 
          1   10000000: 2549 18 19 20 21 
          2   20000000: 2550 364 21 
          1   10000000: 1780 645 646 4 647 648 2469 641 633 634 635 
          1   10000000: 1833 281 282 805 7 8 
          1   10000000: 685 2551 452 453 445 446 447 279 4 5 
          2   20000000: 1118 281 282 1005 7 8 
          1   10000000: 2552 1312 1139 1140 1141 4 1142 624 874 
          1   10000000: 1558 23 12 7 8 
          1   10000000: 2553 2554 447 279 4 5 
          1   10000000: 1812 875 299 300 113 75 633 634 635 
          1   10000000: 2555 302 303 227 228 640 641 633 634 635 
          2   20000000: 2556 7 8 
          1   10000000: 2557 498 499 622 279 4 5 
          1   10000000: 1795 933 646 4 647 648 2469 641 633 634 635 
          1   10000000: 2558 2559 2030 810 811 185 86 633 634 635 
          1   10000000: 2560 111 48 
          2   20000000: 2561 947 633 634 635 
          1   10000000: 2562 400 60 20 21 
          1   10000000: 1270 725 2 279 4 5 
          1   10000000: 2563 145 369 364 21 
          1   10000000: 2564 296 4 297 298 299 300 113 75 633 634 635 
          1   10000000: 2565 498 499 622 279 4 5 
          1   10000000: 741 43 212 36 369 364 21 
          1   10000000: 644 645 646 4 647 648 705 228 640 641 633 634 635 
          1   10000000: 2094 383 366 364 21 
          4   40000000: 2566 238 640 641 633 634 635 
          1   10000000: 1685 745 477 4 478 479 336 337 338 1117 220 221 222 640 641 633 634 635 
          1   10000000: 1326 646 4 647 648 2567 1853 810 811 185 86 633 634 635 
          2   20000000: 2568 220 221 222 640 641 633 634 635 
          1   10000000: 1293 144 145 369 364 21 
          1   10000000: 2569 36 369 364 21 
          1   10000000: 680 582 501 502 4 503 504 505 418 659 641 633 634 635 
          1   10000000: 2570 2571 480 417 418 659 641 633 634 635 
          1   10000000: 2295 1392 145 369 364 21 
          1   10000000: 2004 282 1176 8 
          1   10000000: 24 25 26 609 610 4 611 1318 220 221 222 640 641 633 634 635 
          1   10000000: 2572 
          1   10000000: 1631 645 646 647 648 1392 145 369 364 21 
          1   10000000: 1052 933 646 4 647 648 705 228 640 641 633 634 635 
          1   10000000: 685 645 646 4 647 648 735 227 228 640 641 633 634 635 
          1   10000000: 1523 23 14 7 8 
          3   30000000: 1067 916 43 212 36 369 364 21 
          2   20000000: 1682 1042 338 1117 220 221 222 640 641 633 634 635 
          2   20000000: 2251 12 7 8 
          1   10000000: 864 33 18 19 369 364 21 
          1   10000000: 2573 400 60 20 21 
          1   10000000: 2574 2207 185 86 633 634 635 
          1   10000000: 2518 2057 745 477 4 478 479 336 337 338 480 417 418 659 641 633 634 635 
          1   10000000: 2575 
          1   10000000: 2576 1116 1117 220 221 222 640 641 633 634 635 
          1   10000000: 1693 19 369 364 21 
          1   10000000: 2577 576 501 502 4 503 504 505 221 222 640 641 633 634 635 
          1   10000000: 2578 20 21 
          1   10000000: 1011 575 2 279 4 5 
          1   10000000: 995 933 646 4 647 807 282 805 7 8 
          2   20000000: 1508 645 646 4 647 807 282 1005 7 8 
          1   10000000: 2486 645 646 4 647 648 705 228 640 641 633 634 635 
          1   10000000: 2579 480 417 418 659 641 633 634 635 
          1   10000000: 2580 447 279 4 5 
          1   10000000: 2581 751 299 300 113 114 
          1   10000000: 2582 220 221 222 640 641 633 634 635 
          1   10000000: 201 2186 299 300 113 114 
          1   10000000: 1165 337 338 1117 220 221 222 640 641 633 634 635 
          2   20000000: 2583 303 227 228 640 641 633 634 635 
          1   10000000: 2424 17 18 19 20 21 
          1   10000000: 526 102 164 36 369 364 21 
          1   10000000: 2584 505 418 659 641 633 634 635 
          1   10000000: 2585 185 86 633 634 635 
          1   10000000: 2586 1018 337 338 480 417 418 659 641 633 634 635 
          1   10000000: 317 11 14 7 8 
          1   10000000: 2587 60 20 21 
          1   10000000: 2536 582 501 502 4 503 504 505 221 222 640 641 633 634 635 
          1   10000000: 2588 27 34 35 36 369 364 21 
          1   10000000: 2589 874 
          1   10000000: 777 70 71 633 634 635 
          1   10000000: 2590 51 14 7 8 
          2   20000000: 2591 640 641 633 634 635 
          1   10000000: 1754 646 4 647 648 2592 963 810 811 185 86 633 634 635 
          1   10000000: 2593 2 279 4 5 
          1   10000000: 2594 43 212 36 369 364 21 
          1   10000000: 1252 645 646 4 647 807 282 805 7 8 
          1   10000000: 2419 14 7 8 
          1   10000000: 2595 1013 231 232 640 641 633 634 635 
          1   10000000: 2596 228 640 641 633 634 635 
          1   10000000: 1521 273 2 274 4 5 
          1   10000000: 917 933 646 4 647 648 1013 231 232 640 641 633 634 635 
          1   10000000: 2597 1749 477 4 478 479 336 337 338 480 417 418 659 641 633 634 635 
          1   10000000: 2598 273 2 279 4 5 
          1   10000000: 891 369 364 21 
          2   20000000: 196 10 11 12 7 8 
          2   20000000: 2599 34 35 36 369 364 21 
          1   10000000: 2287 1136 337 338 480 417 418 659 641 633 634 635 
          1   10000000: 1567 383 366 364 21 
          1   10000000: 2600 1139 1140 1141 1142 2601 2602 2212 2603 2604 2605 4 2606 2132 1916 
          2   20000000: 2607 228 640 641 633 634 635 
          1   10000000: 915 645 646 4 647 807 282 805 7 8 
          2   20000000: 819 751 299 300 113 114 
          1   10000000: 2608 1945 575 2 279 4 5 
          1   10000000: 1426 12 7 8 
          1   10000000: 2609 8 
          1   10000000: 2610 641 633 634 635 
          1   10000000: 864 40 36 369 851 852 
          1   10000000: 2611 220 221 222 640 641 633 634 635 
          1   10000000: 2612 947 633 634 635 
          1   10000000: 2613 635 
          1   10000000: 24 25 26 2614 850 60 20 21 
          2   20000000: 2615 279 4 5 
          1   10000000: 2616 2047 282 1005 7 8 
          1   10000000: 2064 646 4 647 807 282 805 7 8 
          2   20000000: 2356 1041 1042 338 480 417 418 659 641 633 634 635 
          1   10000000: 1937 652 231 232 640 641 633 634 635 
          1   10000000: 2617 2618 618 446 447 279 4 5 
          1   10000000: 2619 501 502 4 503 504 505 221 222 640 641 633 634 635 
          1   10000000: 2620 26 27 34 35 36 369 364 21 
          1   10000000: 1339 1191 624 1633 1018 337 338 1117 220 221 222 640 641 633 634 635 
          1   10000000: 1940 933 646 4 647 807 282 805 7 8 
          1   10000000: 2105 1562 1563 874 
          1   10000000: 2621 810 811 185 86 633 634 635 
          1   10000000: 2622 447 279 4 5 
          1   10000000: 2623 8 
          1   10000000: 2500 282 1005 7 8 
          1   10000000: 2001 60 369 364 21 
          1   10000000: 2105 1562 1563 1633 1018 337 338 480 417 418 659 641 633 634 635 
          3   30000000: 2624 220 221 222 640 641 633 634 635 
          2   20000000: 2625 308 238 640 641 633 634 635 
          1   10000000: 1741 11 12 7 8 
          1   10000000: 2626 231 232 640 641 633 634 635 
          1   10000000: 1326 646 4 647 648 2469 641 633 634 635 
          3   30000000: 2627 222 640 641 633 634 635 
          1   10000000: 2628 296 4 297 298 299 300 113 643 633 634 635 
          1   10000000: 2629 824 825 60 20 21 
          1   10000000: 2325 1413 20 21 
          1   10000000: 2630 36 369 364 21 
          1   10000000: 2631 525 296 4 297 298 299 300 113 643 633 634 635 
          1   10000000: 2632 20 21 
          1   10000000: 607 582 501 502 4 503 504 505 221 222 640 641 633 634 635 
          1   10000000: 2633 
          1   10000000: 2634 7 8 
          1   10000000: 2635 234 235 21 
          1   10000000: 2636 1191 1674 337 338 480 417 418 659 641 633 634 635 
          1   10000000: 2637 185 86 633 634 635 
          1   10000000: 2638 337 338 480 417 418 659 641 633 634 635 
          1   10000000: 2639 575 576 501 502 4 503 504 505 221 222 640 641 633 634 635 
          1   10000000: 2640 624 874 
          1   10000000: 2641 417 418 659 641 633 634 635 
          1   10000000: 2056 2377 1674 337 338 480 417 418 659 641 633 634 635 
          1   10000000: 24 25 361 362 2642 810 811 185 86 633 634 635 
          1   10000000: 1610 281 282 1005 7 8 
          1   10000000: 2643 480 417 418 659 641 633 634 635 
          1   10000000: 2247 199 21 
          1   10000000: 2644 499 622 279 4 5 
          2   20000000: 2645 273 2 279 4 5 
          1   10000000: 2646 498 499 622 279 4 5 
          1   10000000: 2647 1116 1117 220 221 222 640 641 633 634 635 
          1   10000000: 2648 60 20 21 
          1   10000000: 2314 12 7 8 
          2   20000000: 2649 772 417 418 659 641 633 634 635 
          1   10000000: 293 10 11 14 7 8 
          1   10000000: 2650 12 7 8 
          1   10000000: 2307 283 8 
          1   10000000: 2651 
          1   10000000: 2652 18 19 20 21 
          1   10000000: 2036 338 1117 220 221 222 640 641 633 634 635 
          1   10000000: 2653 113 643 633 634 635 
          1   10000000: 2271 511 60 369 851 852 
          1   10000000: 655 669 47 48 
          1   10000000: 2654 2 279 4 5 
          1   10000000: 734 645 646 4 647 648 1244 238 640 641 633 634 635 
          1   10000000: 93 10 11 12 7 8 
          1   10000000: 323 144 145 369 364 21 
          2   20000000: 2564 296 4 297 298 299 300 113 114 
          1   10000000: 2220 12 7 8 
          1   10000000: 2655 446 447 279 4 5 
          1   10000000: 2656 480 417 418 659 641 633 634 635 
          1   10000000: 2657 7 8 
          1   10000000: 516 517 1690 1691 4 1142 624 874 
          1   10000000: 2658 185 86 633 634 635 
          1   10000000: 2659 770 745 477 4 478 479 336 337 338 480 417 418 659 641 633 634 635 
          1   10000000: 1326 646 4 647 807 282 1176 8 
          1   10000000: 2660 8 
          1   10000000: 1488 144 145 369 364 21 
          1   10000000: 2661 2047 282 805 7 8 
          1   10000000: 2334 1372 185 39 
          1   10000000: 2662 1945 575 576 501 502 4 503 504 505 221 222 640 641 633 634 635 
          1   10000000: 2295 705 228 640 641 633 634 635 
          1   10000000: 1886 2262 4 2263 1916 
          1   10000000: 2663 35 36 369 364 21 
          1   10000000: 2664 282 1005 7 8 
          1   10000000: 2056 2377 624 1633 1018 337 338 480 417 418 659 641 633 634 635 
          1   10000000: 2665 664 4 665 666 417 418 659 641 633 634 635 
          1   10000000: 2666 42 43 212 36 369 364 21 
          1   10000000: 623 1674 337 338 1117 220 221 222 640 641 633 634 635 
          1   10000000: 2667 337 338 480 417 418 659 641 633 634 635 
          2   20000000: 1936 725 2 279 4 5 
          1   10000000: 82 11 14 7 8 
          1   10000000: 2668 618 446 447 279 4 5 
          1   10000000: 2669 751 299 300 113 643 633 634 635 
          1   10000000: 2670 824 825 60 20 21 
          1   10000000: 2012 2207 185 86 633 634 635 
          1   10000000: 2671 282 1532 633 634 635 
          1   10000000: 2672 505 418 659 641 633 634 635 
          1   10000000: 2233 646 4 647 807 282 805 7 8 
          1   10000000: 1769 645 646 4 647 807 282 805 7 8 
          1   10000000: 1097 16 17 18 19 20 21 
          1   10000000: 2673 810 811 185 86 633 634 635 
          1   10000000: 1697 144 324 369 364 21 
          1   10000000: 272 281 282 1005 7 8 
          1   10000000: 2674 575 576 501 502 4 503 504 505 418 659 641 633 634 635 
          1   10000000: 2675 364 21 
          1   10000000: 2676 282 1005 7 8 
          1   10000000: 591 736 672 302 303 227 228 640 641 633 634 635 
          1   10000000: 2677 1890 338 480 417 418 659 641 633 634 635 
          1   10000000: 2678 111 48 
          1   10000000: 2679 1227 874 
          3   30000000: 2680 227 228 640 641 633 634 635 
          1   10000000: 2681 745 477 4 478 479 336 337 338 480 417 418 659 641 633 634 635 
          1   10000000: 2682 60 20 21 
          1   10000000: 2683 338 480 417 418 659 641 633 634 635 
          1   10000000: 2676 282 805 7 8 
          1   10000000: 2684 633 634 635 
          1   10000000: 2685 232 640 641 633 634 635 
          2   20000000: 1836 14 7 8 
          1   10000000: 2686 7 8 
          1   10000000: 2687 12 7 8 
          1   10000000: 2688 302 303 227 228 640 641 633 634 635 
          1   10000000: 2689 302 303 227 228 640 641 633 634 635 
          1   10000000: 1579 75 633 634 635 
          1   10000000: 2690 1312 1139 1140 1141 4 1142 624 874 
          1   10000000: 82 669 47 48 
          1   10000000: 2691 511 60 369 364 21 
          1   10000000: 2692 302 303 227 228 640 641 633 634 635 
          1   10000000: 2693 364 21 
          1   10000000: 1092 143 144 145 369 364 21 
          1   10000000: 1030 11 12 7 8 
          1   10000000: 2694 2695 2696 1712 1958 220 221 222 640 641 633 634 635 
          1   10000000: 2697 295 296 4 297 298 299 300 113 643 633 634 635 
          1   10000000: 2687 14 7 8 
          1   10000000: 2046 2047 282 805 7 8 
          1   10000000: 2698 18 19 1818 1819 852 
          1   10000000: 2699 34 35 36 369 364 21 
          1   10000000: 667 2 274 4 5 
          1   10000000: 2700 2 279 4 5 
          1   10000000: 2701 947 633 634 635 
          2   20000000: 2702 1005 7 8 
          1   10000000: 2703 2202 501 502 4 503 504 505 221 222 640 641 633 634 635 
          1   10000000: 968 645 646 4 647 807 282 1005 7 8 
          1   10000000: 2704 36 369 364 21 
          1   10000000: 2705 14 7 8 
          1   10000000: 1057 180 34 35 36 369 364 21 
          1   10000000: 2706 810 811 185 86 633 634 635 
          1   10000000: 2707 416 417 418 659 641 633 634 635 
          1   10000000: 201 726 18 19 369 851 852 
          1   10000000: 1736 282 1005 7 8 
          1   10000000: 2708 645 646 4 647 648 736 672 302 303 227 228 640 641 633 634 635 
          1   10000000: 1795 933 646 4 647 807 282 283 8 
          1   10000000: 2709 34 35 36 369 364 21 
          1   10000000: 182 16 1362 810 811 185 86 633 634 635 
          1   10000000: 2710 498 499 622 279 4 5 
          1   10000000: 995 933 646 4 647 648 1185 232 640 641 633 634 635 
          1   10000000: 2711 847 501 502 4 503 504 505 221 222 640 641 633 634 635 
          2   20000000: 1285 23 14 7 8 
          1   10000000: 2712 1667 34 35 36 369 364 21 
          1   10000000: 2713 228 640 641 633 634 635 
          1   10000000: 1015 114 
          1   10000000: 1097 16 180 34 35 36 369 364 21 
          1   10000000: 2714 7 8 
          1   10000000: 2715 18 19 20 21 
          1   10000000: 2716 
          1   10000000: 2717 185 86 633 634 635 
          1   10000000: 1057 102 103 19 20 21 
          1   10000000: 2718 447 279 4 5 
          1   10000000: 616 588 501 502 4 503 504 505 418 659 641 633 634 635 
          1   10000000: 1886 646 4 647 807 282 805 7 8 
          1   10000000: 2719 7 8 
          1   10000000: 2720 185 86 633 634 635 
          1   10000000: 2721 113 643 633 634 635 
          1   10000000: 1578 282 805 7 8 
          1   10000000: 2722 370 364 21 
          1   10000000: 2723 459 453 445 446 447 279 4 5 
          1   10000000: 2724 2725 1141 4 1142 624 874 
          1   10000000: 2196 652 231 232 640 641 633 634 635 
          1   10000000: 2726 60 20 21 
          1   10000000: 1942 646 4 647 807 282 1005 7 8 
          1   10000000: 196 10 23 14 7 8 
          1   10000000: 2012 2013 185 39 
          1   10000000: 2727 220 221 222 640 641 633 634 635 
          1   10000000: 2728 273 2 279 4 5 
          1   10000000: 2230 1227 874 
          1   10000000: 1936 933 646 4 647 807 282 1005 7 8 
          1   10000000: 2729 645 646 4 647 648 1244 238 640 641 633 634 635 
          1   10000000: 2730 362 363 364 21 
          1   10000000: 2380 645 646 4 647 807 282 805 7 8 
          1   10000000: 2731 185 86 633 634 635 
          1   10000000: 2732 2733 2734 4 2116 2117 2118 2119 417 418 659 641 633 634 635 
          2   20000000: 2735 7 8 
          1   10000000: 2736 1161 2737 447 279 4 5 
          1   10000000: 2738 185 86 633 634 635 
          1   10000000: 2739 364 21 
          1   10000000: 2740 511 60 20 21 
          1   10000000: 2741 618 446 447 279 4 5 
          1   10000000: 1380 669 47 48 
          1   10000000: 2742 2129 624 1633 1018 337 338 1117 220 221 222 640 641 633 634 635 
          1   10000000: 890 185 39 
          1   10000000: 2743 1713 417 418 659 641 633 634 635 
          1   10000000: 2140 645 646 4 647 648 2744 963 810 811 185 86 633 634 635 
          1   10000000: 2745 222 640 641 633 634 635 
          1   10000000: 2746 185 86 633 634 635 
          2   20000000: 2747 8 
          1   10000000: 1004 281 282 1176 8 
          1   10000000: 1795 933 646 4 647 648 705 228 640 641 633 634 635 
          2   20000000: 2748 633 634 635 
          1   10000000: 2749 
          1   10000000: 2750 479 336 337 338 1117 220 221 222 640 641 633 634 635 
          1   10000000: 2558 1013 231 232 640 641 633 634 635 
          1   10000000: 2488 705 228 640 641 633 634 635 
          1   10000000: 2751 1191 624 874 
          1   10000000: 201 246 34 35 36 20 21 
          1   10000000: 2752 48 
          1   10000000: 1145 645 646 4 647 648 705 228 640 641 633 634 635 
          1   10000000: 2753 364 21 
          1   10000000: 2754 810 811 185 86 633 634 635 
          1   10000000: 2755 633 634 635 
          1   10000000: 2756 575 2 279 4 5 
          1   10000000: 1326 646 4 647 807 282 283 8 
          1   10000000: 2757 279 4 5 
          1   10000000: 2581 751 299 300 113 75 633 634 635 
          1   10000000: 2758 1816 597 598 2269 2115 4 2116 2117 2118 2119 417 418 659 641 633 634 635 
          1   10000000: 917 933 646 4 647 648 735 227 228 640 641 633 634 635 
          1   10000000: 2759 624 874 
          1   10000000: 2760 2057 745 477 4 478 479 336 337 338 480 417 418 659 641 633 634 635 
          1   10000000: 2761 279 4 5 
          1   10000000: 2762 2158 875 299 300 113 643 633 634 635 
          1   10000000: 2320 79 633 634 635 
          1   10000000: 1744 282 1005 7 8 
          1   10000000: 166 10 23 12 7 8 
          1   10000000: 2763 227 228 640 641 633 634 635 
          1   10000000: 2764 60 20 21 
          1   10000000: 24 25 361 362 2765 1914 4 1915 1916 
          1   10000000: 2766 624 874 
          1   10000000: 2767 103 19 20 21 
          1   10000000: 254 31 32 33 18 19 20 21 
          1   10000000: 2598 281 282 1005 7 8 
          1   10000000: 2768 297 298 299 300 113 114 
          1   10000000: 2769 279 4 5 
          1   10000000: 2770 369 364 21 
          1   10000000: 832 645 646 4 647 648 2744 963 810 811 185 86 633 634 635 
          1   10000000: 831 645 2087 1933 850 60 20 21 
          1   10000000: 2381 42 43 44 18 19 20 21 
          1   10000000: 2771 810 811 185 86 633 634 635 
          1   10000000: 2772 221 222 640 641 633 634 635 
          1   10000000: 15 16 102 103 19 369 851 852 
          1   10000000: 2773 228 640 641 633 634 635 
          1   10000000: 2774 238 640 641 633 634 635 
          1   10000000: 166 10 11 14 7 8 
          1   10000000: 201 765 525 296 4 297 298 299 300 113 643 633 634 635 
          1   10000000: 1814 933 646 4 647 807 282 805 7 8 
          1   10000000: 2775 811 185 86 633 634 635 
          1   10000000: 2776 417 418 659 641 633 634 635 
          1   10000000: 2777 367 60 20 21 
          1   10000000: 72 71 633 634 635 
          1   10000000: 2778 7 8 
          1   10000000: 2779 875 299 300 113 114 
          1   10000000: 2780 873 624 874 
          1   10000000: 15 16 875 299 300 113 114 
          1   10000000: 2781 279 4 5 
          1   10000000: 2782 282 1005 7 8 
          1   10000000: 1631 645 646 4 647 648 736 672 302 303 227 228 640 641 633 634 635 
          1   10000000: 1310 646 647 1077 279 4 5 
          1   10000000: 1104 282 805 7 8 
          1   10000000: 1119 576 501 502 4 503 504 505 418 659 641 633 634 635 
          1   10000000: 967 645 646 647 648 916 43 44 18 19 20 21 
          1   10000000: 2783 977 47 48 
          1   10000000: 201 765 525 296 4 297 298 299 300 113 114 
          1   10000000: 2784 228 640 641 633 634 635 
          1   10000000: 902 499 622 274 4 5 
          1   10000000: 2785 645 646 4 647 648 736 672 302 303 227 228 640 641 633 634 635 
          1   10000000: 2786 400 60 369 364 21 
Locations
     1: 0x434e02 M=1 runtime.scanObject /home/jzh/go/src/runtime/mgcmark_greenteagc.go:1254:0 s=1187
     2: 0x431705 M=1 runtime.gcDrain /home/jzh/go/src/runtime/mgcmark.go:1331:0 s=1239
     3: 0x42d646 M=1 runtime.gcDrainMarkWorkerIdle /home/jzh/go/src/runtime/mgcmark.go:1168:0 s=1167
             runtime.gcBgMarkWorker.func2 /home/jzh/go/src/runtime/mgc.go:1881:0 s=1847
     4: 0x48d8c9 M=1 runtime.systemstack /home/jzh/go/src/runtime/asm_amd64.s:562:0 s=520
     5: 0x42d47e M=1 runtime.gcBgMarkWorker /home/jzh/go/src/runtime/mgc.go:1847:0 s=1750
     6: 0x5d1fd8 M=1 github.com/jzhang405/NexKV/internal/infrastructure/concurrency.heapDown /home/jzh/ws/go/src/github.com/jzhang405/NexKV/internal/infrastructure/concurrency/executor_percore.go:538:0 s=527
     7: 0x5d1bca M=1 github.com/jzhang405/NexKV/internal/infrastructure/concurrency.heapPop /home/jzh/ws/go/src/github.com/jzhang405/NexKV/internal/infrastructure/concurrency/executor_percore.go:508:0 s=499
     8: 0x5d17a4 M=1 github.com/jzhang405/NexKV/internal/infrastructure/concurrency.(*coreWorker).run /home/jzh/ws/go/src/github.com/jzhang405/NexKV/internal/infrastructure/concurrency/executor_percore.go:464:0 s=432
     9: 0x48bb08 M=1 runtime.nanotime /home/jzh/go/src/runtime/time_nofake.go:33:0 s=32
             time.runtimeNano /home/jzh/go/src/runtime/time.go:38:0 s=33
    10: 0x4a5f19 M=1 time.Since /home/jzh/go/src/time/time.go:1230:0 s=1227
    11: 0x5d050a M=1 github.com/jzhang405/NexKV/internal/infrastructure/concurrency.taskQueue.Less /home/jzh/ws/go/src/github.com/jzhang405/NexKV/internal/infrastructure/concurrency/executor_percore.go:130:0 s=126
    12: 0x5d1ff4 M=1 github.com/jzhang405/NexKV/internal/infrastructure/concurrency.heapDown /home/jzh/ws/go/src/github.com/jzhang405/NexKV/internal/infrastructure/concurrency/executor_percore.go:538:0 s=527
    13: 0x5d04b5 M=1 github.com/jzhang405/NexKV/internal/infrastructure/concurrency.taskQueue.Less /home/jzh/ws/go/src/github.com/jzhang405/NexKV/internal/infrastructure/concurrency/executor_percore.go:129:0 s=126
    14: 0x5d1fa5 M=1 github.com/jzhang405/NexKV/internal/infrastructure/concurrency.heapDown /home/jzh/ws/go/src/github.com/jzhang405/NexKV/internal/infrastructure/concurrency/executor_percore.go:535:0 s=527
    15: 0x48f08a M=1 runtime.procyieldAsm /home/jzh/go/src/runtime/asm_amd64.s:869:0 s=863
    16: 0x41f348 M=1 runtime.procyield /home/jzh/go/src/runtime/stubs.go:282:0 s=278
             runtime.lock2 /home/jzh/go/src/runtime/lock_spinbit.go:216:0 s=155
    17: 0x456ad8 M=1 runtime.lockWithRank /home/jzh/go/src/runtime/lockrank_off.go:24:0 s=23
             runtime.lock /home/jzh/go/src/runtime/lock_spinbit.go:152:0 s=151
             runtime.stopm /home/jzh/go/src/runtime/proc.go:3005:0 s=2992
    18: 0x45747d M=1 runtime.startlockedm /home/jzh/go/src/runtime/proc.go:3291:0 s=3278
    19: 0x4597c9 M=1 runtime.schedule /home/jzh/go/src/runtime/proc.go:4226:0 s=4135
    20: 0x459ca4 M=1 runtime.park_m /home/jzh/go/src/runtime/proc.go:4304:0 s=4253
    21: 0x48d854 M=1 runtime.mcall /home/jzh/go/src/runtime/asm_amd64.s:496:0 s=458
    22: 0x5d1c06 M=1 github.com/jzhang405/NexKV/internal/infrastructure/concurrency.heapPop /home/jzh/ws/go/src/github.com/jzhang405/NexKV/internal/infrastructure/concurrency/executor_percore.go:511:0 s=499
    23: 0x5d04cb M=1 github.com/jzhang405/NexKV/internal/infrastructure/concurrency.taskQueue.Less /home/jzh/ws/go/src/github.com/jzhang405/NexKV/internal/infrastructure/concurrency/executor_percore.go:129:0 s=126
    24: 0x491003 M=1 runtime.futex /home/jzh/go/src/runtime/sys_linux_amd64.s:570:0 s=561
    25: 0x44b5cf M=1 runtime.futexwakeup /home/jzh/go/src/runtime/os_linux.go:86:0 s=85
    26: 0x41eb84 M=1 runtime.notewakeup /home/jzh/go/src/runtime/lock_futex.go:32:0 s=26
    27: 0x456da7 M=1 runtime.startm /home/jzh/go/src/runtime/proc.go:3121:0 s=3035
    28: 0x487f6b M=1 runtime.wakep /home/jzh/go/src/runtime/proc.go:3243:0 s=3212
    29: 0x45935d M=1 runtime.resetspinning /home/jzh/go/src/runtime/proc.go:4034:0 s=4021
    30: 0x459886 M=1 runtime.schedule /home/jzh/go/src/runtime/proc.go:4199:0 s=4135
    31: 0x44b50f M=1 runtime.futexsleep /home/jzh/go/src/runtime/os_linux.go:73:0 s=66
    32: 0x41ec86 M=1 runtime.notesleep /home/jzh/go/src/runtime/lock_futex.go:47:0 s=35
    33: 0x456b0b M=1 runtime.mPark /home/jzh/go/src/runtime/proc.go:1967:0 s=1965
             runtime.stopm /home/jzh/go/src/runtime/proc.go:3008:0 s=2992
    34: 0x457175 M=1 runtime.handoffp /home/jzh/go/src/runtime/proc.go:3137:0 s=3131
    35: 0x4571f1 M=1 runtime.stoplockedm /home/jzh/go/src/runtime/proc.go:3259:0 s=3250
    36: 0x459799 M=1 runtime.schedule /home/jzh/go/src/runtime/proc.go:4143:0 s=4135
    37: 0x490c24 M=1 runtime.nanotime1 /home/jzh/go/src/runtime/sys_linux_amd64.s:294:0 s=223
    38: 0x493f80 M=1 sync.(*Mutex).Lock /home/jzh/go/src/sync/mutex.go:45:0 s=45
    39: 0x5d1831 M=1 github.com/jzhang405/NexKV/internal/infrastructure/concurrency.(*coreWorker).run /home/jzh/ws/go/src/github.com/jzhang405/NexKV/internal/infrastructure/concurrency/executor_percore.go:450:0 s=432
    40: 0x457212 M=1 runtime.mPark /home/jzh/go/src/runtime/proc.go:1967:0 s=1965
             runtime.stoplockedm /home/jzh/go/src/runtime/proc.go:3263:0 s=3250
    41: 0x45e7c2 M=1 runtime.wirep /home/jzh/go/src/runtime/proc.go:6318:0 s=6296
    42: 0x45e6d7 M=1 runtime.acquirepNoTrace /home/jzh/go/src/runtime/proc.go:6276:0 s=6274
    43: 0x45e616 M=1 runtime.acquirep /home/jzh/go/src/runtime/proc.go:6261:0 s=6259
    44: 0x456b34 M=1 runtime.stopm /home/jzh/go/src/runtime/proc.go:3009:0 s=2992
    45: 0x5d0589 M=1 github.com/jzhang405/NexKV/internal/infrastructure/concurrency.taskQueue.Less /home/jzh/ws/go/src/github.com/jzhang405/NexKV/internal/infrastructure/concurrency/executor_percore.go:145:0 s=126
    46: 0x5d8b0a M=1 time.(*Time).unixSec /home/jzh/go/src/time/time.go:189:0 s=189
             time.Time.UnixNano /home/jzh/go/src/time/time.go:1461:0 s=1460
             github.com/jzhang405/NexKV/internal/infrastructure/concurrency.TestPerCore_CPUAffinity_PerfAnalysis.func1.1 /home/jzh/ws/go/src/github.com/jzhang405/NexKV/internal/infrastructure/concurrency/affinity_perf_test.go:70:0 s=68
    47: 0x5d19af M=1 github.com/jzhang405/NexKV/internal/infrastructure/concurrency.(*coreWorker).executeTask /home/jzh/ws/go/src/github.com/jzhang405/NexKV/internal/infrastructure/concurrency/executor_percore.go:486:0 s=475
    48: 0x5d1818 M=1 github.com/jzhang405/NexKV/internal/infrastructure/concurrency.(*coreWorker).run /home/jzh/ws/go/src/github.com/jzhang405/NexKV/internal/infrastructure/concurrency/executor_percore.go:470:0 s=432
    49: 0x5d0575 M=1 github.com/jzhang405/NexKV/internal/infrastructure/concurrency.taskQueue.Less /home/jzh/ws/go/src/github.com/jzhang405/NexKV/internal/infrastructure/concurrency/executor_percore.go:134:0 s=126
    50: 0x4a4c94 M=1 time.Time.Before /home/jzh/go/src/time/time.go:282:0 s=281
    51: 0x5d05c4 M=1 github.com/jzhang405/NexKV/internal/infrastructure/concurrency.taskQueue.Less /home/jzh/ws/go/src/github.com/jzhang405/NexKV/internal/infrastructure/concurrency/executor_percore.go:146:0 s=126
    52: 0x5d0fc9 M=1 github.com/jzhang405/NexKV/internal/infrastructure/concurrency.(*PerCoreExecutor).SubmitWithPriority /home/jzh/ws/go/src/github.com/jzhang405/NexKV/internal/infrastructure/concurrency/executor_percore.go:329:0 s=317
    53: 0x5d8971 M=1 github.com/jzhang405/NexKV/internal/infrastructure/concurrency.(*PerCoreExecutor).Submit /home/jzh/ws/go/src/github.com/jzhang405/NexKV/internal/infrastructure/concurrency/executor_percore.go:313:0 s=312
             github.com/jzhang405/NexKV/internal/infrastructure/concurrency.TestPerCore_CPUAffinity_PerfAnalysis.func1 /home/jzh/ws/go/src/github.com/jzhang405/NexKV/internal/infrastructure/concurrency/affinity_perf_test.go:79:0 s=62
    54: 0x5037e9 M=1 testing.tRunner /home/jzh/go/src/testing/testing.go:2036:0 s=1876
    55: 0x45ea01 M=1 runtime.releasepNoTrace /home/jzh/go/src/runtime/proc.go:6349:0 s=6334
    56: 0x45e97b M=1 runtime.releasep /home/jzh/go/src/runtime/proc.go:6330:0 s=6324
    57: 0x4571ec M=1 runtime.stoplockedm /home/jzh/go/src/runtime/proc.go:3258:0 s=3250
    58: 0x41ec71 M=1 runtime.notesleep /home/jzh/go/src/runtime/lock_futex.go:45:0 s=35
    59: 0x4586c7 M=1 runtime.findRunnable /home/jzh/go/src/runtime/proc.go:3796:0 s=3389
    60: 0x459810 M=1 runtime.schedule /home/jzh/go/src/runtime/proc.go:4164:0 s=4135
    61: 0x5d0fa1 M=1 github.com/jzhang405/NexKV/internal/infrastructure/concurrency.(*PerCoreExecutor).SubmitWithPriority /home/jzh/ws/go/src/github.com/jzhang405/NexKV/internal/infrastructure/concurrency/executor_percore.go:319:0 s=317
    62: 0x5d1052 M=1 github.com/jzhang405/NexKV/internal/infrastructure/concurrency.(*PerCoreExecutor).SubmitWithPriority /home/jzh/ws/go/src/github.com/jzhang405/NexKV/internal/infrastructure/concurrency/executor_percore.go:337:0 s=317
    63: 0x41f1b7 M=1 runtime.lock2 /home/jzh/go/src/runtime/lock_spinbit.go:166:0 s=155
    64: 0x4894ca M=1 runtime.lockWithRank /home/jzh/go/src/runtime/lockrank_off.go:24:0 s=23
             sync.runtime_notifyListWait /home/jzh/go/src/runtime/sema.go:589:0 s=588
    65: 0x493df2 M=1 sync.(*Cond).Wait /home/jzh/go/src/sync/cond.go:71:0 s=67
    66: 0x5d183c M=1 github.com/jzhang405/NexKV/internal/infrastructure/concurrency.(*coreWorker).run /home/jzh/ws/go/src/github.com/jzhang405/NexKV/internal/infrastructure/concurrency/executor_percore.go:454:0 s=432
    67: 0x5d1c3b M=1 github.com/jzhang405/NexKV/internal/infrastructure/concurrency.heapPop /home/jzh/ws/go/src/github.com/jzhang405/NexKV/internal/infrastructure/concurrency/executor_percore.go:513:0 s=499
    68: 0x4a5f21 M=1 time.subMono /home/jzh/go/src/time/time.go:1215:0 s=1214
             time.Since /home/jzh/go/src/time/time.go:1230:0 s=1227
    69: 0x457478 M=1 runtime.startlockedm /home/jzh/go/src/runtime/proc.go:3290:0 s=3278
    70: 0x5d1d4f M=1 github.com/jzhang405/NexKV/internal/infrastructure/concurrency.heapUp /home/jzh/ws/go/src/github.com/jzhang405/NexKV/internal/infrastructure/concurrency/executor_percore.go:519:0 s=516
    71: 0x5d117b M=1 github.com/jzhang405/NexKV/internal/infrastructure/concurrency.heapPush /home/jzh/ws/go/src/github.com/jzhang405/NexKV/internal/infrastructure/concurrency/executor_percore.go:496:0 s=493
             github.com/jzhang405/NexKV/internal/infrastructure/concurrency.(*PerCoreExecutor).SubmitWithPriority /home/jzh/ws/go/src/github.com/jzhang405/NexKV/internal/infrastructure/concurrency/executor_percore.go:347:0 s=317
    72: 0x5d1eb0 M=1 github.com/jzhang405/NexKV/internal/infrastructure/concurrency.heapUp /home/jzh/ws/go/src/github.com/jzhang405/NexKV/internal/infrastructure/concurrency/executor_percore.go:525:0 s=516
    73: 0x456fb8 M=1 runtime.lockWithRank /home/jzh/go/src/runtime/lockrank_off.go:24:0 s=23
             runtime.lock /home/jzh/go/src/runtime/lock_spinbit.go:152:0 s=151
             runtime.handoffp /home/jzh/go/src/runtime/proc.go:3157:0 s=3131
    74: 0x4a5eca M=1 time.Since /home/jzh/go/src/time/time.go:1227:0 s=1227
    75: 0x5d11a1 M=1 github.com/jzhang405/NexKV/internal/infrastructure/concurrency.(*PerCoreExecutor).SubmitWithPriority /home/jzh/ws/go/src/github.com/jzhang405/NexKV/internal/infrastructure/concurrency/executor_percore.go:354:0 s=317
    76: 0x5d1fbe M=1 github.com/jzhang405/NexKV/internal/infrastructure/concurrency.heapDown /home/jzh/ws/go/src/github.com/jzhang405/NexKV/internal/infrastructure/concurrency/executor_percore.go:538:0 s=527
    77: 0x48bacd M=1 time.runtimeNow /home/jzh/go/src/runtime/time.go:29:0 s=17
    78: 0x4acf72 M=1 time.Now /home/jzh/go/src/time/time.go:1348:0 s=1347
    79: 0x5d107a M=1 github.com/jzhang405/NexKV/internal/infrastructure/concurrency.(*PerCoreExecutor).SubmitWithPriority /home/jzh/ws/go/src/github.com/jzhang405/NexKV/internal/infrastructure/concurrency/executor_percore.go:349:0 s=317
    80: 0x5d04fc M=1 github.com/jzhang405/NexKV/internal/infrastructure/concurrency.taskQueue.Less /home/jzh/ws/go/src/github.com/jzhang405/NexKV/internal/infrastructure/concurrency/executor_percore.go:130:0 s=126
    81: 0x5d04ba M=1 github.com/jzhang405/NexKV/internal/infrastructure/concurrency.taskQueue.Less /home/jzh/ws/go/src/github.com/jzhang405/NexKV/internal/infrastructure/concurrency/executor_percore.go:129:0 s=126
    82: 0x4a5ec0 M=1 time.Since /home/jzh/go/src/time/time.go:1227:0 s=1227
    83: 0x5d1fed M=1 github.com/jzhang405/NexKV/internal/infrastructure/concurrency.heapDown /home/jzh/ws/go/src/github.com/jzhang405/NexKV/internal/infrastructure/concurrency/executor_percore.go:538:0 s=527
    84: 0x41ec3e M=1 runtime.notesleep /home/jzh/go/src/runtime/lock_futex.go:45:0 s=35
    85: 0x493f9d M=1 internal/sync.(*Mutex).Lock /home/jzh/go/src/internal/sync/mutex.go:63:0 s=61
             sync.(*Mutex).Lock /home/jzh/go/src/sync/mutex.go:46:0 s=45
    86: 0x5d100b M=1 github.com/jzhang405/NexKV/internal/infrastructure/concurrency.(*PerCoreExecutor).SubmitWithPriority /home/jzh/ws/go/src/github.com/jzhang405/NexKV/internal/infrastructure/concurrency/executor_percore.go:333:0 s=317
    87: 0x4acfc9 M=1 time.Now /home/jzh/go/src/time/time.go:1360:0 s=1347
    88: 0x5d8afa M=1 github.com/jzhang405/NexKV/internal/infrastructure/concurrency.TestPerCore_CPUAffinity_PerfAnalysis.func1.1 /home/jzh/ws/go/src/github.com/jzhang405/NexKV/internal/infrastructure/concurrency/affinity_perf_test.go:70:0 s=68
    89: 0x5d055b M=1 github.com/jzhang405/NexKV/internal/infrastructure/concurrency.taskQueue.Less /home/jzh/ws/go/src/github.com/jzhang405/NexKV/internal/infrastructure/concurrency/executor_percore.go:145:0 s=126
    90: 0x5d0506 M=1 github.com/jzhang405/NexKV/internal/infrastructure/concurrency.taskQueue.Less /home/jzh/ws/go/src/github.com/jzhang405/NexKV/internal/infrastructure/concurrency/executor_percore.go:130:0 s=126
    91: 0x48bb40 M=1 time.runtimeIsBubbled /home/jzh/go/src/runtime/time.go:43:0 s=42
    92: 0x4a5ef1 M=1 time.Since /home/jzh/go/src/time/time.go:1228:0 s=1227
    93: 0x48bb1a M=1 time.runtimeNano /home/jzh/go/src/runtime/time.go:38:0 s=33
    94: 0x493fac M=1 sync.(*Mutex).Lock /home/jzh/go/src/sync/mutex.go:47:0 s=45
    95: 0x460c41 M=1 runtime.pidleput /home/jzh/go/src/runtime/proc.go:7385:0 s=7373
    96: 0x4570ad M=1 runtime.handoffp /home/jzh/go/src/runtime/proc.go:3191:0 s=3131
    97: 0x5d1083 M=1 github.com/jzhang405/NexKV/internal/infrastructure/concurrency.(*PerCoreExecutor).SubmitWithPriority /home/jzh/ws/go/src/github.com/jzhang405/NexKV/internal/infrastructure/concurrency/executor_percore.go:350:0 s=317
    98: 0x41f6d2 M=1 runtime.unlock2 /home/jzh/go/src/runtime/lock_spinbit.go:319:0 s=267
    99: 0x489953 M=1 runtime.unlockWithRank /home/jzh/go/src/runtime/lockrank_off.go:35:0 s=34
             runtime.unlock /home/jzh/go/src/runtime/lock_spinbit.go:261:0 s=260
             sync.runtime_notifyListNotifyOne /home/jzh/go/src/runtime/sema.go:711:0 s=668
   100: 0x493e84 M=1 sync.(*Cond).Signal /home/jzh/go/src/sync/cond.go:84:0 s=82
   101: 0x5d1189 M=1 github.com/jzhang405/NexKV/internal/infrastructure/concurrency.(*PerCoreExecutor).SubmitWithPriority /home/jzh/ws/go/src/github.com/jzhang405/NexKV/internal/infrastructure/concurrency/executor_percore.go:353:0 s=317
   102: 0x45eb24 M=1 runtime.lockWithRank /home/jzh/go/src/runtime/lockrank_off.go:24:0 s=23
             runtime.lock /home/jzh/go/src/runtime/lock_spinbit.go:152:0 s=151
             runtime.incidlelocked /home/jzh/go/src/runtime/proc.go:6356:0 s=6355
   103: 0x457457 M=1 runtime.startlockedm /home/jzh/go/src/runtime/proc.go:3287:0 s=3278
   104: 0x457237 M=1 runtime.readgstatus /home/jzh/go/src/runtime/proc.go:1208:0 s=1207
             runtime.stoplockedm /home/jzh/go/src/runtime/proc.go:3264:0 s=3250
   105: 0x48bae6 M=1 time.runtimeNano /home/jzh/go/src/runtime/time.go:33:0 s=33
   106: 0x5d1088 M=1 github.com/jzhang405/NexKV/internal/infrastructure/concurrency.(*PerCoreExecutor).SubmitWithPriority /home/jzh/ws/go/src/github.com/jzhang405/NexKV/internal/infrastructure/concurrency/executor_percore.go:350:0 s=317
   107: 0x5d8977 M=1 github.com/jzhang405/NexKV/internal/infrastructure/concurrency.TestPerCore_CPUAffinity_PerfAnalysis.func1 /home/jzh/ws/go/src/github.com/jzhang405/NexKV/internal/infrastructure/concurrency/affinity_perf_test.go:78:0 s=62
   108: 0x4a5ed7 M=1 time.Since /home/jzh/go/src/time/time.go:1228:0 s=1227
   109: 0x493f86 M=1 sync.(*Mutex).Lock /home/jzh/go/src/sync/mutex.go:45:0 s=45
   110: 0x5d1a60 M=1 github.com/jzhang405/NexKV/internal/infrastructure/concurrency.(*coreWorker).executeTask.func1 /home/jzh/ws/go/src/github.com/jzhang405/NexKV/internal/infrastructure/concurrency/executor_percore.go:484:0 s=476
   111: 0x5d19be M=1 github.com/jzhang405/NexKV/internal/infrastructure/concurrency.(*coreWorker).executeTask /home/jzh/ws/go/src/github.com/jzhang405/NexKV/internal/infrastructure/concurrency/executor_percore.go:487:0 s=475
   112: 0x493ce2 M=1 internal/sync.(*Mutex).unlockSlow /home/jzh/go/src/internal/sync/mutex.go:206:0 s=202
   113: 0x494004 M=1 internal/sync.(*Mutex).Unlock /home/jzh/go/src/internal/sync/mutex.go:198:0 s=187
             sync.(*Mutex).Unlock /home/jzh/go/src/sync/mutex.go:65:0 s=64
   114: 0x5d1806 M=1 github.com/jzhang405/NexKV/internal/infrastructure/concurrency.(*coreWorker).run /home/jzh/ws/go/src/github.com/jzhang405/NexKV/internal/infrastructure/concurrency/executor_percore.go:467:0 s=432
   115: 0x5d04e9 M=1 github.com/jzhang405/NexKV/internal/infrastructure/concurrency.taskQueue.Less /home/jzh/ws/go/src/github.com/jzhang405/NexKV/internal/infrastructure/concurrency/executor_percore.go:129:0 s=126
   116: 0x458cc9 M=1 runtime.(*randomEnum).next /home/jzh/go/src/runtime/proc.go:8035:0 s=8033
             runtime.stealWork /home/jzh/go/src/runtime/proc.go:3837:0 s=3828
   117: 0x457cde M=1 runtime.findRunnable /home/jzh/go/src/runtime/proc.go:3522:0 s=3389
   118: 0x490c17 M=1 runtime.nanotime1 /home/jzh/go/src/runtime/sys_linux_amd64.s:292:0 s=223
   119: 0x5d1c02 M=1 github.com/jzhang405/NexKV/internal/infrastructure/concurrency.heapPop /home/jzh/ws/go/src/github.com/jzhang405/NexKV/internal/infrastructure/concurrency/executor_percore.go:511:0 s=499
   120: 0x5d1018 M=1 github.com/jzhang405/NexKV/internal/infrastructure/concurrency.(*PerCoreExecutor).SubmitWithPriority /home/jzh/ws/go/src/github.com/jzhang405/NexKV/internal/infrastructure/concurrency/executor_percore.go:334:0 s=317
   121: 0x5d1bb7 M=1 github.com/jzhang405/NexKV/internal/infrastructure/concurrency.heapPop /home/jzh/ws/go/src/github.com/jzhang405/NexKV/internal/infrastructure/concurrency/executor_percore.go:506:0 s=499
   122: 0x41eb75 M=1 runtime.notewakeup /home/jzh/go/src/runtime/lock_futex.go:28:0 s=26
   123: 0x493ff8 M=1 internal/sync.(*Mutex).Unlock /home/jzh/go/src/internal/sync/mutex.go:194:0 s=187
             sync.(*Mutex).Unlock /home/jzh/go/src/sync/mutex.go:65:0 s=64
   124: 0x4a5f5b M=1 time.Since /home/jzh/go/src/time/time.go:1230:0 s=1227
   125: 0x4614a0 M=1 runtime.runqgrab /home/jzh/go/src/runtime/proc.go:7721:0 s=7662
   126: 0x461556 M=1 runtime.runqsteal /home/jzh/go/src/runtime/proc.go:7732:0 s=7730
   127: 0x458e64 M=1 runtime.stealWork /home/jzh/go/src/runtime/proc.go:3884:0 s=3828
   128: 0x5d04d1 M=1 github.com/jzhang405/NexKV/internal/infrastructure/concurrency.taskQueue.Less /home/jzh/ws/go/src/github.com/jzhang405/NexKV/internal/infrastructure/concurrency/executor_percore.go:130:0 s=126
   129: 0x5d17cc M=1 github.com/jzhang405/NexKV/internal/infrastructure/concurrency.(*coreWorker).run /home/jzh/ws/go/src/github.com/jzhang405/NexKV/internal/infrastructure/concurrency/executor_percore.go:464:0 s=432
   130: 0x490baf M=1 runtime.nanotime1 /home/jzh/go/src/runtime/sys_linux_amd64.s:257:0 s=223
   131: 0x5d2009 M=1 github.com/jzhang405/NexKV/internal/infrastructure/concurrency.heapDown /home/jzh/ws/go/src/github.com/jzhang405/NexKV/internal/infrastructure/concurrency/executor_percore.go:541:0 s=527
   132: 0x493fe6 M=1 sync.(*Mutex).Unlock /home/jzh/go/src/sync/mutex.go:64:0 s=64
   133: 0x41f02c M=1 runtime.semasleep /home/jzh/go/src/runtime/lock_futex.go:146:0 s=139
   134: 0x41f489 M=1 runtime.lock2 /home/jzh/go/src/runtime/lock_spinbit.go:250:0 s=155
   135: 0x4acfd0 M=1 time.Now /home/jzh/go/src/time/time.go:1360:0 s=1347
   136: 0x493e75 M=1 sync.(*Cond).Signal /home/jzh/go/src/sync/cond.go:84:0 s=82
   137: 0x490b96 M=1 runtime.nanotime1 /home/jzh/go/src/runtime/sys_linux_amd64.s:251:0 s=223
   138: 0x5d1a85 M=1 github.com/jzhang405/NexKV/internal/infrastructure/concurrency.heapPop /home/jzh/ws/go/src/github.com/jzhang405/NexKV/internal/infrastructure/concurrency/executor_percore.go:499:0 s=499
   139: 0x5d2005 M=1 github.com/jzhang405/NexKV/internal/infrastructure/concurrency.heapDown /home/jzh/ws/go/src/github.com/jzhang405/NexKV/internal/infrastructure/concurrency/executor_percore.go:541:0 s=527
   140: 0x5d04cc M=1 github.com/jzhang405/NexKV/internal/infrastructure/concurrency.taskQueue.Less /home/jzh/ws/go/src/github.com/jzhang405/NexKV/internal/infrastructure/concurrency/executor_percore.go:130:0 s=126
   141: 0x4a4c85 M=1 time.Time.Before /home/jzh/go/src/time/time.go:281:0 s=281
   142: 0x41d225 M=1 runtime.(*timeHistogram).record /home/jzh/go/src/runtime/histogram.go:119:0 s=105
   143: 0x4543dd M=1 runtime.casgstatus /home/jzh/go/src/runtime/proc.go:1380:0 s=1277
   144: 0x45768d M=1 runtime.execute /home/jzh/go/src/runtime/proc.go:3345:0 s=3331
   145: 0x4597ac M=1 runtime.schedule /home/jzh/go/src/runtime/proc.go:4144:0 s=4135
   146: 0x5d0513 M=1 github.com/jzhang405/NexKV/internal/infrastructure/concurrency.taskQueue.Less /home/jzh/ws/go/src/github.com/jzhang405/NexKV/internal/infrastructure/concurrency/executor_percore.go:131:0 s=126
   147: 0x5d884d M=1 github.com/jzhang405/NexKV/internal/infrastructure/concurrency.TestPerCore_CPUAffinity_PerfAnalysis.func2.1 /home/jzh/ws/go/src/github.com/jzhang405/NexKV/internal/infrastructure/concurrency/affinity_perf_test.go:112:0 s=102
   148: 0x490b81 M=1 runtime.nanotime1 /home/jzh/go/src/runtime/sys_linux_amd64.s:223:0 s=223
   149: 0x5d046b M=1 github.com/jzhang405/NexKV/internal/infrastructure/concurrency.taskQueue.Less /home/jzh/ws/go/src/github.com/jzhang405/NexKV/internal/infrastructure/concurrency/executor_percore.go:126:0 s=126
   150: 0x5d867c M=1 github.com/jzhang405/NexKV/internal/infrastructure/concurrency.(*PerCoreExecutor).Submit /home/jzh/ws/go/src/github.com/jzhang405/NexKV/internal/infrastructure/concurrency/executor_percore.go:313:0 s=312
             github.com/jzhang405/NexKV/internal/infrastructure/concurrency.TestPerCore_CPUAffinity_PerfAnalysis.func2 /home/jzh/ws/go/src/github.com/jzhang405/NexKV/internal/infrastructure/concurrency/affinity_perf_test.go:121:0 s=93
   151: 0x5d8882 M=1 github.com/jzhang405/NexKV/internal/infrastructure/concurrency.TestPerCore_CPUAffinity_PerfAnalysis.func2.1 /home/jzh/ws/go/src/github.com/jzhang405/NexKV/internal/infrastructure/concurrency/affinity_perf_test.go:117:0 s=102
   152: 0x5d058d M=1 github.com/jzhang405/NexKV/internal/infrastructure/concurrency.taskQueue.Less /home/jzh/ws/go/src/github.com/jzhang405/NexKV/internal/infrastructure/concurrency/executor_percore.go:145:0 s=126
   153: 0x5d886e M=1 github.com/jzhang405/NexKV/internal/infrastructure/concurrency.TestPerCore_CPUAffinity_PerfAnalysis.func2.1 /home/jzh/ws/go/src/github.com/jzhang405/NexKV/internal/infrastructure/concurrency/affinity_perf_test.go:113:0 s=102
   154: 0x5d19b0 M=1 github.com/jzhang405/NexKV/internal/infrastructure/concurrency.(*coreWorker).executeTask /home/jzh/ws/go/src/github.com/jzhang405/NexKV/internal/infrastructure/concurrency/executor_percore.go:487:0 s=475
   155: 0x5d884a M=1 github.com/jzhang405/NexKV/internal/infrastructure/concurrency.TestPerCore_CPUAffinity_PerfAnalysis.func2.1 /home/jzh/ws/go/src/github.com/jzhang405/NexKV/internal/infrastructure/concurrency/affinity_perf_test.go:113:0 s=102
   156: 0x45eb79 M=1 runtime.checkdead /home/jzh/go/src/runtime/proc.go:6375:0 s=6367
   157: 0x4609c7 M=1 runtime.mput /home/jzh/go/src/runtime/proc.go:7205:0 s=7200
   158: 0x456ae6 M=1 runtime.stopm /home/jzh/go/src/runtime/proc.go:3006:0 s=2992
   159: 0x5d0460 M=1 github.com/jzhang405/NexKV/internal/infrastructure/concurrency.taskQueue.Less /home/jzh/ws/go/src/github.com/jzhang405/NexKV/internal/infrastructure/concurrency/executor_percore.go:126:0 s=126
   160: 0x4d3580 M=1 context.(*cancelCtx).Err /home/jzh/go/src/context/context.go:463:0 s=463
   161: 0x5d185d M=1 github.com/jzhang405/NexKV/internal/infrastructure/concurrency.(*coreWorker).run /home/jzh/ws/go/src/github.com/jzhang405/NexKV/internal/infrastructure/concurrency/executor_percore.go:453:0 s=432
   162: 0x5d1f3e M=1 github.com/jzhang405/NexKV/internal/infrastructure/concurrency.heapDown /home/jzh/ws/go/src/github.com/jzhang405/NexKV/internal/infrastructure/concurrency/executor_percore.go:541:0 s=527
   163: 0x45eb37 M=1 runtime.incidlelocked /home/jzh/go/src/runtime/proc.go:6359:0 s=6355
   164: 0x4571fb M=1 runtime.stoplockedm /home/jzh/go/src/runtime/proc.go:3261:0 s=3250
   165: 0x493d8b M=1 sync.(*Cond).Wait /home/jzh/go/src/sync/cond.go:67:0 s=67
   166: 0x48bb1f M=1 time.runtimeNano /home/jzh/go/src/runtime/time.go:38:0 s=33
   167: 0x48988d M=1 runtime.lockWithRank /home/jzh/go/src/runtime/lockrank_off.go:24:0 s=23
             sync.runtime_notifyListNotifyOne /home/jzh/go/src/runtime/sema.go:675:0 s=668
   168: 0x4a5f47 M=1 time.subMono /home/jzh/go/src/time/time.go:1219:0 s=1214
             time.Since /home/jzh/go/src/time/time.go:1230:0 s=1227
   169: 0x5d17d0 M=1 github.com/jzhang405/NexKV/internal/infrastructure/concurrency.(*coreWorker).run /home/jzh/ws/go/src/github.com/jzhang405/NexKV/internal/infrastructure/concurrency/executor_percore.go:464:0 s=432
   170: 0x490b9d M=1 runtime.nanotime1 /home/jzh/go/src/runtime/sys_linux_amd64.s:252:0 s=223
   171: 0x5d1155 M=1 github.com/jzhang405/NexKV/internal/infrastructure/concurrency.heapPush /home/jzh/ws/go/src/github.com/jzhang405/NexKV/internal/infrastructure/concurrency/executor_percore.go:494:0 s=493
             github.com/jzhang405/NexKV/internal/infrastructure/concurrency.(*PerCoreExecutor).SubmitWithPriority /home/jzh/ws/go/src/github.com/jzhang405/NexKV/internal/infrastructure/concurrency/executor_percore.go:347:0 s=317
   172: 0x5d0545 M=1 github.com/jzhang405/NexKV/internal/infrastructure/concurrency.taskQueue.Less /home/jzh/ws/go/src/github.com/jzhang405/NexKV/internal/infrastructure/concurrency/executor_percore.go:131:0 s=126
   173: 0x5d8878 M=1 github.com/jzhang405/NexKV/internal/infrastructure/concurrency.TestPerCore_CPUAffinity_PerfAnalysis.func2.1 /home/jzh/ws/go/src/github.com/jzhang405/NexKV/internal/infrastructure/concurrency/affinity_perf_test.go:116:0 s=102
   174: 0x5d8871 M=1 github.com/jzhang405/NexKV/internal/infrastructure/concurrency.TestPerCore_CPUAffinity_PerfAnalysis.func2.1 /home/jzh/ws/go/src/github.com/jzhang405/NexKV/internal/infrastructure/concurrency/affinity_perf_test.go:112:0 s=102
   175: 0x490a17 M=1 runtime.usleep /home/jzh/go/src/runtime/sys_linux_amd64.s:135:0 s=120
   176: 0x461406 M=1 runtime.runqgrab /home/jzh/go/src/runtime/proc.go:7695:0 s=7662
   177: 0x458c61 M=1 runtime.stealWork /home/jzh/go/src/runtime/proc.go:3835:0 s=3828
   178: 0x5d8856 M=1 github.com/jzhang405/NexKV/internal/infrastructure/concurrency.TestPerCore_CPUAffinity_PerfAnalysis.func2.1 /home/jzh/ws/go/src/github.com/jzhang405/NexKV/internal/infrastructure/concurrency/affinity_perf_test.go:113:0 s=102
   179: 0x5d1151 M=1 github.com/jzhang405/NexKV/internal/infrastructure/concurrency.heapPush /home/jzh/ws/go/src/github.com/jzhang405/NexKV/internal/infrastructure/concurrency/executor_percore.go:494:0 s=493
             github.com/jzhang405/NexKV/internal/infrastructure/concurrency.(*PerCoreExecutor).SubmitWithPriority /home/jzh/ws/go/src/github.com/jzhang405/NexKV/internal/infrastructure/concurrency/executor_percore.go:347:0 s=317
   180: 0x456c04 M=1 runtime.lockWithRank /home/jzh/go/src/runtime/lockrank_off.go:24:0 s=23
             runtime.lock /home/jzh/go/src/runtime/lock_spinbit.go:152:0 s=151
             runtime.startm /home/jzh/go/src/runtime/proc.go:3054:0 s=3035
   181: 0x457085 M=1 runtime.(*timers).wakeTime /home/jzh/go/src/runtime/time.go:992:0 s=985
             runtime.handoffp /home/jzh/go/src/runtime/proc.go:3190:0 s=3131
   182: 0x48f088 M=1 runtime.procyieldAsm /home/jzh/go/src/runtime/asm_amd64.s:868:0 s=863
   183: 0x488674 M=1 runtime.procyield /home/jzh/go/src/runtime/stubs.go:282:0 s=278
             internal/sync.runtime_doSpin /home/jzh/go/src/runtime/proc.go:7956:0 s=7955
   184: 0x493baa M=1 internal/sync.(*Mutex).lockSlow /home/jzh/go/src/internal/sync/mutex.go:112:0 s=95
   185: 0x493fab M=1 internal/sync.(*Mutex).Lock /home/jzh/go/src/internal/sync/mutex.go:70:0 s=61
             sync.(*Mutex).Lock /home/jzh/go/src/sync/mutex.go:46:0 s=45
   186: 0x5d8861 M=1 github.com/jzhang405/NexKV/internal/infrastructure/concurrency.TestPerCore_CPUAffinity_PerfAnalysis.func2.1 /home/jzh/ws/go/src/github.com/jzhang405/NexKV/internal/infrastructure/concurrency/affinity_perf_test.go:113:0 s=102
   187: 0x5d180f M=1 github.com/jzhang405/NexKV/internal/infrastructure/concurrency.(*coreWorker).run /home/jzh/ws/go/src/github.com/jzhang405/NexKV/internal/infrastructure/concurrency/executor_percore.go:470:0 s=432
   188: 0x489987 M=1 sync.runtime_notifyListNotifyOne /home/jzh/go/src/runtime/sema.go:713:0 s=668
   189: 0x5d0fde M=1 github.com/jzhang405/NexKV/internal/infrastructure/concurrency.(*PerCoreExecutor).SubmitWithPriority /home/jzh/ws/go/src/github.com/jzhang405/NexKV/internal/infrastructure/concurrency/executor_percore.go:329:0 s=317
   190: 0x5d1845 M=1 github.com/jzhang405/NexKV/internal/infrastructure/concurrency.(*coreWorker).run /home/jzh/ws/go/src/github.com/jzhang405/NexKV/internal/infrastructure/concurrency/executor_percore.go:453:0 s=432
   191: 0x41eb67 M=1 runtime.notewakeup /home/jzh/go/src/runtime/lock_futex.go:26:0 s=26
   192: 0x5d1c1a M=1 github.com/jzhang405/NexKV/internal/infrastructure/concurrency.heapPop /home/jzh/ws/go/src/github.com/jzhang405/NexKV/internal/infrastructure/concurrency/executor_percore.go:512:0 s=499
   193: 0x4a4c8f M=1 time.Time.Before /home/jzh/go/src/time/time.go:282:0 s=281
   194: 0x457482 M=1 runtime.startlockedm /home/jzh/go/src/runtime/proc.go:3292:0 s=3278
   195: 0x5d1ff5 M=1 github.com/jzhang405/NexKV/internal/infrastructure/concurrency.heapDown /home/jzh/ws/go/src/github.com/jzhang405/NexKV/internal/infrastructure/concurrency/executor_percore.go:538:0 s=527
   196: 0x48bb0d M=1 runtime.nanotime /home/jzh/go/src/runtime/time_nofake.go:33:0 s=32
             time.runtimeNano /home/jzh/go/src/runtime/time.go:38:0 s=33
   197: 0x5d1ac6 M=1 github.com/jzhang405/NexKV/internal/infrastructure/concurrency.heapPop /home/jzh/ws/go/src/github.com/jzhang405/NexKV/internal/infrastructure/concurrency/executor_percore.go:506:0 s=499
   198: 0x45414a M=1 internal/runtime/atomic.(*Uint32).CompareAndSwap /home/jzh/go/src/internal/runtime/atomic/types.go:236:0 s=235
             runtime.casgstatus /home/jzh/go/src/runtime/proc.go:1295:0 s=1277
   199: 0x459ad0 M=1 runtime.park_m /home/jzh/go/src/runtime/proc.go:4275:0 s=4253
   200: 0x5d8851 M=1 github.com/jzhang405/NexKV/internal/infrastructure/concurrency.TestPerCore_CPUAffinity_PerfAnalysis.func2.1 /home/jzh/ws/go/src/github.com/jzhang405/NexKV/internal/infrastructure/concurrency/affinity_perf_test.go:112:0 s=102
   201: 0x41f679 M=1 runtime.unlock2 /home/jzh/go/src/runtime/lock_spinbit.go:275:0 s=267
   202: 0x4570bb M=1 runtime.unlockWithRank /home/jzh/go/src/runtime/lockrank_off.go:35:0 s=34
             runtime.unlock /home/jzh/go/src/runtime/lock_spinbit.go:261:0 s=260
             runtime.handoffp /home/jzh/go/src/runtime/proc.go:3192:0 s=3131
   203: 0x5d8883 M=1 github.com/jzhang405/NexKV/internal/infrastructure/concurrency.TestPerCore_CPUAffinity_PerfAnalysis.func2.1 /home/jzh/ws/go/src/github.com/jzhang405/NexKV/internal/infrastructure/concurrency/affinity_perf_test.go:117:0 s=102
   204: 0x48bae0 M=1 time.runtimeNano /home/jzh/go/src/runtime/time.go:33:0 s=33
   205: 0x4a5f45 M=1 time.subMono /home/jzh/go/src/time/time.go:1219:0 s=1214
             time.Since /home/jzh/go/src/time/time.go:1230:0 s=1227
   206: 0x41f263 M=1 runtime.lock2 /home/jzh/go/src/runtime/lock_spinbit.go:199:0 s=155
   207: 0x457b11 M=1 runtime.(*guintptr).cas /home/jzh/go/src/runtime/runtime2.go:252:0 s=251
             runtime.runqget /home/jzh/go/src/runtime/proc.go:7604:0 s=7598
             runtime.findRunnable /home/jzh/go/src/runtime/proc.go:3469:0 s=3389
   208: 0x494005 M=1 sync.(*Mutex).Unlock /home/jzh/go/src/sync/mutex.go:66:0 s=64
   209: 0x5d8830 M=1 github.com/jzhang405/NexKV/internal/infrastructure/concurrency.TestPerCore_CPUAffinity_PerfAnalysis.func2.1 /home/jzh/ws/go/src/github.com/jzhang405/NexKV/internal/infrastructure/concurrency/affinity_perf_test.go:109:0 s=102
   210: 0x42493f M=1 internal/runtime/atomic.(*Uint32).Load /home/jzh/go/src/internal/runtime/atomic/types.go:194:0 s=193
             runtime.(*mcache).prepareForSweep /home/jzh/go/src/runtime/mcache.go:359:0 s=350
   211: 0x45e70d M=1 runtime.acquirepNoTrace /home/jzh/go/src/runtime/proc.go:6287:0 s=6274
   212: 0x45725a M=1 runtime.stoplockedm /home/jzh/go/src/runtime/proc.go:3270:0 s=3250
   213: 0x44b514 M=1 runtime.futexsleep /home/jzh/go/src/runtime/os_linux.go:73:0 s=66
   214: 0x493e04 M=1 sync.(*Cond).Wait /home/jzh/go/src/sync/cond.go:72:0 s=67
   215: 0x456c49 M=1 runtime.mget /home/jzh/go/src/runtime/proc.go:7217:0 s=7213
             runtime.startm /home/jzh/go/src/runtime/proc.go:3072:0 s=3035
   216: 0x5d8271 M=1 github.com/jzhang405/NexKV/internal/infrastructure/concurrency.(*PerCoreExecutor).Submit /home/jzh/ws/go/src/github.com/jzhang405/NexKV/internal/infrastructure/concurrency/executor_percore.go:313:0 s=312
             github.com/jzhang405/NexKV/internal/infrastructure/concurrency.TestPerCore_CPUAffinity_PerfAnalysis.func3 /home/jzh/ws/go/src/github.com/jzhang405/NexKV/internal/infrastructure/concurrency/affinity_perf_test.go:156:0 s=134
   217: 0x5d0fff M=1 github.com/jzhang405/NexKV/internal/infrastructure/concurrency.(*PerCoreExecutor).SubmitWithPriority /home/jzh/ws/go/src/github.com/jzhang405/NexKV/internal/infrastructure/concurrency/executor_percore.go:333:0 s=317
   218: 0x490ba1 M=1 runtime.nanotime1 /home/jzh/go/src/runtime/sys_linux_amd64.s:253:0 s=223
   219: 0x420bdb M=1 runtime.nextFreeFast /home/jzh/go/src/runtime/malloc.go:1031:0 s=1021
             runtime.mallocgcTiny /home/jzh/go/src/runtime/malloc.go:1329:0 s=1254
   220: 0x485be4 M=1 runtime.mallocgc /home/jzh/go/src/runtime/malloc.go:1193:0 s=1119
   221: 0x46dd16 M=1 runtime.slicebytetostring /home/jzh/go/src/runtime/string.go:170:0 s=139
   222: 0x4db825 M=1 fmt.Sprintf /home/jzh/go/src/fmt/print.go:240:0 s=237
   223: 0x5d84c4 M=1 github.com/jzhang405/NexKV/internal/infrastructure/concurrency.TestPerCore_CPUAffinity_PerfAnalysis.func3.1 /home/jzh/ws/go/src/github.com/jzhang405/NexKV/internal/infrastructure/concurrency/affinity_perf_test.go:149:0 s=138
   224: 0x5d8404 M=1 github.com/jzhang405/NexKV/internal/infrastructure/concurrency.TestPerCore_CPUAffinity_PerfAnalysis.func3.1 /home/jzh/ws/go/src/github.com/jzhang405/NexKV/internal/infrastructure/concurrency/affinity_perf_test.go:140:0 s=138
   225: 0x5d827a M=1 github.com/jzhang405/NexKV/internal/infrastructure/concurrency.TestPerCore_CPUAffinity_PerfAnalysis.func3 /home/jzh/ws/go/src/github.com/jzhang405/NexKV/internal/infrastructure/concurrency/affinity_perf_test.go:162:0 s=134
   226: 0x4de856 M=1 fmt.(*pp).printArg /home/jzh/go/src/fmt/print.go:719:0 s=682
   227: 0x4e14ab M=1 fmt.(*pp).doPrintf /home/jzh/go/src/fmt/print.go:1075:0 s=1020
   228: 0x4db812 M=1 fmt.Sprintf /home/jzh/go/src/fmt/print.go:239:0 s=237
   229: 0x48858c M=1 sync.runtime_procUnpin /home/jzh/go/src/runtime/proc.go:7920:0 s=7918
   230: 0x494269 M=1 sync.(*Pool).Put /home/jzh/go/src/sync/pool.go:117:0 s=99
   231: 0x4db3be M=1 fmt.(*pp).free /home/jzh/go/src/fmt/print.go:181:0 s=161
   232: 0x4db839 M=1 fmt.Sprintf /home/jzh/go/src/fmt/print.go:241:0 s=237
   233: 0x5d187e M=1 github.com/jzhang405/NexKV/internal/infrastructure/concurrency.(*coreWorker).run /home/jzh/ws/go/src/github.com/jzhang405/NexKV/internal/infrastructure/concurrency/executor_percore.go:458:0 s=432
   234: 0x4599f7 M=1 runtime.unlockWithRank /home/jzh/go/src/runtime/lockrank_off.go:35:0 s=34
             runtime.unlock /home/jzh/go/src/runtime/lock_spinbit.go:261:0 s=260
             runtime.parkunlock_c /home/jzh/go/src/runtime/proc.go:4248:0 s=4247
   235: 0x459b79 M=1 runtime.park_m /home/jzh/go/src/runtime/proc.go:4283:0 s=4253
   236: 0x5d1c29 M=1 github.com/jzhang405/NexKV/internal/infrastructure/concurrency.heapPop /home/jzh/ws/go/src/github.com/jzhang405/NexKV/internal/infrastructure/concurrency/executor_percore.go:513:0 s=499
   237: 0x4db271 M=1 fmt.newPrinter /home/jzh/go/src/fmt/print.go:154:0 s=151
   238: 0x4db7ef M=1 fmt.Sprintf /home/jzh/go/src/fmt/print.go:238:0 s=237
   239: 0x5d1876 M=1 github.com/jzhang405/NexKV/internal/infrastructure/concurrency.(*coreWorker).run /home/jzh/ws/go/src/github.com/jzhang405/NexKV/internal/infrastructure/concurrency/executor_percore.go:458:0 s=432
   240: 0x4e1314 M=1 fmt.(*pp).doPrintf /home/jzh/go/src/fmt/print.go:1048:0 s=1020
   241: 0x5d115a M=1 github.com/jzhang405/NexKV/internal/infrastructure/concurrency.heapPush /home/jzh/ws/go/src/github.com/jzhang405/NexKV/internal/infrastructure/concurrency/executor_percore.go:494:0 s=493
             github.com/jzhang405/NexKV/internal/infrastructure/concurrency.(*PerCoreExecutor).SubmitWithPriority /home/jzh/ws/go/src/github.com/jzhang405/NexKV/internal/infrastructure/concurrency/executor_percore.go:347:0 s=317
   242: 0x4e135c M=1 fmt.(*pp).doPrintf /home/jzh/go/src/fmt/print.go:1062:0 s=1020
   243: 0x457447 M=1 runtime.startlockedm /home/jzh/go/src/runtime/proc.go:3283:0 s=3278
   244: 0x5d1c59 M=1 github.com/jzhang405/NexKV/internal/infrastructure/concurrency.heapPop /home/jzh/ws/go/src/github.com/jzhang405/NexKV/internal/infrastructure/concurrency/executor_percore.go:513:0 s=499
   245: 0x41f6dc M=1 runtime.unlock2 /home/jzh/go/src/runtime/lock_spinbit.go:322:0 s=267
   246: 0x456c76 M=1 runtime.unlockWithRank /home/jzh/go/src/runtime/lockrank_off.go:35:0 s=34
             runtime.unlock /home/jzh/go/src/runtime/lock_spinbit.go:261:0 s=260
             runtime.startm /home/jzh/go/src/runtime/proc.go:3107:0 s=3035
   247: 0x456a96 M=1 runtime.stopm /home/jzh/go/src/runtime/proc.go:2995:0 s=2992
   248: 0x5d1ff0 M=1 github.com/jzhang405/NexKV/internal/infrastructure/concurrency.heapDown /home/jzh/ws/go/src/github.com/jzhang405/NexKV/internal/infrastructure/concurrency/executor_percore.go:538:0 s=527
   249: 0x5d1f34 M=1 github.com/jzhang405/NexKV/internal/infrastructure/concurrency.heapDown /home/jzh/ws/go/src/github.com/jzhang405/NexKV/internal/infrastructure/concurrency/executor_percore.go:541:0 s=527
   250: 0x4acf78 M=1 time.Now /home/jzh/go/src/time/time.go:1352:0 s=1347
   251: 0x5d05ae M=1 github.com/jzhang405/NexKV/internal/infrastructure/concurrency.taskQueue.Less /home/jzh/ws/go/src/github.com/jzhang405/NexKV/internal/infrastructure/concurrency/executor_percore.go:146:0 s=126
   252: 0x4597df M=1 runtime.schedule /home/jzh/go/src/runtime/proc.go:4160:0 s=4135
   253: 0x45721c M=1 runtime.noteclear /home/jzh/go/src/runtime/lock_futex.go:23:0 s=22
             runtime.mPark /home/jzh/go/src/runtime/proc.go:1968:0 s=1965
             runtime.stoplockedm /home/jzh/go/src/runtime/proc.go:3263:0 s=3250
   254: 0x491007 M=1 runtime.futex /home/jzh/go/src/runtime/sys_linux_amd64.s:571:0 s=561
   255: 0x5d0f4f M=1 github.com/jzhang405/NexKV/internal/infrastructure/concurrency.(*PerCoreExecutor).SubmitWithPriority /home/jzh/ws/go/src/github.com/jzhang405/NexKV/internal/infrastructure/concurrency/executor_percore.go:317:0 s=317
   256: 0x5d1ffd M=1 github.com/jzhang405/NexKV/internal/infrastructure/concurrency.heapDown /home/jzh/ws/go/src/github.com/jzhang405/NexKV/internal/infrastructure/concurrency/executor_percore.go:541:0 s=527
   257: 0x5d84d4 M=1 github.com/jzhang405/NexKV/internal/infrastructure/concurrency.TestPerCore_CPUAffinity_PerfAnalysis.func3.1 /home/jzh/ws/go/src/github.com/jzhang405/NexKV/internal/infrastructure/concurrency/affinity_perf_test.go:152:0 s=138
   258: 0x5d1aca M=1 github.com/jzhang405/NexKV/internal/infrastructure/concurrency.heapPop /home/jzh/ws/go/src/github.com/jzhang405/NexKV/internal/infrastructure/concurrency/executor_percore.go:506:0 s=499
   259: 0x456e98 M=1 runtime.runqempty /home/jzh/go/src/runtime/proc.go:7454:0 s=7447
             runtime.handoffp /home/jzh/go/src/runtime/proc.go:3136:0 s=3131
   260: 0x5d1002 M=1 github.com/jzhang405/NexKV/internal/infrastructure/concurrency.(*PerCoreExecutor).SubmitWithPriority /home/jzh/ws/go/src/github.com/jzhang405/NexKV/internal/infrastructure/concurrency/executor_percore.go:333:0 s=317
   261: 0x459a20 M=1 runtime.park_m /home/jzh/go/src/runtime/proc.go:4253:0 s=4253
   262: 0x493acf M=1 internal/sync.(*Mutex).lockSlow /home/jzh/go/src/internal/sync/mutex.go:140:0 s=95
   263: 0x48ba86 M=1 time.runtimeNow /home/jzh/go/src/runtime/time.go:17:0 s=17
   264: 0x5d84d8 M=1 github.com/jzhang405/NexKV/internal/infrastructure/concurrency.TestPerCore_CPUAffinity_PerfAnalysis.func3.1 /home/jzh/ws/go/src/github.com/jzhang405/NexKV/internal/infrastructure/concurrency/affinity_perf_test.go:152:0 s=138
   265: 0x4db27a M=1 fmt.newPrinter /home/jzh/go/src/fmt/print.go:156:0 s=151
   266: 0x4e1bd6 M=1 fmt.(*pp).doPrintf /home/jzh/go/src/fmt/print.go:1179:0 s=1020
   267: 0x45723e M=1 runtime.stoplockedm /home/jzh/go/src/runtime/proc.go:3265:0 s=3250
   268: 0x5d0fcd M=1 github.com/jzhang405/NexKV/internal/infrastructure/concurrency.(*PerCoreExecutor).SubmitWithPriority /home/jzh/ws/go/src/github.com/jzhang405/NexKV/internal/infrastructure/concurrency/executor_percore.go:329:0 s=317
   269: 0x5d17af M=1 github.com/jzhang405/NexKV/internal/infrastructure/concurrency.(*coreWorker).run /home/jzh/ws/go/src/github.com/jzhang405/NexKV/internal/infrastructure/concurrency/executor_percore.go:464:0 s=432
   270: 0x4a4c9a M=1 time.Time.Before /home/jzh/go/src/time/time.go:282:0 s=281
   271: 0x5d203a M=1 github.com/jzhang405/NexKV/internal/infrastructure/concurrency.heapDown /home/jzh/ws/go/src/github.com/jzhang405/NexKV/internal/infrastructure/concurrency/executor_percore.go:541:0 s=527
   272: 0x42280d M=1 runtime.typePointers.next /home/jzh/go/src/runtime/mbitmap.go:244:0 s=243
   273: 0x434de8 M=1 runtime.scanObject /home/jzh/go/src/runtime/mgcmark_greenteagc.go:1242:0 s=1187
   274: 0x42d72d M=1 runtime.gcDrainMarkWorkerDedicated /home/jzh/go/src/runtime/mgcmark.go:1178:0 s=1173
             runtime.gcBgMarkWorker.func2 /home/jzh/go/src/runtime/mgc.go:1877:0 s=1847
   275: 0x4d3594 M=1 context.(*cancelCtx).Err /home/jzh/go/src/context/context.go:465:0 s=463
   276: 0x5d1881 M=1 github.com/jzhang405/NexKV/internal/infrastructure/concurrency.(*coreWorker).run /home/jzh/ws/go/src/github.com/jzhang405/NexKV/internal/infrastructure/concurrency/executor_percore.go:458:0 s=432
   277: 0x4228b1 M=1 runtime.typePointers.next /home/jzh/go/src/runtime/mbitmap.go:269:0 s=243
   278: 0x422817 M=1 runtime.typePointers.next /home/jzh/go/src/runtime/mbitmap.go:244:0 s=243
   279: 0x42d679 M=1 runtime.gcDrainMarkWorkerDedicated /home/jzh/go/src/runtime/mgcmark.go:1178:0 s=1173
             runtime.gcBgMarkWorker.func2 /home/jzh/go/src/runtime/mgc.go:1862:0 s=1847
   280: 0x422848 M=1 runtime.typePointers.next /home/jzh/go/src/runtime/mbitmap.go:256:0 s=243
   281: 0x422d36 M=1 runtime.bulkBarrierPreWrite /home/jzh/go/src/runtime/mbitmap.go:448:0 s=388
   282: 0x4224bc M=1 runtime.wbMove /home/jzh/go/src/runtime/mbarrier.go:197:0 s=192
   283: 0x5d1b45 M=1 github.com/jzhang405/NexKV/internal/infrastructure/concurrency.heapPop /home/jzh/ws/go/src/github.com/jzhang405/NexKV/internal/infrastructure/concurrency/executor_percore.go:506:0 s=499
   284: 0x456ddc M=1 runtime.startm /home/jzh/go/src/runtime/proc.go:3125:0 s=3035
   285: 0x459776 M=1 runtime.schedule /home/jzh/go/src/runtime/proc.go:4138:0 s=4135
   286: 0x490b8b M=1 runtime.nanotime1 /home/jzh/go/src/runtime/sys_linux_amd64.s:245:0 s=223
   287: 0x5d17a0 M=1 github.com/jzhang405/NexKV/internal/infrastructure/concurrency.(*coreWorker).run /home/jzh/ws/go/src/github.com/jzhang405/NexKV/internal/infrastructure/concurrency/executor_percore.go:464:0 s=432
   288: 0x45e789 M=1 runtime.wirep /home/jzh/go/src/runtime/proc.go:6306:0 s=6296
   289: 0x485bf3 M=1 runtime.mallocgc /home/jzh/go/src/runtime/malloc.go:1241:0 s=1119
   290: 0x48585a M=1 runtime.convT64 /home/jzh/go/src/runtime/iface.go:404:0 s=400
   291: 0x5d8493 M=1 github.com/jzhang405/NexKV/internal/infrastructure/concurrency.TestPerCore_CPUAffinity_PerfAnalysis.func3.1 /home/jzh/ws/go/src/github.com/jzhang405/NexKV/internal/infrastructure/concurrency/affinity_perf_test.go:149:0 s=138
   292: 0x5d1c10 M=1 github.com/jzhang405/NexKV/internal/infrastructure/concurrency.heapPop /home/jzh/ws/go/src/github.com/jzhang405/NexKV/internal/infrastructure/concurrency/executor_percore.go:511:0 s=499
   293: 0x48bae7 M=1 time.runtimeNano /home/jzh/go/src/runtime/time.go:33:0 s=33
   294: 0x45441e M=1 runtime.casgstatus /home/jzh/go/src/runtime/proc.go:1331:0 s=1277
   295: 0x4538a4 M=1 runtime.ready /home/jzh/go/src/runtime/proc.go:1132:0 s=1120
   296: 0x4660e4 M=1 runtime.readyWithTime.goready.func1 /home/jzh/go/src/runtime/proc.go:483:0 s=482
   297: 0x46608d M=1 runtime.goready /home/jzh/go/src/runtime/proc.go:482:0 s=481
             runtime.readyWithTime /home/jzh/go/src/runtime/sema.go:131:0 s=127
   298: 0x4665cf M=1 runtime.semrelease1 /home/jzh/go/src/runtime/sema.go:263:0 s=207
   299: 0x489452 M=1 internal/sync.runtime_Semrelease /home/jzh/go/src/runtime/sema.go:124:0 s=123
   300: 0x493d3a M=1 internal/sync.(*Mutex).unlockSlow /home/jzh/go/src/internal/sync/mutex.go:221:0 s=202
   301: 0x4d9e5d M=1 fmt.(*fmt).fmtInteger /home/jzh/go/src/fmt/format.go:198:0 s=197
   302: 0x4dc95c M=1 fmt.(*pp).fmtInteger /home/jzh/go/src/fmt/print.go:431:0 s=422
   303: 0x4de86b M=1 fmt.(*pp).printArg /home/jzh/go/src/fmt/print.go:720:0 s=682
   304: 0x5d202c M=1 github.com/jzhang405/NexKV/internal/infrastructure/concurrency.heapDown /home/jzh/ws/go/src/github.com/jzhang405/NexKV/internal/infrastructure/concurrency/executor_percore.go:541:0 s=527
   305: 0x420b80 M=1 runtime.nextFreeFast /home/jzh/go/src/runtime/malloc.go:1022:0 s=1021
             runtime.mallocgcTiny /home/jzh/go/src/runtime/malloc.go:1329:0 s=1254
   306: 0x458c77 M=1 runtime.stealWork /home/jzh/go/src/runtime/proc.go:3837:0 s=3828
   307: 0x4942bc M=1 sync.(*Pool).Get /home/jzh/go/src/sync/pool.go:136:0 s=131
   308: 0x4db25d M=1 fmt.newPrinter /home/jzh/go/src/fmt/print.go:152:0 s=151
   309: 0x487d8d M=1 runtime.gopark /home/jzh/go/src/runtime/proc.go:458:0 s=445
   310: 0x489652 M=1 runtime.goparkunlock /home/jzh/go/src/runtime/proc.go:468:0 s=467
             sync.runtime_notifyListWait /home/jzh/go/src/runtime/sema.go:617:0 s=588
   311: 0x45ebd4 M=1 runtime.checkdead /home/jzh/go/src/runtime/proc.go:6396:0 s=6367
   312: 0x493e46 M=1 sync.(*Cond).Signal /home/jzh/go/src/sync/cond.go:82:0 s=82
   313: 0x420af8 M=1 runtime.mallocgcTiny /home/jzh/go/src/runtime/malloc.go:1303:0 s=1254
   314: 0x4d9d71 M=1 fmt.(*fmt).fmtInteger /home/jzh/go/src/fmt/format.go:313:0 s=197
   315: 0x5d0565 M=1 github.com/jzhang405/NexKV/internal/infrastructure/concurrency.taskQueue.Less /home/jzh/ws/go/src/github.com/jzhang405/NexKV/internal/infrastructure/concurrency/executor_percore.go:145:0 s=126
   316: 0x493fe0 M=1 sync.(*Mutex).Unlock /home/jzh/go/src/sync/mutex.go:64:0 s=64
   317: 0x4a5ee6 M=1 time.Since /home/jzh/go/src/time/time.go:1228:0 s=1227
   318: 0x5d2030 M=1 github.com/jzhang405/NexKV/internal/infrastructure/concurrency.heapDown /home/jzh/ws/go/src/github.com/jzhang405/NexKV/internal/infrastructure/concurrency/executor_percore.go:541:0 s=527
   319: 0x5d1bd3 M=1 github.com/jzhang405/NexKV/internal/infrastructure/concurrency.heapPop /home/jzh/ws/go/src/github.com/jzhang405/NexKV/internal/infrastructure/concurrency/executor_percore.go:511:0 s=499
   320: 0x424940 M=1 runtime.(*mcache).prepareForSweep /home/jzh/go/src/runtime/mcache.go:360:0 s=350
   321: 0x5d184a M=1 github.com/jzhang405/NexKV/internal/infrastructure/concurrency.(*coreWorker).run /home/jzh/ws/go/src/github.com/jzhang405/NexKV/internal/infrastructure/concurrency/executor_percore.go:453:0 s=432
   322: 0x493e03 M=1 sync.(*Cond).Wait /home/jzh/go/src/sync/cond.go:72:0 s=67
   323: 0x45433a M=1 runtime.nanotime /home/jzh/go/src/runtime/time_nofake.go:33:0 s=32
             runtime.casgstatus /home/jzh/go/src/runtime/proc.go:1344:0 s=1277
   324: 0x45998f M=1 runtime.schedule /home/jzh/go/src/runtime/proc.go:4230:0 s=4135
   325: 0x420abd M=1 runtime.acquirem /home/jzh/go/src/runtime/runtime1.go:603:0 s=600
             runtime.mallocgcTiny /home/jzh/go/src/runtime/malloc.go:1256:0 s=1254
   326: 0x4e10e2 M=1 fmt.(*pp).doPrintf /home/jzh/go/src/fmt/print.go:1025:0 s=1020
   327: 0x490b80 M=1 runtime.nanotime1 /home/jzh/go/src/runtime/sys_linux_amd64.s:223:0 s=223
   328: 0x490ba6 M=1 runtime.nanotime1 /home/jzh/go/src/runtime/sys_linux_amd64.s:255:0 s=223
   329: 0x48bb16 M=1 runtime.nanotime /home/jzh/go/src/runtime/time_nofake.go:33:0 s=32
             time.runtimeNano /home/jzh/go/src/runtime/time.go:38:0 s=33
   330: 0x4d9e6a M=1 fmt.(*fmt).fmtInteger /home/jzh/go/src/fmt/format.go:246:0 s=197
   331: 0x5d20e7 M=1 github.com/jzhang405/NexKV/internal/infrastructure/concurrency.heapDown /home/jzh/ws/go/src/github.com/jzhang405/NexKV/internal/infrastructure/concurrency/executor_percore.go:541:0 s=527
   332: 0x45a5f7 M=1 runtime.goexit0 /home/jzh/go/src/runtime/proc.go:4500:0 s=4491
   333: 0x432c21 M=1 runtime.(*spanInlineMarkBits).init /home/jzh/go/src/runtime/mgcmark_greenteagc.go:142:0 s=113
   334: 0x42317b M=1 runtime.(*mspan).initInlineMarkBits /home/jzh/go/src/runtime/mgcmark_greenteagc.go:190:0 s=185
             runtime.(*mspan).initHeapBits /home/jzh/go/src/runtime/mbitmap.go:519:0 s=508
   335: 0x424fe4 M=1 runtime.(*mcentral).grow /home/jzh/go/src/runtime/mcentral.go:257:0 s=251
   336: 0x424e53 M=1 runtime.(*mcentral).cacheSpan /home/jzh/go/src/runtime/mcentral.go:171:0 s=82
   337: 0x42442a M=1 runtime.(*mcache).refill /home/jzh/go/src/runtime/mcache.go:205:0 s=160
   338: 0x42091d M=1 runtime.(*mcache).nextFree /home/jzh/go/src/runtime/malloc.go:1058:0 s=1048
   339: 0x420f04 M=1 runtime.mallocgcSmallNoscan /home/jzh/go/src/runtime/malloc.go:1449:0 s=1410
   340: 0x485beb M=1 runtime.mallocgc /home/jzh/go/src/runtime/malloc.go:1195:0 s=1119
   341: 0x485d7d M=1 runtime.newarray /home/jzh/go/src/runtime/malloc.go:2253:0 s=2251
   342: 0x485dd2 M=1 internal/runtime/maps.newarray /home/jzh/go/src/runtime/malloc.go:2283:0 s=2282
   343: 0x40ce24 M=1 internal/runtime/maps.newGroups /home/jzh/go/src/internal/runtime/maps/group.go:321:0 s=318
             internal/runtime/maps.(*Map).growToSmall /home/jzh/go/src/internal/runtime/maps/map.go:599:0 s=598
   344: 0x411396 M=1 runtime.mapassign_fast64 /home/jzh/go/src/internal/runtime/maps/runtime_fast64.go:217:0 s=196
   345: 0x502b31 M=1 testing.(*common).Helper /home/jzh/go/src/testing/testing.go:1288:0 s=1272
   346: 0x5ca846 M=1 github.com/stretchr/testify/require.NoError /home/jzh/ws/go/pkg/mod/github.com/stretchr/testify@v1.11.1/require/require.go:1396:0 s=1394
   347: 0x5d9694 M=1 github.com/jzhang405/NexKV/internal/infrastructure/concurrency.TestPerCoreExecutor_CPUAffinityDisabled /home/jzh/ws/go/src/github.com/jzhang405/NexKV/internal/infrastructure/concurrency/affinity_test.go:60:0 s=54
   348: 0x4523c0 M=1 runtime.releaseSudog /home/jzh/go/src/runtime/proc.go:526:0 s=526
   349: 0x4655cb M=1 runtime.selectgo /home/jzh/go/src/runtime/select.go:399:0 s=122
   350: 0x55a4ec M=1 github.com/panjf2000/ants/v2.(*Pool).ticktock /home/jzh/ws/go/pkg/mod/github.com/panjf2000/ants/v2@v2.9.0/pool.go:127:0 s=119
   351: 0x41e940 M=1 runtime.(*listHeadManual).push /home/jzh/go/src/runtime/list_manual.go:79:0 s=79
   352: 0x4609bc M=1 runtime.mput /home/jzh/go/src/runtime/proc.go:7203:0 s=7200
   353: 0x47010a M=1 runtime.funcMaxSPDelta /home/jzh/go/src/runtime/symtab.go:1220:0 s=1220
   354: 0x46c06e M=1 runtime.newstack /home/jzh/go/src/runtime/stack.go:1156:0 s=1026
   355: 0x5cda8f M=1 github.com/jzhang405/NexKV/internal/infrastructure/concurrency.pinToCore /home/jzh/ws/go/src/github.com/jzhang405/NexKV/internal/infrastructure/concurrency/affinity_linux.go:39:0 s=39
   356: 0x5d175c M=1 github.com/jzhang405/NexKV/internal/infrastructure/concurrency.(*coreWorker).run /home/jzh/ws/go/src/github.com/jzhang405/NexKV/internal/infrastructure/concurrency/executor_percore.go:443:0 s=432
   357: 0x42eb7b M=1 runtime.limiterEventStamp.typ /home/jzh/go/src/runtime/mgclimit.go:389:0 s=388
             runtime.(*limiterEvent).stop /home/jzh/go/src/runtime/mgclimit.go:451:0 s=447
   358: 0x460e53 M=1 runtime.pidleget /home/jzh/go/src/runtime/proc.go:7415:0 s=7402
   359: 0x460eb2 M=1 runtime.pidlegetSpinning /home/jzh/go/src/runtime/proc.go:7433:0 s=7430
   360: 0x487ee4 M=1 runtime.wakep /home/jzh/go/src/runtime/proc.go:3228:0 s=3212
   361: 0x41f996 M=1 runtime.semawakeup /home/jzh/go/src/runtime/lock_futex.go:161:0 s=158
             runtime.unlock2Wake /home/jzh/go/src/runtime/lock_spinbit.go:461:0 s=345
   362: 0x41f692 M=1 runtime.unlock2 /home/jzh/go/src/runtime/lock_spinbit.go:314:0 s=267
   363: 0x459e8e M=1 runtime.unlockWithRank /home/jzh/go/src/runtime/lockrank_off.go:35:0 s=34
             runtime.unlock /home/jzh/go/src/runtime/lock_spinbit.go:261:0 s=260
             runtime.goschedImpl /home/jzh/go/src/runtime/proc.go:4338:0 s=4307
   364: 0x45a014 M=1 runtime.gosched_m /home/jzh/go/src/runtime/proc.go:4350:0 s=4349
   365: 0x460ecd M=1 runtime.pidlegetSpinning /home/jzh/go/src/runtime/proc.go:7439:0 s=7430
   366: 0x459e9c M=1 runtime.goschedImpl /home/jzh/go/src/runtime/proc.go:4342:0 s=4307
   367: 0x457b65 M=1 runtime.lockWithRank /home/jzh/go/src/runtime/lockrank_off.go:24:0 s=23
             runtime.lock /home/jzh/go/src/runtime/lock_spinbit.go:152:0 s=151
             runtime.findRunnable /home/jzh/go/src/runtime/proc.go:3475:0 s=3389
   368: 0x4577af M=1 runtime.execute /home/jzh/go/src/runtime/proc.go:3382:0 s=3331
   369: 0x459ea4 M=1 runtime.goschedImpl /home/jzh/go/src/runtime/proc.go:4345:0 s=4307
   370: 0x459e3a M=1 runtime.lockWithRank /home/jzh/go/src/runtime/lockrank_off.go:24:0 s=23
             runtime.lock /home/jzh/go/src/runtime/lock_spinbit.go:152:0 s=151
             runtime.goschedImpl /home/jzh/go/src/runtime/proc.go:4336:0 s=4307
   371: 0x417e1d M=1 runtime.unlockWithRank /home/jzh/go/src/runtime/lockrank_off.go:35:0 s=34
             runtime.unlock /home/jzh/go/src/runtime/lock_spinbit.go:261:0 s=260
             runtime.chansend.func1 /home/jzh/go/src/runtime/chan.go:232:0 s=232
   372: 0x417f0d M=1 runtime.send /home/jzh/go/src/runtime/chan.go:344:0 s=318
   373: 0x417d53 M=1 runtime.chansend /home/jzh/go/src/runtime/chan.go:232:0 s=176
   374: 0x4177f6 M=1 runtime.chansend1 /home/jzh/go/src/runtime/chan.go:161:0 s=160
   375: 0x55b5c4 M=1 github.com/panjf2000/ants/v2.(*goWorker).inputFunc /home/jzh/ws/go/pkg/mod/github.com/panjf2000/ants/v2@v2.9.0/worker.go:84:0 s=83
   376: 0x55acc1 M=1 github.com/panjf2000/ants/v2.(*Pool).Submit /home/jzh/ws/go/pkg/mod/github.com/panjf2000/ants/v2@v2.9.0/pool.go:224:0 s=217
   377: 0x5d0291 M=1 github.com/panjf2000/ants/v2.Submit /home/jzh/ws/go/pkg/mod/github.com/panjf2000/ants/v2@v2.9.0/ants.go:109:0 s=108
             github.com/jzhang405/NexKV/internal/infrastructure/concurrency.(*AntsDefaultExecutor).Submit /home/jzh/ws/go/src/github.com/jzhang405/NexKV/internal/infrastructure/concurrency/executor_ants.go:41:0 s=28
   378: 0x5d37dc M=1 github.com/jzhang405/NexKV/internal/infrastructure/concurrency.(*TaskScheduler).Submit /home/jzh/ws/go/src/github.com/jzhang405/NexKV/internal/infrastructure/concurrency/scheduler.go:213:0 s=186
   379: 0x5e4204 M=1 github.com/jzhang405/NexKV/internal/infrastructure/concurrency.TestIntegration_HighConcurrency.func1 /home/jzh/ws/go/src/github.com/jzhang405/NexKV/internal/infrastructure/concurrency/integration_test.go:241:0 s=239
   380: 0x418bbe M=1 runtime.chanrecv /home/jzh/go/src/runtime/chan.go:664:0 s=524
   381: 0x418731 M=1 runtime.chanrecv2 /home/jzh/go/src/runtime/chan.go:514:0 s=513
   382: 0x55b349 M=1 github.com/panjf2000/ants/v2.(*goWorker).run.func1 /home/jzh/ws/go/pkg/mod/github.com/panjf2000/ants/v2@v2.9.0/worker.go:63:0 s=48
   383: 0x487edc M=1 runtime.lockWithRank /home/jzh/go/src/runtime/lockrank_off.go:24:0 s=23
             runtime.lock /home/jzh/go/src/runtime/lock_spinbit.go:152:0 s=151
             runtime.wakep /home/jzh/go/src/runtime/proc.go:3227:0 s=3212
   384: 0x4665af M=1 runtime.unlockWithRank /home/jzh/go/src/runtime/lockrank_off.go:35:0 s=34
             runtime.unlock /home/jzh/go/src/runtime/lock_spinbit.go:261:0 s=260
             runtime.semrelease1 /home/jzh/go/src/runtime/sema.go:223:0 s=207
   385: 0x495071 M=1 internal/sync.(*Mutex).Unlock /home/jzh/go/src/internal/sync/mutex.go:198:0 s=187
             sync.(*Mutex).Unlock /home/jzh/go/src/sync/mutex.go:65:0 s=64
             sync.(*RWMutex).Unlock /home/jzh/go/src/sync/rwmutex.go:219:0 s=201
   386: 0x5d37b1 M=1 github.com/jzhang405/NexKV/internal/infrastructure/concurrency.(*TaskScheduler).Submit /home/jzh/ws/go/src/github.com/jzhang405/NexKV/internal/infrastructure/concurrency/scheduler.go:210:0 s=186
   387: 0x434e05 M=1 runtime.scanObject /home/jzh/go/src/runtime/mgcmark_greenteagc.go:1250:0 s=1187
   388: 0x439544 M=1 runtime.unlockWithRank /home/jzh/go/src/runtime/lockrank_off.go:35:0 s=34
             runtime.unlock /home/jzh/go/src/runtime/lock_spinbit.go:261:0 s=260
             runtime.bgsweep /home/jzh/go/src/runtime/mgcsweep.go:316:0 s=272
   389: 0x48fad9 M=1 runtime.memclrNoHeapPointers /home/jzh/go/src/runtime/memclr_amd64.s:127:0 s=15
   390: 0x421c64 M=1 runtime.memclrNoHeapPointersChunked /home/jzh/go/src/runtime/malloc.go:2201:0 s=2186
   391: 0x4218e9 M=1 runtime.mallocgcLarge /home/jzh/go/src/runtime/malloc.go:1815:0 s=1739
   392: 0x485bf2 M=1 runtime.mallocgc /home/jzh/go/src/runtime/malloc.go:1208:0 s=1119
   393: 0x48a0a8 M=1 runtime.makeslice /home/jzh/go/src/runtime/slice.go:117:0 s=102
   394: 0x5d0d97 M=1 github.com/jzhang405/NexKV/internal/infrastructure/concurrency.(*PerCoreExecutor).newWorker /home/jzh/ws/go/src/github.com/jzhang405/NexKV/internal/infrastructure/concurrency/executor_percore.go:297:0 s=290
   395: 0x5d0a45 M=1 github.com/jzhang405/NexKV/internal/infrastructure/concurrency.NewPerCoreExecutor /home/jzh/ws/go/src/github.com/jzhang405/NexKV/internal/infrastructure/concurrency/executor_percore.go:258:0 s=225
   396: 0x5e60e9 M=1 github.com/jzhang405/NexKV/internal/infrastructure/concurrency.TestStress_HighLoad /home/jzh/ws/go/src/github.com/jzhang405/NexKV/internal/infrastructure/concurrency/integration_test.go:475:0 s=468
   397: 0x422832 M=1 runtime.typePointers.next /home/jzh/go/src/runtime/mbitmap.go:255:0 s=243
   398: 0x422812 M=1 runtime.typePointers.next /home/jzh/go/src/runtime/mbitmap.go:244:0 s=243
   399: 0x472274 M=1 runtime.nanotime /home/jzh/go/src/runtime/time_nofake.go:33:0 s=32
             runtime.(*timers).check /home/jzh/go/src/runtime/time.go:1020:0 s=1009
   400: 0x45787b M=1 runtime.findRunnable /home/jzh/go/src/runtime/proc.go:3415:0 s=3389
   401: 0x46a4e0 M=1 runtime.stackpoolalloc /home/jzh/go/src/runtime/stack.go:221:0 s=194
   402: 0x46a755 M=1 runtime.stackcacherefill /home/jzh/go/src/runtime/stack.go:290:0 s=279
   403: 0x46ad28 M=1 runtime.stackalloc /home/jzh/go/src/runtime/stack.go:392:0 s=344
   404: 0x45bb9e M=1 runtime.malg.func1 /home/jzh/go/src/runtime/proc.go:5278:0 s=5277
   405: 0x45bb1c M=1 runtime.malg /home/jzh/go/src/runtime/proc.go:5277:0 s=5273
   406: 0x45bd38 M=1 runtime.newproc1 /home/jzh/go/src/runtime/proc.go:5322:0 s=5313
   407: 0x45bc64 M=1 runtime.newproc.func1 /home/jzh/go/src/runtime/proc.go:5299:0 s=5298
   408: 0x45bbfe M=1 runtime.newproc /home/jzh/go/src/runtime/proc.go:5298:0 s=5295
   409: 0x55b2bb M=1 github.com/panjf2000/ants/v2.(*goWorker).run /home/jzh/ws/go/pkg/mod/github.com/panjf2000/ants/v2@v2.9.0/worker.go:48:0 s=46
   410: 0x55b029 M=1 github.com/panjf2000/ants/v2.(*Pool).retrieveWorker /home/jzh/ws/go/pkg/mod/github.com/panjf2000/ants/v2@v2.9.0/pool.go:348:0 s=333
   411: 0x55aca4 M=1 github.com/panjf2000/ants/v2.(*Pool).Submit /home/jzh/ws/go/pkg/mod/github.com/panjf2000/ants/v2@v2.9.0/pool.go:222:0 s=217
   412: 0x5e6374 M=1 github.com/jzhang405/NexKV/internal/infrastructure/concurrency.TestStress_HighLoad /home/jzh/ws/go/src/github.com/jzhang405/NexKV/internal/infrastructure/concurrency/integration_test.go:496:0 s=468
   413: 0x4537ea M=1 runtime.(*m).clearAllpSnapshot /home/jzh/go/src/runtime/proc.go:1098:0 s=1097
   414: 0x45782d M=1 runtime.findRunnable /home/jzh/go/src/runtime/proc.go:3400:0 s=3389
   415: 0x4233ac M=1 runtime.(*mspan).writeHeapBitsSmall /home/jzh/go/src/runtime/mbitmap.go:653:0 s=624
   416: 0x42124b M=1 runtime.heapSetTypeNoHeader /home/jzh/go/src/runtime/mbitmap.go:709:0 s=705
             runtime.mallocgcSmallScanNoHeader /home/jzh/go/src/runtime/malloc.go:1592:0 s=1555
   417: 0x485bc4 M=1 runtime.mallocgc /home/jzh/go/src/runtime/malloc.go:1202:0 s=1119
   418: 0x421ce4 M=1 runtime.newobject /home/jzh/go/src/runtime/malloc.go:2209:0 s=2208
   419: 0x5d0239 M=1 github.com/jzhang405/NexKV/internal/infrastructure/concurrency.(*AntsDefaultExecutor).Submit /home/jzh/ws/go/src/github.com/jzhang405/NexKV/internal/infrastructure/concurrency/executor_ants.go:41:0 s=28
   420: 0x40dc83 M=1 internal/runtime/maps.(*Map).getWithoutKeySmallFastStr /home/jzh/go/src/internal/runtime/maps/runtime_faststr.go:66:0 s=15
   421: 0x411b9a M=1 runtime.mapaccess1_faststr /home/jzh/go/src/internal/runtime/maps/runtime_faststr.go:118:0 s=101
   422: 0x5d3276 M=1 github.com/jzhang405/NexKV/internal/domain/model.SourceID.RecommendedMode /home/jzh/ws/go/src/github.com/jzhang405/NexKV/internal/domain/model/source_id.go:141:0 s=131
             github.com/jzhang405/NexKV/internal/infrastructure/concurrency.(*TaskScheduler).Route /home/jzh/ws/go/src/github.com/jzhang405/NexKV/internal/infrastructure/concurrency/scheduler.go:133:0 s=121
   423: 0x5d361a M=1 github.com/jzhang405/NexKV/internal/infrastructure/concurrency.(*TaskScheduler).Submit /home/jzh/ws/go/src/github.com/jzhang405/NexKV/internal/infrastructure/concurrency/scheduler.go:188:0 s=186
   424: 0x487dd3 M=1 runtime.gopark /home/jzh/go/src/runtime/proc.go:463:0 s=445
   425: 0x418bed M=1 runtime.chanrecv /home/jzh/go/src/runtime/chan.go:667:0 s=524
   426: 0x4543f5 M=1 runtime.nanotime /home/jzh/go/src/runtime/time_nofake.go:33:0 s=32
             runtime.casgstatus /home/jzh/go/src/runtime/proc.go:1373:0 s=1277
   427: 0x459d78 M=1 runtime.goschedImpl /home/jzh/go/src/runtime/proc.go:4325:0 s=4307
   428: 0x418c0d M=1 runtime.chanrecv /home/jzh/go/src/runtime/chan.go:673:0 s=524
   429: 0x5e6600 M=1 github.com/jzhang405/NexKV/internal/infrastructure/concurrency.TestStress_HighLoad.func1 /home/jzh/ws/go/src/github.com/jzhang405/NexKV/internal/infrastructure/concurrency/integration_test.go:498:0 s=496
   430: 0x5d031e M=1 github.com/jzhang405/NexKV/internal/infrastructure/concurrency.(*AntsDefaultExecutor).Submit.func1 /home/jzh/ws/go/src/github.com/jzhang405/NexKV/internal/infrastructure/concurrency/executor_ants.go:42:0 s=41
   431: 0x55b369 M=1 github.com/panjf2000/ants/v2.(*goWorker).run.func1 /home/jzh/ws/go/pkg/mod/github.com/panjf2000/ants/v2@v2.9.0/worker.go:67:0 s=48
   432: 0x46120a M=1 runtime.runqputbatch /home/jzh/go/src/runtime/proc.go:7591:0 s=7565
   433: 0x45896e M=1 runtime.findRunnable /home/jzh/go/src/runtime/proc.go:3479:0 s=3389
   434: 0x559f8a M=1 github.com/panjf2000/ants/v2/internal/sync.(*spinLock).Lock /home/jzh/ws/go/pkg/mod/github.com/panjf2000/ants/v2@v2.9.0/internal/sync/spinlock.go:21:0 s=17
   435: 0x55b187 M=1 github.com/panjf2000/ants/v2.(*Pool).revertWorker /home/jzh/ws/go/pkg/mod/github.com/panjf2000/ants/v2@v2.9.0/pool.go:380:0 s=372
   436: 0x55b376 M=1 github.com/panjf2000/ants/v2.(*goWorker).run.func1 /home/jzh/ws/go/pkg/mod/github.com/panjf2000/ants/v2@v2.9.0/worker.go:68:0 s=48
   437: 0x460f91 M=1 runtime.(*guintptr).cas /home/jzh/go/src/runtime/runtime2.go:252:0 s=251
             runtime.runqput /home/jzh/go/src/runtime/proc.go:7497:0 s=7478
   438: 0x453931 M=1 runtime.ready /home/jzh/go/src/runtime/proc.go:1137:0 s=1120
   439: 0x418024 M=1 runtime.send.goready.func1 /home/jzh/go/src/runtime/proc.go:483:0 s=482
   440: 0x417f9e M=1 runtime.goready /home/jzh/go/src/runtime/proc.go:482:0 s=481
             runtime.send /home/jzh/go/src/runtime/chan.go:350:0 s=318
   441: 0x5d01ce M=1 github.com/jzhang405/NexKV/internal/infrastructure/concurrency.(*AntsDefaultExecutor).Submit /home/jzh/ws/go/src/github.com/jzhang405/NexKV/internal/infrastructure/concurrency/executor_ants.go:29:0 s=28
   442: 0x41e856 M=1 runtime.(*lfstack).push /home/jzh/go/src/runtime/lfstack.go:30:0 s=24
   443: 0x43bb64 M=1 runtime.putempty /home/jzh/go/src/runtime/mgcwork.go:482:0 s=480
   444: 0x430f28 M=1 runtime.scanstack /home/jzh/go/src/runtime/mgcmark.go:1058:0 s=904
   445: 0x42f7b0 M=1 runtime.markroot.func1 /home/jzh/go/src/runtime/mgcmark.go:306:0 s=280
   446: 0x42f404 M=1 runtime.markroot /home/jzh/go/src/runtime/mgcmark.go:280:0 s=221
   447: 0x431906 M=1 runtime.gcDrain /home/jzh/go/src/runtime/mgcmark.go:1275:0 s=1239
   448: 0x41e8a8 M=1 runtime.(*lfstack).pop /home/jzh/go/src/runtime/lfstack.go:49:0 s=36
   449: 0x43b92d M=1 runtime.getempty /home/jzh/go/src/runtime/mgcwork.go:427:0 s=424
   450: 0x438baf M=1 runtime.(*stackScanState).putPtr /home/jzh/go/src/runtime/mgcstack.go:213:0 s=202
   451: 0x431d92 M=1 runtime.scanblock /home/jzh/go/src/runtime/mgcmark.go:1499:0 s=1479
   452: 0x43124d M=1 runtime.scanframeworker /home/jzh/go/src/runtime/mgcmark.go:1123:0 s=1069
   453: 0x430d46 M=1 runtime.scanstack /home/jzh/go/src/runtime/mgcmark.go:973:0 s=904
   454: 0x438d8e M=1 runtime.(*stackScanState).addObject /home/jzh/go/src/runtime/mgcstack.go:274:0 s=270
   455: 0x43139c M=1 runtime.scanframeworker /home/jzh/go/src/runtime/mgcmark.go:1151:0 s=1069
   456: 0x417861 M=1 runtime.chansend /home/jzh/go/src/runtime/chan.go:177:0 s=176
   457: 0x5e68d9 M=1 github.com/jzhang405/NexKV/internal/infrastructure/concurrency.TestStress_MemoryUsage /home/jzh/ws/go/src/github.com/jzhang405/NexKV/internal/infrastructure/concurrency/integration_test.go:533:0 s=514
   458: 0x46d12d M=1 runtime.(*stkframe).getStackMap /home/jzh/go/src/runtime/stkframe.go:193:0 s=157
   459: 0x43120e M=1 runtime.scanframeworker /home/jzh/go/src/runtime/mgcmark.go:1118:0 s=1069
   460: 0x46fe93 M=1 runtime.pcvalue /home/jzh/go/src/runtime/symtab.go:1040:0 s=1013
   461: 0x47026d M=1 runtime.pcdatavalue /home/jzh/go/src/runtime/symtab.go:1244:0 s=1240
   462: 0x46d0a4 M=1 runtime.(*stkframe).getStackMap /home/jzh/go/src/runtime/stkframe.go:172:0 s=157
   463: 0x4753d9 M=1 runtime.(*unwinder).initAt /home/jzh/go/src/runtime/traceback.go:216:0 s=133
   464: 0x430c79 M=1 runtime.(*unwinder).init /home/jzh/go/src/runtime/traceback.go:130:0 s=123
             runtime.scanstack /home/jzh/go/src/runtime/mgcmark.go:972:0 s=904
   465: 0x490fd7 M=1 runtime.madvise /home/jzh/go/src/runtime/sys_linux_amd64.s:556:0 s=550
   466: 0x4271b5 M=1 runtime.sysUnusedOS /home/jzh/go/src/runtime/mem_linux.go:64:0 s=42
   467: 0x437ae8 M=1 runtime.sysUnused /home/jzh/go/src/runtime/mem.go:70:0 s=68
             runtime.(*pageAlloc).scavengeOne /home/jzh/go/src/runtime/mgcscavenge.go:778:0 s=732
   468: 0x4376ae M=1 runtime.(*pageAlloc).scavenge.func1 /home/jzh/go/src/runtime/mgcscavenge.go:683:0 s=682
   469: 0x437606 M=1 runtime.(*pageAlloc).scavenge /home/jzh/go/src/runtime/mgcscavenge.go:682:0 s=675
   470: 0x4831a7 M=1 runtime.(*scavengerState).init.func2 /home/jzh/go/src/runtime/mgcscavenge.go:395:0 s=393
   471: 0x4373ac M=1 runtime.(*scavengerState).run /home/jzh/go/src/runtime/mgcscavenge.go:602:0 s=576
   472: 0x437507 M=1 runtime.bgscavenge /home/jzh/go/src/runtime/mgcscavenge.go:656:0 s=649
   473: 0x45bec1 M=1 runtime.newproc1 /home/jzh/go/src/runtime/proc.go:5364:0 s=5313
   474: 0x5f02b5 M=1 github.com/jzhang405/NexKV/internal/infrastructure/concurrency.TestTaskScheduler_ConcurrentSubmit /home/jzh/ws/go/src/github.com/jzhang405/NexKV/internal/infrastructure/concurrency/scheduler_test.go:291:0 s=276
   475: 0x418c5e M=1 runtime.chanrecv /home/jzh/go/src/runtime/chan.go:678:0 s=524
   476: 0x43d536 M=1 runtime.sysUsed /home/jzh/go/src/runtime/mem.go:91:0 s=89
             runtime.(*mheap).allocSpan /home/jzh/go/src/runtime/mheap.go:1404:0 s=1224
   477: 0x43cd1b M=1 runtime.(*mheap).alloc.func1 /home/jzh/go/src/runtime/mheap.go:1017:0 s=1011
   478: 0x43cc76 M=1 runtime.(*mheap).alloc /home/jzh/go/src/runtime/mheap.go:1011:0 s=1006
   479: 0x424fd5 M=1 runtime.(*mcentral).grow /home/jzh/go/src/runtime/mcentral.go:253:0 s=251
   480: 0x4211c4 M=1 runtime.mallocgcSmallScanNoHeader /home/jzh/go/src/runtime/malloc.go:1581:0 s=1555
   481: 0x494b91 M=1 sync.(*poolChain).pushHead /home/jzh/go/src/sync/poolqueue.go:226:0 s=220
   482: 0x494264 M=1 sync.(*Pool).Put /home/jzh/go/src/sync/pool.go:115:0 s=99
   483: 0x55b41c M=1 github.com/panjf2000/ants/v2.(*goWorker).run.func1.1 /home/jzh/ws/go/pkg/mod/github.com/panjf2000/ants/v2@v2.9.0/worker.go:51:0 s=49
   484: 0x55b39e M=1 github.com/panjf2000/ants/v2.(*goWorker).run.func1 /home/jzh/ws/go/pkg/mod/github.com/panjf2000/ants/v2@v2.9.0/worker.go:65:0 s=48
   485: 0x442a18 M=1 runtime.mergeSummaries /home/jzh/go/src/runtime/mpagealloc.go:1092:0 s=1084
   486: 0x440bfa M=1 runtime.(*pageAlloc).update /home/jzh/go/src/runtime/mpagealloc.go:559:0 s=492
   487: 0x441018 M=1 runtime.(*pageAlloc).allocRange /home/jzh/go/src/runtime/mpagealloc.go:608:0 s=577
   488: 0x44211c M=1 runtime.(*pageAlloc).alloc /home/jzh/go/src/runtime/mpagealloc.go:922:0 s=879
   489: 0x43d234 M=1 runtime.(*mheap).allocSpan /home/jzh/go/src/runtime/mheap.go:1296:0 s=1224
   490: 0x4245be M=1 runtime.(*mcache).allocLarge /home/jzh/go/src/runtime/mcache.go:257:0 s=242
   491: 0x4217b8 M=1 runtime.mallocgcLarge /home/jzh/go/src/runtime/malloc.go:1755:0 s=1739
   492: 0x55aa2e M=1 github.com/panjf2000/ants/v2.newWorkerLoopQueue /home/jzh/ws/go/pkg/mod/github.com/panjf2000/ants/v2@v2.9.0/worker_loop_queue.go:16:0 s=14
             github.com/panjf2000/ants/v2.newWorkerQueue /home/jzh/ws/go/pkg/mod/github.com/panjf2000/ants/v2@v2.9.0/worker_queue.go:45:0 s=40
             github.com/panjf2000/ants/v2.NewPool /home/jzh/ws/go/pkg/mod/github.com/panjf2000/ants/v2@v2.9.0/pool.go:198:0 s=164
   493: 0x5d3fbc M=1 github.com/jzhang405/NexKV/internal/infrastructure/concurrency.NewAntsTaskPoolProvider /home/jzh/ws/go/src/github.com/jzhang405/NexKV/internal/infrastructure/concurrency/taskpool_ants_provider.go:118:0 s=107
   494: 0x5f4a17 M=1 github.com/jzhang405/NexKV/internal/infrastructure/concurrency.TestTypedResult_Done_IsDone /home/jzh/ws/go/src/github.com/jzhang405/NexKV/internal/infrastructure/concurrency/taskpool_ants_provider_test.go:576:0 s=575
   495: 0x43140e M=1 runtime.gcNextMarkRoot /home/jzh/go/src/runtime/mgcmark.go:1195:0 s=1191
   496: 0x4318ed M=1 runtime.gcDrain /home/jzh/go/src/runtime/mgcmark.go:1271:0 s=1239
   497: 0x434780 M=1 runtime.extractHeapBitsSmall /home/jzh/go/src/runtime/mgcmark_greenteagc.go:1072:0 s=1063
   498: 0x434586 M=1 runtime.scanObjectsSmall /home/jzh/go/src/runtime/mgcmark_greenteagc.go:1029:0 s=1015
   499: 0x433edd M=1 runtime.scanSpan /home/jzh/go/src/runtime/mgcmark_greenteagc.go:897:0 s=844
   500: 0x431bf3 M=1 runtime.gcDrainN /home/jzh/go/src/runtime/mgcmark.go:1441:0 s=1392
   501: 0x4305a4 M=1 runtime.gcAssistAlloc1 /home/jzh/go/src/runtime/mgcmark.go:745:0 s=711
   502: 0x43043a M=1 runtime.gcAssistAlloc.func2 /home/jzh/go/src/runtime/mgcmark.go:639:0 s=638
   503: 0x4300e4 M=1 runtime.gcAssistAlloc /home/jzh/go/src/runtime/mgcmark.go:638:0 s=499
   504: 0x421c05 M=1 runtime.deductAssistCredit /home/jzh/go/src/runtime/malloc.go:1913:0 s=1899
   505: 0x485b86 M=1 runtime.mallocgc /home/jzh/go/src/runtime/malloc.go:1165:0 s=1119
   506: 0x5f4fb7 M=1 github.com/jzhang405/NexKV/internal/infrastructure/concurrency.TestAntsTaskPoolProvider_Submit_ContextCanceled /home/jzh/ws/go/src/github.com/jzhang405/NexKV/internal/infrastructure/concurrency/taskpool_ants_provider_test.go:629:0 s=628
   507: 0x431408 M=1 internal/runtime/atomic.(*Uint32).Load /home/jzh/go/src/internal/runtime/atomic/types.go:194:0 s=193
             runtime.gcNextMarkRoot /home/jzh/go/src/runtime/mgcmark.go:1195:0 s=1191
   508: 0x434dfc M=1 runtime.scanObject /home/jzh/go/src/runtime/mgcmark_greenteagc.go:1250:0 s=1187
   509: 0x42d44c M=1 runtime.gcBgMarkWorker /home/jzh/go/src/runtime/mgc.go:1845:0 s=1750
   510: 0x460b18 M=1 runtime.(*gQueue).pop /home/jzh/go/src/runtime/proc.go:7805:0 s=7802
             runtime.globrunqgetbatch /home/jzh/go/src/runtime/proc.go:7306:0 s=7293
   511: 0x457b6f M=1 runtime.findRunnable /home/jzh/go/src/runtime/proc.go:3476:0 s=3389
   512: 0x5f6f8e M=1 github.com/jzhang405/NexKV/internal/infrastructure/concurrency.TestAntsTaskPoolProvider_HighConcurrency.func1.1 /home/jzh/ws/go/src/github.com/jzhang405/NexKV/internal/infrastructure/concurrency/taskpool_autoscale_test.go:225:0 s=223
   513: 0x5d4d1e M=1 github.com/jzhang405/NexKV/internal/infrastructure/concurrency.(*AntsTaskPoolProvider).Submit.func1.1 /home/jzh/ws/go/src/github.com/jzhang405/NexKV/internal/infrastructure/concurrency/taskpool_ants_provider.go:253:0 s=252
   514: 0x5d42c1 M=1 github.com/jzhang405/NexKV/internal/infrastructure/concurrency.(*AntsTaskPoolProvider).safeExecute /home/jzh/ws/go/src/github.com/jzhang405/NexKV/internal/infrastructure/concurrency/taskpool_ants_provider.go:164:0 s=157
   515: 0x5d4ce4 M=1 github.com/jzhang405/NexKV/internal/infrastructure/concurrency.(*AntsTaskPoolProvider).Submit.func1 /home/jzh/ws/go/src/github.com/jzhang405/NexKV/internal/infrastructure/concurrency/taskpool_ants_provider.go:252:0 s=251
   516: 0x491147 M=1 runtime.osyield /home/jzh/go/src/runtime/sys_linux_amd64.s:668:0 s=665
   517: 0x41f2f9 M=1 runtime.lock2 /home/jzh/go/src/runtime/lock_spinbit.go:220:0 s=155
   518: 0x4898bc M=1 sync.runtime_notifyListNotifyOne /home/jzh/go/src/runtime/sema.go:672:0 s=668
   519: 0x55b1dc M=1 github.com/panjf2000/ants/v2.(*Pool).revertWorker /home/jzh/ws/go/pkg/mod/github.com/panjf2000/ants/v2@v2.9.0/pool.go:392:0 s=372
   520: 0x42337c M=1 runtime.(*mspan).writeHeapBitsSmall /home/jzh/go/src/runtime/mbitmap.go:631:0 s=624
   521: 0x5d4bdc M=1 github.com/jzhang405/NexKV/internal/infrastructure/concurrency.(*AntsTaskPoolProvider).Submit /home/jzh/ws/go/src/github.com/jzhang405/NexKV/internal/infrastructure/concurrency/taskpool_ants_provider.go:251:0 s=240
   522: 0x5f6f04 M=1 github.com/jzhang405/NexKV/internal/infrastructure/concurrency.TestAntsTaskPoolProvider_HighConcurrency.func1 /home/jzh/ws/go/src/github.com/jzhang405/NexKV/internal/infrastructure/concurrency/taskpool_autoscale_test.go:223:0 s=220
   523: 0x41f5fe M=1 runtime.mutexSampleContention /home/jzh/go/src/runtime/lock_spinbit.go:330:0 s=329
             runtime.unlock2 /home/jzh/go/src/runtime/lock_spinbit.go:273:0 s=267
   524: 0x5d4c44 M=1 github.com/jzhang405/NexKV/internal/infrastructure/concurrency.(*AntsTaskPoolProvider).Submit /home/jzh/ws/go/src/github.com/jzhang405/NexKV/internal/infrastructure/concurrency/taskpool_ants_provider.go:251:0 s=240
   525: 0x453936 M=1 runtime.ready /home/jzh/go/src/runtime/proc.go:1138:0 s=1120
   526: 0x41f35e M=1 runtime.lock2 /home/jzh/go/src/runtime/lock_spinbit.go:239:0 s=155
   527: 0x457b9c M=1 runtime.unlockWithRank /home/jzh/go/src/runtime/lockrank_off.go:35:0 s=34
             runtime.unlock /home/jzh/go/src/runtime/lock_spinbit.go:261:0 s=260
             runtime.findRunnable /home/jzh/go/src/runtime/proc.go:3477:0 s=3389
   528: 0x418bc3 M=1 runtime.chanrecv /home/jzh/go/src/runtime/chan.go:664:0 s=524
   529: 0x48d80e M=1 runtime.mcall /home/jzh/go/src/runtime/asm_amd64.s:473:0 s=458
   530: 0x5d42c2 M=1 github.com/jzhang405/NexKV/internal/infrastructure/concurrency.(*AntsTaskPoolProvider).safeExecute /home/jzh/ws/go/src/github.com/jzhang405/NexKV/internal/infrastructure/concurrency/taskpool_ants_provider.go:165:0 s=157
   531: 0x5d4d1d M=1 github.com/jzhang405/NexKV/internal/infrastructure/concurrency.(*AntsTaskPoolProvider).Submit.func1.1 /home/jzh/ws/go/src/github.com/jzhang405/NexKV/internal/infrastructure/concurrency/taskpool_ants_provider.go:253:0 s=252
   532: 0x4537c6 M=1 runtime.(*m).clearAllpSnapshot /home/jzh/go/src/runtime/proc.go:1097:0 s=1097
   533: 0x41f204 M=1 runtime.lock2 /home/jzh/go/src/runtime/lock_spinbit.go:170:0 s=155
   534: 0x4178d1 M=1 runtime.lockWithRank /home/jzh/go/src/runtime/lockrank_off.go:24:0 s=23
             runtime.lock /home/jzh/go/src/runtime/lock_spinbit.go:152:0 s=151
             runtime.chansend /home/jzh/go/src/runtime/chan.go:222:0 s=176
   535: 0x5f748d M=1 github.com/jzhang405/NexKV/internal/infrastructure/concurrency.TestAntsTaskPoolProvider_RaceCondition.func1 /home/jzh/ws/go/src/github.com/jzhang405/NexKV/internal/infrastructure/concurrency/taskpool_autoscale_test.go:270:0 s=267
   536: 0x41f472 M=1 runtime.lock2 /home/jzh/go/src/runtime/lock_spinbit.go:247:0 s=155
   537: 0x48fb8b M=1 runtime.memclrNoHeapPointers /home/jzh/go/src/runtime/memclr_amd64.s:192:0 s=15
   538: 0x423144 M=1 runtime.(*mspan).initHeapBits /home/jzh/go/src/runtime/mbitmap.go:516:0 s=508
   539: 0x5d4826 M=1 github.com/jzhang405/NexKV/internal/infrastructure/concurrency.(*AntsTaskPoolProvider).scheduleDelayedTask /home/jzh/ws/go/src/github.com/jzhang405/NexKV/internal/infrastructure/concurrency/taskpool_ants_provider.go:211:0 s=196
   540: 0x5d5696 M=1 github.com/jzhang405/NexKV/internal/infrastructure/concurrency.(*AntsTaskPoolProvider).SubmitDelayed /home/jzh/ws/go/src/github.com/jzhang405/NexKV/internal/infrastructure/concurrency/taskpool_ants_provider.go:357:0 s=347
   541: 0x5f7a8d M=1 github.com/jzhang405/NexKV/internal/infrastructure/concurrency.TestAntsTaskPoolProvider_SubmitDelayed_TooMany.func1 /home/jzh/ws/go/src/github.com/jzhang405/NexKV/internal/infrastructure/concurrency/taskpool_autoscale_test.go:347:0 s=345
   542: 0x45c8a4 M=1 runtime.gfget.func2 /home/jzh/go/src/runtime/proc.go:5548:0 s=5547
   543: 0x45c81d M=1 runtime.gfget /home/jzh/go/src/runtime/proc.go:5547:0 s=5507
   544: 0x45bd29 M=1 runtime.newproc1 /home/jzh/go/src/runtime/proc.go:5320:0 s=5313
   545: 0x5f7908 M=1 github.com/jzhang405/NexKV/internal/infrastructure/concurrency.TestAntsTaskPoolProvider_SubmitDelayed_TooMany /home/jzh/ws/go/src/github.com/jzhang405/NexKV/internal/infrastructure/concurrency/taskpool_autoscale_test.go:345:0 s=327
   546: 0x403de8 M=1 indexbytebody /home/jzh/go/src/internal/bytealg/indexbyte_amd64.s:133:0 s=29
   547: 0x46e809 M=1 runtime.findnull /home/jzh/go/src/runtime/string.go:520:0 s=487
   548: 0x46f6ef M=1 runtime.gostringnocopy /home/jzh/go/src/runtime/string.go:544:0 s=543
             runtime.(*moduledata).funcName /home/jzh/go/src/runtime/symtab.go:762:0 s=758
   549: 0x478f2f M=1 runtime.funcname /home/jzh/go/src/runtime/symtab.go:1150:0 s=1146
             runtime.isSystemGoroutine /home/jzh/go/src/runtime/traceback.go:1437:0 s=1408
   550: 0x45be44 M=1 runtime.newproc1 /home/jzh/go/src/runtime/proc.go:5358:0 s=5313
   551: 0x5d488c M=1 github.com/jzhang405/NexKV/internal/infrastructure/concurrency.(*AntsTaskPoolProvider).scheduleDelayedTask /home/jzh/ws/go/src/github.com/jzhang405/NexKV/internal/infrastructure/concurrency/taskpool_ants_provider.go:211:0 s=196
   552: 0x4215ce M=1 runtime.heapSetTypeSmallHeader /home/jzh/go/src/runtime/mbitmap.go:737:0 s=716
             runtime.mallocgcSmallScanHeader /home/jzh/go/src/runtime/malloc.go:1687:0 s=1646
   553: 0x485bcb M=1 runtime.mallocgc /home/jzh/go/src/runtime/malloc.go:1204:0 s=1119
   554: 0x48a646 M=1 runtime.growslice /home/jzh/go/src/runtime/slice.go:273:0 s=178
   555: 0x4710d6 M=1 runtime.(*timers).addHeap /home/jzh/go/src/runtime/time.go:462:0 s=450
   556: 0x471b51 M=1 runtime.(*timer).maybeAdd /home/jzh/go/src/runtime/time.go:749:0 s=711
   557: 0x4730c4 M=1 runtime.blockTimerChan /home/jzh/go/src/runtime/time.go:1506:0 s=1474
   558: 0x465424 M=1 runtime.selectgo /home/jzh/go/src/runtime/select.go:340:0 s=122
   559: 0x5d4a19 M=1 github.com/jzhang405/NexKV/internal/infrastructure/concurrency.(*AntsTaskPoolProvider).scheduleDelayedTask.func1 /home/jzh/ws/go/src/github.com/jzhang405/NexKV/internal/infrastructure/concurrency/taskpool_ants_provider.go:220:0 s=211
   560: 0x43e336 M=1 runtime.(*mSpanList).remove /home/jzh/go/src/runtime/mheap.go:1877:0 s=1859
   561: 0x46a4b4 M=1 runtime.stackpoolalloc /home/jzh/go/src/runtime/stack.go:234:0 s=194
   562: 0x46b904 M=1 runtime.copystack /home/jzh/go/src/runtime/stack.go:916:0 s=900
   563: 0x46c0e8 M=1 runtime.newstack /home/jzh/go/src/runtime/stack.go:1187:0 s=1026
   564: 0x43cca4 M=1 runtime.(*mheap).alloc /home/jzh/go/src/runtime/mheap.go:1006:0 s=1006
   565: 0x4522f7 M=1 runtime.acquireSudog /home/jzh/go/src/runtime/proc.go:511:0 s=488
   566: 0x465194 M=1 runtime.selectgo /home/jzh/go/src/runtime/select.go:318:0 s=122
   567: 0x464804 M=1 runtime.lockWithRank /home/jzh/go/src/runtime/lockrank_off.go:24:0 s=23
             runtime.lock /home/jzh/go/src/runtime/lock_spinbit.go:152:0 s=151
             runtime.sellock /home/jzh/go/src/runtime/select.go:40:0 s=34
   568: 0x464f04 M=1 runtime.selectgo /home/jzh/go/src/runtime/select.go:252:0 s=122
   569: 0x464c06 M=1 runtime.cheaprand /home/jzh/go/src/runtime/rand.go:237:0 s=227
             runtime.cheaprandn /home/jzh/go/src/runtime/rand.go:293:0 s=291
             runtime.selectgo /home/jzh/go/src/runtime/select.go:191:0 s=122
   570: 0x471b46 M=1 runtime.(*timer).maybeAdd /home/jzh/go/src/runtime/time.go:748:0 s=711
   571: 0x46a873 M=1 runtime.lockWithRank /home/jzh/go/src/runtime/lockrank_off.go:24:0 s=23
             runtime.lock /home/jzh/go/src/runtime/lock_spinbit.go:152:0 s=151
             runtime.stackcacherelease /home/jzh/go/src/runtime/stack.go:307:0 s=301
   572: 0x46b0cf M=1 runtime.stackfree /home/jzh/go/src/runtime/stack.go:521:0 s=463
   573: 0x46bb31 M=1 runtime.copystack /home/jzh/go/src/runtime/stack.go:1002:0 s=900
   574: 0x432eb1 M=1 runtime.spanClass.noscan /home/jzh/go/src/runtime/mheap.go:600:0 s=599
             runtime.tryDeferToSpanScan /home/jzh/go/src/runtime/mgcmark_greenteagc.go:293:0 s=264
   575: 0x434e48 M=1 runtime.scanObject /home/jzh/go/src/runtime/mgcmark_greenteagc.go:1268:0 s=1187
   576: 0x431c04 M=1 runtime.gcDrainN /home/jzh/go/src/runtime/mgcmark.go:1439:0 s=1392
   577: 0x41766c M=1 runtime.makechan /home/jzh/go/src/runtime/chan.go:110:0 s=75
   578: 0x4a4567 M=1 time.NewTimer /home/jzh/go/src/time/sleep.go:144:0 s=143
   579: 0x5d4984 M=1 github.com/jzhang405/NexKV/internal/infrastructure/concurrency.(*AntsTaskPoolProvider).scheduleDelayedTask.func1 /home/jzh/ws/go/src/github.com/jzhang405/NexKV/internal/infrastructure/concurrency/taskpool_ants_provider.go:217:0 s=211
   580: 0x4753c5 M=1 runtime.(*unwinder).initAt /home/jzh/go/src/runtime/traceback.go:216:0 s=133
   581: 0x4311d6 M=1 runtime.scanframeworker /home/jzh/go/src/runtime/mgcmark.go:1075:0 s=1069
   582: 0x431b84 M=1 runtime.gcDrainN /home/jzh/go/src/runtime/mgcmark.go:1427:0 s=1392
   583: 0x5d562c M=1 github.com/jzhang405/NexKV/internal/infrastructure/concurrency.(*AntsTaskPoolProvider).SubmitDelayed /home/jzh/ws/go/src/github.com/jzhang405/NexKV/internal/infrastructure/concurrency/taskpool_ants_provider.go:357:0 s=347
   584: 0x432e5f M=1 runtime.tryDeferToSpanScan /home/jzh/go/src/runtime/mgcmark_greenteagc.go:283:0 s=264
   585: 0x4346c8 M=1 runtime.scanObjectsSmall /home/jzh/go/src/runtime/mgcmark_greenteagc.go:1055:0 s=1015
   586: 0x45bc92 M=1 runtime.newproc.func1 /home/jzh/go/src/runtime/proc.go:5305:0 s=5298
   587: 0x41e888 M=1 runtime.(*lfstack).pop /home/jzh/go/src/runtime/lfstack.go:44:0 s=36
   588: 0x431b64 M=1 runtime.gcDrainN /home/jzh/go/src/runtime/mgcmark.go:1425:0 s=1392
   589: 0x4307c4 M=1 runtime.lockWithRank /home/jzh/go/src/runtime/lockrank_off.go:24:0 s=23
             runtime.lock /home/jzh/go/src/runtime/lock_spinbit.go:152:0 s=151
             runtime.gcParkAssist /home/jzh/go/src/runtime/mgcmark.go:796:0 s=795
   590: 0x430184 M=1 runtime.gcAssistAlloc /home/jzh/go/src/runtime/mgcmark.go:672:0 s=499
   591: 0x48d152 M=1 gcWriteBarrier /home/jzh/go/src/runtime/asm_amd64.s:1821:0 s=1813
   592: 0x4304e8 M=1 runtime.gcAssistAlloc1 /home/jzh/go/src/runtime/mgcmark.go:714:0 s=711
   593: 0x45c04f M=1 runtime.newproc1 /home/jzh/go/src/runtime/proc.go:5399:0 s=5313
   594: 0x4395ae M=1 runtime.(*sweepLocker).tryAcquire /home/jzh/go/src/runtime/mgcsweep.go:351:0 s=342
   595: 0x424d50 M=1 runtime.(*mcentral).cacheSpan /home/jzh/go/src/runtime/mcentral.go:146:0 s=82
   596: 0x46fa83 M=1 runtime.funcInfo.entry /home/jzh/go/src/runtime/symtab.go:902:0 s=901
             runtime.pcvalue /home/jzh/go/src/runtime/symtab.go:1082:0 s=1013
   597: 0x4756d2 M=1 runtime.funcspdelta /home/jzh/go/src/runtime/symtab.go:1211:0 s=1210
             runtime.(*unwinder).resolveInternal /home/jzh/go/src/runtime/traceback.go:327:0 s=253
   598: 0x475944 M=1 runtime.(*unwinder).next /home/jzh/go/src/runtime/traceback.go:514:0 s=441
   599: 0x46baf4 M=1 runtime.copystack /home/jzh/go/src/runtime/stack.go:976:0 s=900
   600: 0x4730a7 M=1 runtime.(*timer).unlock /home/jzh/go/src/runtime/time.go:265:0 s=260
             runtime.blockTimerChan /home/jzh/go/src/runtime/time.go:1504:0 s=1474
   601: 0x55a1a4 M=1 github.com/panjf2000/ants/v2.(*Pool).purgeStaleWorkers /home/jzh/ws/go/pkg/mod/github.com/panjf2000/ants/v2@v2.9.0/pool.go:84:0 s=75
   602: 0x432ead M=1 runtime.tryDeferToSpanScan /home/jzh/go/src/runtime/mgcmark_greenteagc.go:293:0 s=264
   603: 0x55aa44 M=1 github.com/panjf2000/ants/v2.newWorkerLoopQueue /home/jzh/ws/go/pkg/mod/github.com/panjf2000/ants/v2@v2.9.0/worker_loop_queue.go:15:0 s=14
             github.com/panjf2000/ants/v2.newWorkerQueue /home/jzh/ws/go/pkg/mod/github.com/panjf2000/ants/v2@v2.9.0/worker_queue.go:45:0 s=40
             github.com/panjf2000/ants/v2.NewPool /home/jzh/ws/go/pkg/mod/github.com/panjf2000/ants/v2@v2.9.0/pool.go:198:0 s=164
   604: 0x5fc4e4 M=1 github.com/jzhang405/NexKV/internal/infrastructure/concurrency.TestSubmitWithArg_Typed /home/jzh/ws/go/src/github.com/jzhang405/NexKV/internal/infrastructure/concurrency/taskpool_provider_test.go:433:0 s=431
   605: 0x42f95a M=1 runtime.markrootFreeGStacks /home/jzh/go/src/runtime/mgcmark.go:373:0 s=359
   606: 0x42f42a M=1 runtime.markroot /home/jzh/go/src/runtime/mgcmark.go:247:0 s=221
   607: 0x42f2a6 M=1 runtime.markroot /home/jzh/go/src/runtime/mgcmark.go:226:0 s=221
   608: 0x490b8f M=1 runtime.nanotime1 /home/jzh/go/src/runtime/sys_linux_amd64.s:250:0 s=223
   609: 0x45503c M=1 runtime.startTheWorldWithSema /home/jzh/go/src/runtime/proc.go:1796:0 s=1760
   610: 0x42b4b6 M=1 runtime.gcStart.func4 /home/jzh/go/src/runtime/mgc.go:948:0 s=947
   611: 0x42b2f0 M=1 runtime.gcStart /home/jzh/go/src/runtime/mgc.go:947:0 s=733
   612: 0x42a9da M=1 runtime.GC /home/jzh/go/src/runtime/mgc.go:555:0 s=522
   613: 0x4f5fae M=1 testing.(*B).runN /home/jzh/go/src/testing/benchmark.go:207:0 s=197
   614: 0x4f66a7 M=1 testing.(*B).run1.func1 /home/jzh/go/src/testing/benchmark.go:245:0 s=238
   615: 0x431413 M=1 runtime.gcNextMarkRoot /home/jzh/go/src/runtime/mgcmark.go:1195:0 s=1191
   616: 0x4313e7 M=1 runtime.gcNextMarkRoot /home/jzh/go/src/runtime/mgcmark.go:1192:0 s=1191
   617: 0x45025b M=1 runtime.procyield /home/jzh/go/src/runtime/stubs.go:282:0 s=278
             runtime.suspendG /home/jzh/go/src/runtime/preempt.go:249:0 s=106
   618: 0x42f784 M=1 runtime.markroot.func1 /home/jzh/go/src/runtime/mgcmark.go:298:0 s=280
   619: 0x4228ea M=1 runtime.typePointers.next /home/jzh/go/src/runtime/mbitmap.go:271:0 s=243
   620: 0x422856 M=1 runtime.typePointers.next /home/jzh/go/src/runtime/mbitmap.go:263:0 s=243
   621: 0x434652 M=1 runtime.scanObjectsSmall /home/jzh/go/src/runtime/mgcmark_greenteagc.go:1043:0 s=1015
   622: 0x4316f8 M=1 runtime.gcDrain /home/jzh/go/src/runtime/mgcmark.go:1333:0 s=1239
   623: 0x439b26 M=1 runtime.(*sweepLocked).sweep /home/jzh/go/src/runtime/mgcsweep.go:553:0 s=505
   624: 0x4396fc M=1 runtime.sweepone /home/jzh/go/src/runtime/mgcsweep.go:396:0 s=359
   625: 0x42aa0c M=1 runtime.GC /home/jzh/go/src/runtime/mgc.go:564:0 s=522
   626: 0x4758d4 M=1 runtime.(*unwinder).next /home/jzh/go/src/runtime/traceback.go:485:0 s=441
   627: 0x434632 M=1 runtime.scanObjectsSmall /home/jzh/go/src/runtime/mgcmark_greenteagc.go:1034:0 s=1015
   628: 0x603844 M=1 github.com/jzhang405/NexKV/internal/infrastructure/concurrency.BenchmarkPerCoreVsAnts_Transport_Throughput.func1 /home/jzh/ws/go/src/github.com/jzhang405/NexKV/internal/infrastructure/concurrency/executor_comparison_benchmark_test.go:93:0 s=92
   629: 0x5dd42b M=1 github.com/jzhang405/NexKV/internal/infrastructure/concurrency.BenchmarkPerCoreVsAnts_Transport_Throughput.func3 /home/jzh/ws/go/src/github.com/jzhang405/NexKV/internal/infrastructure/concurrency/executor_comparison_benchmark_test.go:111:0 s=110
   630: 0x4f606f M=1 testing.(*B).runN /home/jzh/go/src/testing/benchmark.go:219:0 s=197
   631: 0x4f6bfd M=1 testing.(*B).launch /home/jzh/go/src/testing/benchmark.go:357:0 s=331
   632: 0x434640 M=1 runtime.scanObjectsSmall /home/jzh/go/src/runtime/mgcmark_greenteagc.go:1035:0 s=1015
   633: 0x5d0f04 M=1 github.com/jzhang405/NexKV/internal/infrastructure/concurrency.(*PerCoreExecutor).Submit /home/jzh/ws/go/src/github.com/jzhang405/NexKV/internal/infrastructure/concurrency/executor_percore.go:313:0 s=312
   634: 0x5dd5f0 M=1 github.com/jzhang405/NexKV/internal/infrastructure/concurrency.BenchmarkPerCoreVsAnts_Transport_Throughput.func3.1 /home/jzh/ws/go/src/github.com/jzhang405/NexKV/internal/infrastructure/concurrency/executor_comparison_benchmark_test.go:121:0 s=119
   635: 0x4f99d7 M=1 testing.(*B).RunParallel.func1 /home/jzh/go/src/testing/benchmark.go:982:0 s=975
   636: 0x5dd60f M=1 testing.(*PB).Next /home/jzh/go/src/testing/benchmark.go:923:0 s=922
             github.com/jzhang405/NexKV/internal/infrastructure/concurrency.BenchmarkPerCoreVsAnts_Transport_Throughput.func3.1 /home/jzh/ws/go/src/github.com/jzhang405/NexKV/internal/infrastructure/concurrency/executor_comparison_benchmark_test.go:120:0 s=119
   637: 0x5dd0c2 M=1 github.com/jzhang405/NexKV/internal/infrastructure/concurrency.simulateTransportTask /home/jzh/ws/go/src/github.com/jzhang405/NexKV/internal/infrastructure/concurrency/executor_comparison_benchmark_test.go:38:0 s=22
   638: 0x41ec8e M=1 runtime.notesleep /home/jzh/go/src/runtime/lock_futex.go:48:0 s=35
   639: 0x4db391 M=1 fmt.(*pp).free /home/jzh/go/src/fmt/print.go:179:0 s=161
   640: 0x54c872 M=1 github.com/jzhang405/NexKV/pkg/errors.Wrapf /home/jzh/ws/go/src/github.com/jzhang405/NexKV/pkg/errors/errors.go:195:0 s=190
   641: 0x5d120e M=1 github.com/jzhang405/NexKV/internal/infrastructure/concurrency.(*PerCoreExecutor).SubmitWithPriority /home/jzh/ws/go/src/github.com/jzhang405/NexKV/internal/infrastructure/concurrency/executor_percore.go:343:0 s=317
   642: 0x456b11 M=1 runtime.mPark /home/jzh/go/src/runtime/proc.go:1968:0 s=1965
             runtime.stopm /home/jzh/go/src/runtime/proc.go:3008:0 s=2992
   643: 0x5d1231 M=1 github.com/jzhang405/NexKV/internal/infrastructure/concurrency.(*PerCoreExecutor).SubmitWithPriority /home/jzh/ws/go/src/github.com/jzhang405/NexKV/internal/infrastructure/concurrency/executor_percore.go:343:0 s=317
   644: 0x432e47 M=1 runtime.tryDeferToSpanScan /home/jzh/go/src/runtime/mgcmark_greenteagc.go:283:0 s=264
   645: 0x44a064 M=1 runtime.wbBufFlush1 /home/jzh/go/src/runtime/mwbbuf.go:240:0 s=195
   646: 0x482ffd M=1 runtime.wbBufFlush.func1 /home/jzh/go/src/runtime/mwbbuf.go:181:0 s=180
   647: 0x449f64 M=1 runtime.wbBufFlush /home/jzh/go/src/runtime/mwbbuf.go:180:0 s=166
   648: 0x48d1cc M=1 gcWriteBarrier /home/jzh/go/src/runtime/asm_amd64.s:1869:0 s=1813
   649: 0x4942db M=1 sync.(*Pool).Get /home/jzh/go/src/sync/pool.go:137:0 s=131
   650: 0x4d9a76 M=1 fmt.(*fmt).fmtInteger /home/jzh/go/src/fmt/format.go:203:0 s=197
   651: 0x494506 M=1 sync.(*Pool).pin /home/jzh/go/src/sync/pool.go:202:0 s=202
   652: 0x494213 M=1 sync.(*Pool).Put /home/jzh/go/src/sync/pool.go:111:0 s=99
   653: 0x4e11ad M=1 fmt.(*pp).doPrintf /home/jzh/go/src/fmt/print.go:1033:0 s=1020
   654: 0x5d1035 M=1 github.com/jzhang405/NexKV/internal/infrastructure/concurrency.(*PerCoreExecutor).SubmitWithPriority /home/jzh/ws/go/src/github.com/jzhang405/NexKV/internal/infrastructure/concurrency/executor_percore.go:334:0 s=317
   655: 0x4a5edc M=1 time.Since /home/jzh/go/src/time/time.go:1228:0 s=1227
   656: 0x488575 M=1 sync.runtime_procPin /home/jzh/go/src/runtime/proc.go:7913:0 s=7912
   657: 0x49451c M=1 sync.(*Pool).pin /home/jzh/go/src/sync/pool.go:210:0 s=202
   658: 0x42113e M=1 runtime.nextFreeFast /home/jzh/go/src/runtime/malloc.go:1026:0 s=1021
             runtime.mallocgcSmallScanNoHeader /home/jzh/go/src/runtime/malloc.go:1579:0 s=1555
   659: 0x54c94e M=1 github.com/jzhang405/NexKV/pkg/errors.mergeNexError /home/jzh/ws/go/src/github.com/jzhang405/NexKV/pkg/errors/errors.go:213:0 s=199
             github.com/jzhang405/NexKV/pkg/errors.Wrapf /home/jzh/ws/go/src/github.com/jzhang405/NexKV/pkg/errors/errors.go:195:0 s=190
   660: 0x420b78 M=1 runtime.mallocgcTiny /home/jzh/go/src/runtime/malloc.go:1328:0 s=1254
   661: 0x44b4f1 M=1 runtime.futexsleep /home/jzh/go/src/runtime/os_linux.go:73:0 s=66
   662: 0x483287 M=1 runtime.gcResetMarkState.func1 /home/jzh/go/src/runtime/mgc.go:2118:0 s=2116
   663: 0x452b94 M=1 runtime.forEachG /home/jzh/go/src/runtime/proc.go:734:0 s=731
   664: 0x42e09d M=1 runtime.gcResetMarkState /home/jzh/go/src/runtime/mgc.go:2116:0 s=2113
   665: 0x42b07e M=1 runtime.gcStart /home/jzh/go/src/runtime/mgc.go:819:0 s=733
   666: 0x42135d M=1 runtime.mallocgcSmallScanNoHeader /home/jzh/go/src/runtime/malloc.go:1640:0 s=1555
   667: 0x434e1d M=1 runtime.scanObject /home/jzh/go/src/runtime/mgcmark_greenteagc.go:1254:0 s=1187
   668: 0x493fa0 M=1 internal/sync.(*Mutex).Lock /home/jzh/go/src/internal/sync/mutex.go:63:0 s=61
             sync.(*Mutex).Lock /home/jzh/go/src/sync/mutex.go:46:0 s=45
   669: 0x5dd0a4 M=1 github.com/jzhang405/NexKV/internal/infrastructure/concurrency.simulateTransportTask /home/jzh/ws/go/src/github.com/jzhang405/NexKV/internal/infrastructure/concurrency/executor_comparison_benchmark_test.go:25:0 s=22
   670: 0x493a64 M=1 internal/sync.(*Mutex).lockSlow /home/jzh/go/src/internal/sync/mutex.go:129:0 s=95
   671: 0x4d9039 M=1 fmt.(*buffer).write /home/jzh/go/src/fmt/print.go:104:0 s=103
             fmt.(*fmt).pad /home/jzh/go/src/fmt/format.go:95:0 s=93
   672: 0x4d9db4 M=1 fmt.(*fmt).fmtInteger /home/jzh/go/src/fmt/format.go:322:0 s=197
   673: 0x48856b M=1 runtime.procPin /home/jzh/go/src/runtime/proc.go:7890:0 s=7885
             sync.runtime_procPin /home/jzh/go/src/runtime/proc.go:7913:0 s=7912
   674: 0x420b84 M=1 runtime.nextFreeFast /home/jzh/go/src/runtime/malloc.go:1022:0 s=1021
             runtime.mallocgcTiny /home/jzh/go/src/runtime/malloc.go:1329:0 s=1254
   675: 0x421160 M=1 runtime.nextFreeFast /home/jzh/go/src/runtime/malloc.go:1033:0 s=1021
             runtime.mallocgcSmallScanNoHeader /home/jzh/go/src/runtime/malloc.go:1579:0 s=1555
   676: 0x423480 M=1 runtime.(*mspan).writeHeapBitsSmall /home/jzh/go/src/runtime/mbitmap.go:670:0 s=624
   677: 0x5d04bf M=1 github.com/jzhang405/NexKV/internal/infrastructure/concurrency.taskQueue.Less /home/jzh/ws/go/src/github.com/jzhang405/NexKV/internal/infrastructure/concurrency/executor_percore.go:129:0 s=126
   678: 0x4942bb M=1 sync.(*Pool).Get /home/jzh/go/src/sync/pool.go:135:0 s=131
   679: 0x5dd0b1 M=1 github.com/jzhang405/NexKV/internal/infrastructure/concurrency.simulateTransportTask /home/jzh/ws/go/src/github.com/jzhang405/NexKV/internal/infrastructure/concurrency/executor_comparison_benchmark_test.go:32:0 s=22
   680: 0x42f3a4 M=1 runtime.markroot /home/jzh/go/src/runtime/mgcmark.go:274:0 s=221
   681: 0x5d105d M=1 github.com/jzhang405/NexKV/internal/infrastructure/concurrency.(*PerCoreExecutor).SubmitWithPriority /home/jzh/ws/go/src/github.com/jzhang405/NexKV/internal/infrastructure/concurrency/executor_percore.go:337:0 s=317
   682: 0x5d0f09 M=1 github.com/jzhang405/NexKV/internal/infrastructure/concurrency.(*PerCoreExecutor).Submit /home/jzh/ws/go/src/github.com/jzhang405/NexKV/internal/infrastructure/concurrency/executor_percore.go:313:0 s=312
   683: 0x4939eb M=1 internal/sync.(*Mutex).lockSlow /home/jzh/go/src/internal/sync/mutex.go:140:0 s=95
   684: 0x48bb09 M=1 runtime.nanotime /home/jzh/go/src/runtime/time_nofake.go:33:0 s=32
             time.runtimeNano /home/jzh/go/src/runtime/time.go:38:0 s=33
   685: 0x432e3e M=1 runtime.spanClass.sizeclass /home/jzh/go/src/runtime/mheap.go:595:0 s=594
             runtime.tryDeferToSpanScan /home/jzh/go/src/runtime/mgcmark_greenteagc.go:283:0 s=264
   686: 0x42336c M=1 runtime.(*mspan).writeHeapBitsSmall /home/jzh/go/src/runtime/mbitmap.go:631:0 s=624
   687: 0x4de84f M=1 fmt.(*pp).printArg /home/jzh/go/src/fmt/print.go:719:0 s=682
   688: 0x493cb2 M=1 internal/sync.(*Mutex).unlockSlow /home/jzh/go/src/internal/sync/mutex.go:203:0 s=202
   689: 0x4e12e9 M=1 fmt.(*fmt).clearflags /home/jzh/go/src/fmt/format.go:55:0 s=54
             fmt.(*pp).doPrintf /home/jzh/go/src/fmt/print.go:1044:0 s=1020
   690: 0x4d8fe0 M=1 fmt.(*fmt).pad /home/jzh/go/src/fmt/format.go:93:0 s=93
   691: 0x4942b7 M=1 sync.(*Pool).Get /home/jzh/go/src/sync/pool.go:135:0 s=131
   692: 0x493fe7 M=1 sync.(*Mutex).Unlock /home/jzh/go/src/sync/mutex.go:64:0 s=64
   693: 0x485c49 M=1 runtime.mallocgc /home/jzh/go/src/runtime/malloc.go:1251:0 s=1119
   694: 0x485b40 M=1 runtime.mallocgc /home/jzh/go/src/runtime/malloc.go:1127:0 s=1119
   695: 0x5dd5dd M=1 testing.(*PB).Next /home/jzh/go/src/testing/benchmark.go:933:0 s=922
             github.com/jzhang405/NexKV/internal/infrastructure/concurrency.BenchmarkPerCoreVsAnts_Transport_Throughput.func3.1 /home/jzh/ws/go/src/github.com/jzhang405/NexKV/internal/infrastructure/concurrency/executor_comparison_benchmark_test.go:120:0 s=119
   696: 0x4939d9 M=1 internal/sync.(*Mutex).lockSlow /home/jzh/go/src/internal/sync/mutex.go:100:0 s=95
   697: 0x4210f1 M=1 runtime.bool2int /home/jzh/go/src/runtime/stubs.go:403:0 s=400
             runtime.makeSpanClass /home/jzh/go/src/runtime/mheap.go:590:0 s=589
             runtime.mallocgcSmallScanNoHeader /home/jzh/go/src/runtime/malloc.go:1577:0 s=1555
   698: 0x48fc5c M=1 runtime.memmove /home/jzh/go/src/runtime/memmove_amd64.s:58:0 s=35
   699: 0x4e1244 M=1 fmt.(*buffer).writeString /home/jzh/go/src/fmt/print.go:108:0 s=107
             fmt.(*pp).doPrintf /home/jzh/go/src/fmt/print.go:1033:0 s=1020
   700: 0x5d0ee0 M=1 github.com/jzhang405/NexKV/internal/infrastructure/concurrency.(*PerCoreExecutor).Submit /home/jzh/ws/go/src/github.com/jzhang405/NexKV/internal/infrastructure/concurrency/executor_percore.go:312:0 s=312
   701: 0x46dcae M=1 runtime.slicebytetostring /home/jzh/go/src/runtime/string.go:139:0 s=139
   702: 0x485b49 M=1 runtime.mallocgc /home/jzh/go/src/runtime/malloc.go:1148:0 s=1119
   703: 0x5d11d7 M=1 github.com/jzhang405/NexKV/internal/infrastructure/concurrency.(*PerCoreExecutor).SubmitWithPriority /home/jzh/ws/go/src/github.com/jzhang405/NexKV/internal/infrastructure/concurrency/executor_percore.go:343:0 s=317
   704: 0x432e9a M=1 runtime.tryDeferToSpanScan /home/jzh/go/src/runtime/mgcmark_greenteagc.go:287:0 s=264
   705: 0x4e128f M=1 fmt.(*buffer).writeString /home/jzh/go/src/fmt/print.go:108:0 s=107
             fmt.(*pp).doPrintf /home/jzh/go/src/fmt/print.go:1033:0 s=1020
   706: 0x494009 M=1 sync.(*Mutex).Unlock /home/jzh/go/src/sync/mutex.go:66:0 s=64
   707: 0x4db24e M=1 fmt.newPrinter /home/jzh/go/src/fmt/print.go:151:0 s=151
   708: 0x4d9b69 M=1 fmt.(*fmt).fmtInteger /home/jzh/go/src/fmt/format.go:232:0 s=197
   709: 0x421251 M=1 runtime.mallocgcSmallScanNoHeader /home/jzh/go/src/runtime/malloc.go:1592:0 s=1555
   710: 0x4e1cda M=1 fmt.(*pp).doPrintf /home/jzh/go/src/fmt/print.go:1196:0 s=1020
   711: 0x4d9a57 M=1 fmt.(*fmt).fmtInteger /home/jzh/go/src/fmt/format.go:198:0 s=197
   712: 0x423335 M=1 runtime.(*mspan).writeHeapBitsSmall /home/jzh/go/src/runtime/mbitmap.go:626:0 s=624
   713: 0x4d9d99 M=1 fmt.(*fmt).fmtInteger /home/jzh/go/src/fmt/format.go:322:0 s=197
   714: 0x49432a M=1 sync.(*Pool).Get /home/jzh/go/src/sync/pool.go:154:0 s=131
   715: 0x493ad3 M=1 internal/sync.(*Mutex).lockSlow /home/jzh/go/src/internal/sync/mutex.go:140:0 s=95
   716: 0x45eb06 M=1 runtime.incidlelocked /home/jzh/go/src/runtime/proc.go:6355:0 s=6355
   717: 0x5d0ff2 M=1 github.com/jzhang405/NexKV/internal/infrastructure/concurrency.(*PerCoreExecutor).SubmitWithPriority /home/jzh/ws/go/src/github.com/jzhang405/NexKV/internal/infrastructure/concurrency/executor_percore.go:330:0 s=317
   718: 0x42115a M=1 runtime.nextFreeFast /home/jzh/go/src/runtime/malloc.go:1030:0 s=1021
             runtime.mallocgcSmallScanNoHeader /home/jzh/go/src/runtime/malloc.go:1579:0 s=1555
   719: 0x4db818 M=1 fmt.Sprintf /home/jzh/go/src/fmt/print.go:240:0 s=237
   720: 0x4e1170 M=1 fmt.(*pp).doPrintf /home/jzh/go/src/fmt/print.go:1029:0 s=1020
   721: 0x4d9d8f M=1 fmt.(*fmt).fmtInteger /home/jzh/go/src/fmt/format.go:322:0 s=197
   722: 0x421ce9 M=1 runtime.newobject /home/jzh/go/src/runtime/malloc.go:2209:0 s=2208
   723: 0x42109d M=1 runtime.acquirem /home/jzh/go/src/runtime/runtime1.go:603:0 s=600
             runtime.mallocgcSmallScanNoHeader /home/jzh/go/src/runtime/malloc.go:1557:0 s=1555
   724: 0x486259 M=1 runtime.spanOf /home/jzh/go/src/runtime/mheap.go:702:0 s=696
             runtime.findObject /home/jzh/go/src/runtime/mbitmap.go:1362:0 s=1361
   725: 0x434e64 M=1 runtime.scanObject /home/jzh/go/src/runtime/mgcmark_greenteagc.go:1269:0 s=1187
   726: 0x456af4 M=1 runtime.unlockWithRank /home/jzh/go/src/runtime/lockrank_off.go:35:0 s=34
             runtime.unlock /home/jzh/go/src/runtime/lock_spinbit.go:261:0 s=260
             runtime.stopm /home/jzh/go/src/runtime/proc.go:3007:0 s=2992
   727: 0x4e14b1 M=1 fmt.(*pp).doPrintf /home/jzh/go/src/fmt/print.go:1076:0 s=1020
   728: 0x420b2a M=1 runtime.mallocgcTiny /home/jzh/go/src/runtime/malloc.go:1317:0 s=1254
   729: 0x4941f7 M=1 sync.(*Pool).Put /home/jzh/go/src/sync/pool.go:99:0 s=99
   730: 0x421310 M=1 runtime.releasem /home/jzh/go/src/runtime/runtime1.go:609:0 s=607
             runtime.mallocgcSmallScanNoHeader /home/jzh/go/src/runtime/malloc.go:1636:0 s=1555
   731: 0x4db364 M=1 fmt.(*pp).free /home/jzh/go/src/fmt/print.go:178:0 s=161
   732: 0x4e1224 M=1 fmt.(*buffer).writeString /home/jzh/go/src/fmt/print.go:108:0 s=107
             fmt.(*pp).doPrintf /home/jzh/go/src/fmt/print.go:1033:0 s=1020
   733: 0x4d9002 M=1 fmt.(*fmt).pad /home/jzh/go/src/fmt/format.go:94:0 s=93
   734: 0x432dd0 M=1 runtime.heapArenaOf /home/jzh/go/src/runtime/mheap.go:767:0 s=766
             runtime.tryDeferToSpanScan /home/jzh/go/src/runtime/mgcmark_greenteagc.go:270:0 s=264
   735: 0x4de5c7 M=1 fmt.(*pp).printArg /home/jzh/go/src/fmt/print.go:683:0 s=682
   736: 0x4d90c9 M=1 fmt.(*buffer).write /home/jzh/go/src/fmt/print.go:104:0 s=103
             fmt.(*fmt).pad /home/jzh/go/src/fmt/format.go:95:0 s=93
   737: 0x4597d8 M=1 runtime.schedule /home/jzh/go/src/runtime/proc.go:4155:0 s=4135
   738: 0x54c957 M=1 github.com/jzhang405/NexKV/pkg/errors.mergeNexError /home/jzh/ws/go/src/github.com/jzhang405/NexKV/pkg/errors/errors.go:214:0 s=199
             github.com/jzhang405/NexKV/pkg/errors.Wrapf /home/jzh/ws/go/src/github.com/jzhang405/NexKV/pkg/errors/errors.go:195:0 s=190
   739: 0x48fd88 M=1 runtime.memmove /home/jzh/go/src/runtime/memmove_amd64.s:185:0 s=35
   740: 0x49424b M=1 sync.(*Pool).Put /home/jzh/go/src/sync/pool.go:113:0 s=99
   741: 0x45e709 M=1 runtime.acquirepNoTrace /home/jzh/go/src/runtime/proc.go:6287:0 s=6274
   742: 0x4e1350 M=1 fmt.(*pp).doPrintf /home/jzh/go/src/fmt/print.go:1051:0 s=1020
   743: 0x43e2dd M=1 runtime.(*mspan).init /home/jzh/go/src/runtime/mheap.go:1840:0 s=1819
   744: 0x43d724 M=1 runtime.(*mheap).initSpan /home/jzh/go/src/runtime/mheap.go:1442:0 s=1439
   745: 0x43d4fd M=1 runtime.(*mheap).allocSpan /home/jzh/go/src/runtime/mheap.go:1393:0 s=1224
   746: 0x46dd35 M=1 runtime.slicebytetostring /home/jzh/go/src/runtime/string.go:173:0 s=139
   747: 0x45e6e8 M=1 runtime.acquirepNoTrace /home/jzh/go/src/runtime/proc.go:6283:0 s=6274
   748: 0x454230 M=1 runtime.casgstatus /home/jzh/go/src/runtime/proc.go:1316:0 s=1277
   749: 0x48d167 M=1 gcWriteBarrier /home/jzh/go/src/runtime/asm_amd64.s:1827:0 s=1813
   750: 0x466de5 M=1 runtime.(*semaRoot).dequeue /home/jzh/go/src/runtime/sema.go:474:0 s=405
   751: 0x4664f6 M=1 runtime.semrelease1 /home/jzh/go/src/runtime/sema.go:226:0 s=207
   752: 0x4dc84a M=1 fmt.(*pp).fmtInteger /home/jzh/go/src/fmt/print.go:422:0 s=422
   753: 0x420adb M=1 runtime.getMCache /home/jzh/go/src/runtime/mcache.go:150:0 s=139
             runtime.mallocgcTiny /home/jzh/go/src/runtime/malloc.go:1299:0 s=1254
   754: 0x4d9d84 M=1 fmt.(*fmt).fmtInteger /home/jzh/go/src/fmt/format.go:315:0 s=197
   755: 0x48634b M=1 runtime.findObject /home/jzh/go/src/runtime/mbitmap.go:1372:0 s=1361
   756: 0x421285 M=1 runtime.mallocgcSmallScanNoHeader /home/jzh/go/src/runtime/malloc.go:1594:0 s=1555
   757: 0x54c862 M=1 github.com/jzhang405/NexKV/pkg/errors.Wrapf /home/jzh/ws/go/src/github.com/jzhang405/NexKV/pkg/errors/errors.go:195:0 s=190
   758: 0x4de632 M=1 fmt.(*pp).printArg /home/jzh/go/src/fmt/print.go:708:0 s=682
   759: 0x420c6d M=1 runtime.mallocgcTiny /home/jzh/go/src/runtime/malloc.go:1352:0 s=1254
   760: 0x5d0fa0 M=1 github.com/jzhang405/NexKV/internal/infrastructure/concurrency.(*PerCoreExecutor).SubmitWithPriority /home/jzh/ws/go/src/github.com/jzhang405/NexKV/internal/infrastructure/concurrency/executor_percore.go:319:0 s=317
   761: 0x421116 M=1 runtime.nextFreeFast /home/jzh/go/src/runtime/malloc.go:1022:0 s=1021
             runtime.mallocgcSmallScanNoHeader /home/jzh/go/src/runtime/malloc.go:1579:0 s=1555
   762: 0x4e1344 M=1 fmt.(*pp).doPrintf /home/jzh/go/src/fmt/print.go:1055:0 s=1020
   763: 0x41f1d5 M=1 runtime.lock2 /home/jzh/go/src/runtime/lock_spinbit.go:182:0 s=155
   764: 0x41f6ce M=1 runtime.unlock2 /home/jzh/go/src/runtime/lock_spinbit.go:319:0 s=267
   765: 0x487f15 M=1 runtime.unlockWithRank /home/jzh/go/src/runtime/lockrank_off.go:35:0 s=34
             runtime.unlock /home/jzh/go/src/runtime/lock_spinbit.go:261:0 s=260
             runtime.wakep /home/jzh/go/src/runtime/proc.go:3233:0 s=3212
   766: 0x4d9084 M=1 fmt.(*buffer).write /home/jzh/go/src/fmt/print.go:104:0 s=103
             fmt.(*fmt).pad /home/jzh/go/src/fmt/format.go:95:0 s=93
   767: 0x420c9d M=1 runtime.mallocgcTiny /home/jzh/go/src/runtime/malloc.go:1379:0 s=1254
   768: 0x4401f5 M=1 runtime.newArenaMayUnlock /home/jzh/go/src/runtime/mheap.go:3028:0 s=3016
   769: 0x43ff2d M=1 runtime.newMarkBits /home/jzh/go/src/runtime/mheap.go:2942:0 s=2920
   770: 0x43d884 M=1 runtime.newAllocBits /home/jzh/go/src/runtime/mheap.go:2977:0 s=2976
             runtime.(*mheap).initSpan /home/jzh/go/src/runtime/mheap.go:1494:0 s=1439
   771: 0x48fb69 M=1 runtime.memclrNoHeapPointers /home/jzh/go/src/runtime/memclr_amd64.s:183:0 s=15
   772: 0x421204 M=1 runtime.mallocgcSmallScanNoHeader /home/jzh/go/src/runtime/malloc.go:1585:0 s=1555
   773: 0x493ffc M=1 internal/sync.(*Mutex).Unlock /home/jzh/go/src/internal/sync/mutex.go:198:0 s=187
             sync.(*Mutex).Unlock /home/jzh/go/src/sync/mutex.go:65:0 s=64
   774: 0x46dd10 M=1 runtime.slicebytetostring /home/jzh/go/src/runtime/string.go:170:0 s=139
   775: 0x5d1216 M=1 github.com/jzhang405/NexKV/internal/infrastructure/concurrency.(*PerCoreExecutor).SubmitWithPriority /home/jzh/ws/go/src/github.com/jzhang405/NexKV/internal/infrastructure/concurrency/executor_percore.go:343:0 s=317
   776: 0x420ae8 M=1 runtime.mallocgcTiny /home/jzh/go/src/runtime/malloc.go:1302:0 s=1254
   777: 0x5d0560 M=1 github.com/jzhang405/NexKV/internal/infrastructure/concurrency.taskQueue.Less /home/jzh/ws/go/src/github.com/jzhang405/NexKV/internal/infrastructure/concurrency/executor_percore.go:145:0 s=126
   778: 0x48fb70 M=1 runtime.memclrNoHeapPointers /home/jzh/go/src/runtime/memclr_amd64.s:184:0 s=15
   779: 0x48fd90 M=1 runtime.memmove /home/jzh/go/src/runtime/memmove_amd64.s:190:0 s=35
   780: 0x46dd2a M=1 runtime.slicebytetostring /home/jzh/go/src/runtime/string.go:172:0 s=139
   781: 0x494500 M=1 sync.(*Pool).pin /home/jzh/go/src/sync/pool.go:202:0 s=202
   782: 0x423382 M=1 runtime.(*mspan).writeHeapBitsSmall /home/jzh/go/src/runtime/mbitmap.go:640:0 s=624
   783: 0x494222 M=1 sync.(*Pool).Put /home/jzh/go/src/sync/pool.go:113:0 s=99
   784: 0x5d1d3e M=1 github.com/jzhang405/NexKV/internal/infrastructure/concurrency.heapUp /home/jzh/ws/go/src/github.com/jzhang405/NexKV/internal/infrastructure/concurrency/executor_percore.go:519:0 s=516
   785: 0x43457f M=1 runtime.scanObjectsSmall /home/jzh/go/src/runtime/mgcmark_greenteagc.go:1029:0 s=1015
   786: 0x4de5e8 M=1 fmt.(*pp).printArg /home/jzh/go/src/fmt/print.go:686:0 s=682
   787: 0x41f600 M=1 runtime.mutexSampleContention /home/jzh/go/src/runtime/lock_spinbit.go:330:0 s=329
             runtime.unlock2 /home/jzh/go/src/runtime/lock_spinbit.go:273:0 s=267
   788: 0x4d9e6d M=1 fmt.(*fmt).fmtInteger /home/jzh/go/src/fmt/format.go:246:0 s=197
   789: 0x4212aa M=1 runtime.mallocgcSmallScanNoHeader /home/jzh/go/src/runtime/malloc.go:1619:0 s=1555
   790: 0x4233ad M=1 runtime.(*mspan).writeHeapBitsSmall /home/jzh/go/src/runtime/mbitmap.go:653:0 s=624
   791: 0x4e14b4 M=1 fmt.(*pp).doPrintf /home/jzh/go/src/fmt/print.go:1077:0 s=1020
   792: 0x494218 M=1 sync.(*Pool).Put /home/jzh/go/src/sync/pool.go:112:0 s=99
   793: 0x421255 M=1 runtime.mallocgcSmallScanNoHeader /home/jzh/go/src/runtime/malloc.go:1583:0 s=1555
   794: 0x421cd1 M=1 runtime.newobject /home/jzh/go/src/runtime/malloc.go:2209:0 s=2208
   795: 0x41f1b0 M=1 runtime.lock2 /home/jzh/go/src/runtime/lock_spinbit.go:165:0 s=155
   796: 0x5d0fb6 M=1 github.com/jzhang405/NexKV/internal/infrastructure/concurrency.(*PerCoreExecutor).SubmitWithPriority /home/jzh/ws/go/src/github.com/jzhang405/NexKV/internal/infrastructure/concurrency/executor_percore.go:324:0 s=317
   797: 0x420bac M=1 runtime.nextFreeFast /home/jzh/go/src/runtime/malloc.go:1026:0 s=1021
             runtime.mallocgcTiny /home/jzh/go/src/runtime/malloc.go:1329:0 s=1254
   798: 0x48f973 M=1 runtime.memclrNoHeapPointers /home/jzh/go/src/runtime/memclr_amd64.s:33:0 s=15
   799: 0x42108a M=1 runtime.mallocgcSmallScanNoHeader /home/jzh/go/src/runtime/malloc.go:1555:0 s=1555
   800: 0x4d9c0e M=1 fmt.(*fmt).fmtInteger /home/jzh/go/src/fmt/format.go:273:0 s=197
   801: 0x54c878 M=1 github.com/jzhang405/NexKV/pkg/errors.mergeNexError /home/jzh/ws/go/src/github.com/jzhang405/NexKV/pkg/errors/errors.go:201:0 s=199
             github.com/jzhang405/NexKV/pkg/errors.Wrapf /home/jzh/ws/go/src/github.com/jzhang405/NexKV/pkg/errors/errors.go:195:0 s=190
   802: 0x421cce M=1 runtime.newobject /home/jzh/go/src/runtime/malloc.go:2209:0 s=2208
   803: 0x466440 M=1 runtime.semrelease1 /home/jzh/go/src/runtime/sema.go:207:0 s=207
   804: 0x54c873 M=1 github.com/jzhang405/NexKV/pkg/errors.mergeNexError /home/jzh/ws/go/src/github.com/jzhang405/NexKV/pkg/errors/errors.go:201:0 s=199
             github.com/jzhang405/NexKV/pkg/errors.Wrapf /home/jzh/ws/go/src/github.com/jzhang405/NexKV/pkg/errors/errors.go:195:0 s=190
   805: 0x5d20a4 M=1 github.com/jzhang405/NexKV/internal/infrastructure/concurrency.heapDown /home/jzh/ws/go/src/github.com/jzhang405/NexKV/internal/infrastructure/concurrency/executor_percore.go:541:0 s=527
   806: 0x44a09d M=1 runtime.wbBufFlush1 /home/jzh/go/src/runtime/mwbbuf.go:230:0 s=195
   807: 0x422d99 M=1 runtime.(*wbBuf).get2 /home/jzh/go/src/runtime/mwbbuf.go:144:0 s=142
             runtime.bulkBarrierPreWrite /home/jzh/go/src/runtime/mbitmap.go:453:0 s=388
   808: 0x494518 M=1 sync.(*Pool).pin /home/jzh/go/src/sync/pool.go:210:0 s=202
   809: 0x466368 M=1 runtime.cansemacquire /home/jzh/go/src/runtime/sema.go:297:0 s=291
             runtime.semacquire1 /home/jzh/go/src/runtime/sema.go:193:0 s=146
   810: 0x4892a4 M=1 internal/sync.runtime_SemacquireMutex /home/jzh/go/src/runtime/sema.go:95:0 s=94
   811: 0x493b1c M=1 internal/sync.(*Mutex).lockSlow /home/jzh/go/src/internal/sync/mutex.go:149:0 s=95
   812: 0x4939c0 M=1 internal/sync.(*Mutex).lockSlow /home/jzh/go/src/internal/sync/mutex.go:95:0 s=95
   813: 0x5dd0c5 M=1 github.com/jzhang405/NexKV/internal/infrastructure/concurrency.simulateTransportTask /home/jzh/ws/go/src/github.com/jzhang405/NexKV/internal/infrastructure/concurrency/executor_comparison_benchmark_test.go:38:0 s=22
   814: 0x49452b M=1 sync.(*Pool).pin /home/jzh/go/src/sync/pool.go:216:0 s=202
   815: 0x4d8fef M=1 fmt.(*fmt).pad /home/jzh/go/src/fmt/format.go:93:0 s=93
   816: 0x42115d M=1 runtime.nextFreeFast /home/jzh/go/src/runtime/malloc.go:1030:0 s=1021
             runtime.mallocgcSmallScanNoHeader /home/jzh/go/src/runtime/malloc.go:1579:0 s=1555
   817: 0x4210fa M=1 runtime.mallocgcSmallScanNoHeader /home/jzh/go/src/runtime/malloc.go:1578:0 s=1555
   818: 0x456dbd M=1 runtime.releasem /home/jzh/go/src/runtime/runtime1.go:609:0 s=607
             runtime.startm /home/jzh/go/src/runtime/proc.go:3124:0 s=3035
   819: 0x466caa M=1 runtime.(*semaRoot).dequeue /home/jzh/go/src/runtime/sema.go:479:0 s=405
   820: 0x434623 M=1 runtime.scanObjectsSmall /home/jzh/go/src/runtime/mgcmark_greenteagc.go:1033:0 s=1015
   821: 0x43b8e9 M=1 runtime.(*spanSPMC).empty /home/jzh/go/src/runtime/mgcmark_greenteagc.go:734:0 s=732
             runtime.(*spanQueue).chainEmpty /home/jzh/go/src/runtime/mgcmark_greenteagc.go:451:0 s=447
             runtime.(*spanQueue).empty /home/jzh/go/src/runtime/mgcmark_greenteagc.go:441:0 s=436
             runtime.(*gcWork).empty /home/jzh/go/src/runtime/mgcwork.go:384:0 s=383
   822: 0x42d7a4 M=1 runtime.gcShouldScheduleWorker /home/jzh/go/src/runtime/mgc.go:1920:0 s=1919
   823: 0x435bf6 M=1 runtime.(*gcControllerState).assignWaitingGCWorker /home/jzh/go/src/runtime/mgcpacer.go:773:0 s=764
   824: 0x435e77 M=1 runtime.(*gcControllerState).findRunnableGCWorker /home/jzh/go/src/runtime/mgcpacer.go:875:0 s=861
   825: 0x4578e9 M=1 runtime.findRunnable /home/jzh/go/src/runtime/proc.go:3433:0 s=3389
   826: 0x4e11b8 M=1 fmt.(*buffer).writeString /home/jzh/go/src/fmt/print.go:108:0 s=107
             fmt.(*pp).doPrintf /home/jzh/go/src/fmt/print.go:1033:0 s=1020
   827: 0x5d20d0 M=1 github.com/jzhang405/NexKV/internal/infrastructure/concurrency.heapDown /home/jzh/ws/go/src/github.com/jzhang405/NexKV/internal/infrastructure/concurrency/executor_percore.go:541:0 s=527
   828: 0x5d121b M=1 github.com/jzhang405/NexKV/internal/infrastructure/concurrency.(*PerCoreExecutor).SubmitWithPriority /home/jzh/ws/go/src/github.com/jzhang405/NexKV/internal/infrastructure/concurrency/executor_percore.go:343:0 s=317
   829: 0x4d9dc2 M=1 fmt.(*fmt).fmtInteger /home/jzh/go/src/fmt/format.go:324:0 s=197
   830: 0x42116e M=1 runtime.nextFreeFast /home/jzh/go/src/runtime/malloc.go:1030:0 s=1021
             runtime.mallocgcSmallScanNoHeader /home/jzh/go/src/runtime/malloc.go:1579:0 s=1555
   831: 0x432e21 M=1 runtime.tryDeferToSpanScan /home/jzh/go/src/runtime/mgcmark_greenteagc.go:276:0 s=264
   832: 0x432dcc M=1 runtime.arenaIndex /home/jzh/go/src/runtime/mheap.go:616:0 s=615
             runtime.heapArenaOf /home/jzh/go/src/runtime/mheap.go:767:0 s=766
             runtime.tryDeferToSpanScan /home/jzh/go/src/runtime/mgcmark_greenteagc.go:270:0 s=264
   833: 0x486323 M=1 runtime.findObject /home/jzh/go/src/runtime/mbitmap.go:1366:0 s=1361
   834: 0x5d100a M=1 github.com/jzhang405/NexKV/internal/infrastructure/concurrency.(*PerCoreExecutor).SubmitWithPriority /home/jzh/ws/go/src/github.com/jzhang405/NexKV/internal/infrastructure/concurrency/executor_percore.go:333:0 s=317
   835: 0x4e14ac M=1 fmt.(*pp).doPrintf /home/jzh/go/src/fmt/print.go:1076:0 s=1020
   836: 0x5d0fee M=1 github.com/jzhang405/NexKV/internal/infrastructure/concurrency.(*PerCoreExecutor).SubmitWithPriority /home/jzh/ws/go/src/github.com/jzhang405/NexKV/internal/infrastructure/concurrency/executor_percore.go:329:0 s=317
   837: 0x4d9d55 M=1 fmt.(*fmt).fmtInteger /home/jzh/go/src/fmt/format.go:310:0 s=197
   838: 0x4db2a1 M=1 fmt.(*fmt).clearflags /home/jzh/go/src/fmt/format.go:55:0 s=54
             fmt.(*fmt).init /home/jzh/go/src/fmt/format.go:62:0 s=60
             fmt.newPrinter /home/jzh/go/src/fmt/print.go:156:0 s=151
   839: 0x4d90ae M=1 fmt.(*buffer).write /home/jzh/go/src/fmt/print.go:104:0 s=103
             fmt.(*fmt).pad /home/jzh/go/src/fmt/format.go:95:0 s=93
   840: 0x42111a M=1 runtime.nextFreeFast /home/jzh/go/src/runtime/malloc.go:1022:0 s=1021
             runtime.mallocgcSmallScanNoHeader /home/jzh/go/src/runtime/malloc.go:1579:0 s=1555
   841: 0x420b2e M=1 runtime.mallocgcTiny /home/jzh/go/src/runtime/malloc.go:1317:0 s=1254
   842: 0x5d1a80 M=1 github.com/jzhang405/NexKV/internal/infrastructure/concurrency.heapPop /home/jzh/ws/go/src/github.com/jzhang405/NexKV/internal/infrastructure/concurrency/executor_percore.go:499:0 s=499
   843: 0x494538 M=1 sync.(*Pool).pin /home/jzh/go/src/sync/pool.go:218:0 s=202
   844: 0x41e880 M=1 runtime.(*lfstack).pop /home/jzh/go/src/runtime/lfstack.go:42:0 s=36
   845: 0x43bc19 M=1 runtime.trygetfull /home/jzh/go/src/runtime/mgcwork.go:500:0 s=499
   846: 0x43b5c4 M=1 runtime.(*gcWork).tryGetObj /home/jzh/go/src/runtime/mgcwork.go:270:0 s=258
   847: 0x431af7 M=1 runtime.gcDrainN /home/jzh/go/src/runtime/mgcmark.go:1415:0 s=1392
   848: 0x434e57 M=1 runtime.scanObject /home/jzh/go/src/runtime/mgcmark_greenteagc.go:1269:0 s=1187
   849: 0x455a11 M=1 runtime.lockWithRank /home/jzh/go/src/runtime/lockrank_off.go:24:0 s=23
             runtime.lock /home/jzh/go/src/runtime/lock_spinbit.go:152:0 s=151
             runtime.runSafePointFn /home/jzh/go/src/runtime/proc.go:2241:0 s=2232
   850: 0x457864 M=1 runtime.findRunnable /home/jzh/go/src/runtime/proc.go:3408:0 s=3389
   851: 0x46c039 M=1 runtime.gopreempt_m /home/jzh/go/src/runtime/proc.go:4362:0 s=4361
             runtime.newstack /home/jzh/go/src/runtime/stack.go:1145:0 s=1026
   852: 0x48d9dc M=1 runtime.morestack /home/jzh/go/src/runtime/asm_amd64.s:681:0 s=628
   853: 0x4db265 M=1 fmt.newPrinter /home/jzh/go/src/fmt/print.go:152:0 s=151
   854: 0x421120 M=1 runtime.nextFreeFast /home/jzh/go/src/runtime/malloc.go:1022:0 s=1021
             runtime.mallocgcSmallScanNoHeader /home/jzh/go/src/runtime/malloc.go:1579:0 s=1555
   855: 0x421cc6 M=1 runtime.newobject /home/jzh/go/src/runtime/malloc.go:2208:0 s=2208
   856: 0x494324 M=1 sync.(*Pool).Get /home/jzh/go/src/sync/pool.go:147:0 s=131
   857: 0x5d0501 M=1 github.com/jzhang405/NexKV/internal/infrastructure/concurrency.taskQueue.Less /home/jzh/ws/go/src/github.com/jzhang405/NexKV/internal/infrastructure/concurrency/executor_percore.go:130:0 s=126
   858: 0x488585 M=1 sync.runtime_procUnpin /home/jzh/go/src/runtime/proc.go:7919:0 s=7918
   859: 0x4de5e3 M=1 fmt.(*pp).printArg /home/jzh/go/src/fmt/print.go:684:0 s=682
   860: 0x4342ec M=1 runtime.scanObjectSmall /home/jzh/go/src/runtime/mgcmark_greenteagc.go:1004:0 s=980
   861: 0x433d05 M=1 runtime.scanSpan /home/jzh/go/src/runtime/mgcmark_greenteagc.go:869:0 s=844
   862: 0x430941 M=1 runtime.gcFlushBgCredit /home/jzh/go/src/runtime/mgcmark.go:843:0 s=836
   863: 0x431784 M=1 runtime.gcDrain /home/jzh/go/src/runtime/mgcmark.go:1353:0 s=1239
   864: 0x41ec5e M=1 runtime.notesleep /home/jzh/go/src/runtime/lock_futex.go:51:0 s=35
   865: 0x4212e4 M=1 runtime.mallocgcSmallScanNoHeader /home/jzh/go/src/runtime/malloc.go:1632:0 s=1555
   866: 0x4941e0 M=1 sync.(*Pool).Put /home/jzh/go/src/sync/pool.go:99:0 s=99
   867: 0x42133c M=1 runtime.mallocgcSmallScanNoHeader /home/jzh/go/src/runtime/malloc.go:1583:0 s=1555
   868: 0x4d9c25 M=1 fmt.(*fmt).fmtInteger /home/jzh/go/src/fmt/format.go:273:0 s=197
   869: 0x49450e M=1 sync.(*Pool).pin /home/jzh/go/src/sync/pool.go:206:0 s=202
   870: 0x4db326 M=1 fmt.(*pp).free /home/jzh/go/src/fmt/print.go:174:0 s=161
   871: 0x4941eb M=1 sync.(*Pool).Put /home/jzh/go/src/sync/pool.go:99:0 s=99
   872: 0x448d42 M=1 runtime.(*spanSet).push /home/jzh/go/src/runtime/mspanset.go:146:0 s=83
   873: 0x43a284 M=1 runtime.(*sweepLocked).sweep /home/jzh/go/src/runtime/mgcsweep.go:795:0 s=505
   874: 0x439485 M=1 runtime.bgsweep /home/jzh/go/src/runtime/mgcsweep.go:300:0 s=272
   875: 0x4664d4 M=1 runtime.lockWithRank /home/jzh/go/src/runtime/lockrank_off.go:24:0 s=23
             runtime.semrelease1 /home/jzh/go/src/runtime/sema.go:219:0 s=207
   876: 0x5d0ffb M=1 github.com/jzhang405/NexKV/internal/infrastructure/concurrency.(*PerCoreExecutor).SubmitWithPriority /home/jzh/ws/go/src/github.com/jzhang405/NexKV/internal/infrastructure/concurrency/executor_percore.go:333:0 s=317
   877: 0x5d0ff6 M=1 github.com/jzhang405/NexKV/internal/infrastructure/concurrency.(*PerCoreExecutor).SubmitWithPriority /home/jzh/ws/go/src/github.com/jzhang405/NexKV/internal/infrastructure/concurrency/executor_percore.go:330:0 s=317
   878: 0x4d9a66 M=1 fmt.(*fmt).fmtInteger /home/jzh/go/src/fmt/format.go:198:0 s=197
   879: 0x4de600 M=1 fmt.(*pp).printArg /home/jzh/go/src/fmt/print.go:699:0 s=682
   880: 0x41f2af M=1 runtime.mutexPreferLowLatency /home/jzh/go/src/runtime/lock_spinbit.go:138:0 s=134
             runtime.lock2 /home/jzh/go/src/runtime/lock_spinbit.go:214:0 s=155
   881: 0x420ba2 M=1 runtime.nextFreeFast /home/jzh/go/src/runtime/malloc.go:1025:0 s=1021
             runtime.mallocgcTiny /home/jzh/go/src/runtime/malloc.go:1329:0 s=1254
   882: 0x457843 M=1 internal/runtime/atomic.(*Bool).Load /home/jzh/go/src/internal/runtime/atomic/types.go:168:0 s=167
             runtime.findRunnable /home/jzh/go/src/runtime/proc.go:3403:0 s=3389
   883: 0x434e27 M=1 runtime.scanObject /home/jzh/go/src/runtime/mgcmark_greenteagc.go:1250:0 s=1187
   884: 0x4e11bc M=1 fmt.(*buffer).writeString /home/jzh/go/src/fmt/print.go:108:0 s=107
             fmt.(*pp).doPrintf /home/jzh/go/src/fmt/print.go:1033:0 s=1020
   885: 0x493f92 M=1 internal/sync.(*Mutex).Lock /home/jzh/go/src/internal/sync/mutex.go:63:0 s=61
             sync.(*Mutex).Lock /home/jzh/go/src/sync/mutex.go:46:0 s=45
   886: 0x466135 M=1 runtime.cansemacquire /home/jzh/go/src/runtime/sema.go:294:0 s=291
             runtime.semacquire1 /home/jzh/go/src/runtime/sema.go:153:0 s=146
   887: 0x420bc3 M=1 runtime.nextFreeFast /home/jzh/go/src/runtime/malloc.go:1030:0 s=1021
             runtime.mallocgcTiny /home/jzh/go/src/runtime/malloc.go:1329:0 s=1254
   888: 0x4db7ca M=1 fmt.Sprintf /home/jzh/go/src/fmt/print.go:237:0 s=237
   889: 0x48fc66 M=1 runtime.memmove /home/jzh/go/src/runtime/memmove_amd64.s:60:0 s=35
   890: 0x493a40 M=1 internal/sync.(*Mutex).lockSlow /home/jzh/go/src/internal/sync/mutex.go:104:0 s=95
   891: 0x4597cf M=1 runtime.schedule /home/jzh/go/src/runtime/proc.go:4154:0 s=4135
   892: 0x488560 M=1 sync.runtime_procPin /home/jzh/go/src/runtime/proc.go:7912:0 s=7912
   893: 0x434e96 M=1 runtime.scanObject /home/jzh/go/src/runtime/mgcmark_greenteagc.go:1258:0 s=1187
   894: 0x432fdd M=1 runtime.tryDeferToSpanScan /home/jzh/go/src/runtime/mgcmark_greenteagc.go:272:0 s=264
   895: 0x4e1378 M=1 fmt.(*pp).doPrintf /home/jzh/go/src/fmt/print.go:1067:0 s=1020
   896: 0x423379 M=1 runtime.readUintptr /home/jzh/go/src/runtime/mbitmap.go:1516:0 s=1515
             runtime.(*mspan).writeHeapBitsSmall /home/jzh/go/src/runtime/mbitmap.go:626:0 s=624
   897: 0x485bce M=1 runtime.mallocgc /home/jzh/go/src/runtime/malloc.go:1192:0 s=1119
   898: 0x421184 M=1 runtime.nextFreeFast /home/jzh/go/src/runtime/malloc.go:1033:0 s=1021
             runtime.mallocgcSmallScanNoHeader /home/jzh/go/src/runtime/malloc.go:1579:0 s=1555
   899: 0x421080 M=1 runtime.mallocgcSmallScanNoHeader /home/jzh/go/src/runtime/malloc.go:1555:0 s=1555
   900: 0x420cb3 M=1 runtime.mallocgcTiny /home/jzh/go/src/runtime/malloc.go:1380:0 s=1254
   901: 0x439648 M=1 runtime.(*activeSweep).begin /home/jzh/go/src/runtime/mgcsweep.go:151:0 s=148
             runtime.sweepone /home/jzh/go/src/runtime/mgcsweep.go:368:0 s=359
   902: 0x4346a9 M=1 runtime.scanObjectsSmall /home/jzh/go/src/runtime/mgcmark_greenteagc.go:1051:0 s=1015
   903: 0x5d0f74 M=1 github.com/jzhang405/NexKV/internal/infrastructure/concurrency.(*PerCoreExecutor).SubmitWithPriority /home/jzh/ws/go/src/github.com/jzhang405/NexKV/internal/infrastructure/concurrency/executor_percore.go:319:0 s=317
   904: 0x493b4f M=1 internal/sync.(*Mutex).lockSlow /home/jzh/go/src/internal/sync/mutex.go:152:0 s=95
   905: 0x48f943 M=1 runtime.memclrNoHeapPointers /home/jzh/go/src/runtime/memclr_amd64.s:19:0 s=15
   906: 0x420c48 M=1 runtime.mallocgcTiny /home/jzh/go/src/runtime/malloc.go:1334:0 s=1254
   907: 0x5d059f M=1 github.com/jzhang405/NexKV/internal/infrastructure/concurrency.taskQueue.Less /home/jzh/ws/go/src/github.com/jzhang405/NexKV/internal/infrastructure/concurrency/executor_percore.go:146:0 s=126
   908: 0x420acb M=1 runtime.getMCache /home/jzh/go/src/runtime/mcache.go:141:0 s=139
             runtime.mallocgcTiny /home/jzh/go/src/runtime/malloc.go:1299:0 s=1254
   909: 0x5d20d8 M=1 github.com/jzhang405/NexKV/internal/infrastructure/concurrency.heapDown /home/jzh/ws/go/src/github.com/jzhang405/NexKV/internal/infrastructure/concurrency/executor_percore.go:541:0 s=527
   910: 0x450277 M=1 runtime.suspendG /home/jzh/go/src/runtime/preempt.go:251:0 s=106
   911: 0x48fd8c M=1 runtime.memmove /home/jzh/go/src/runtime/memmove_amd64.s:186:0 s=35
   912: 0x5d1fa6 M=1 github.com/jzhang405/NexKV/internal/infrastructure/concurrency.heapDown /home/jzh/ws/go/src/github.com/jzhang405/NexKV/internal/infrastructure/concurrency/executor_percore.go:535:0 s=527
   913: 0x4d9db0 M=1 fmt.(*fmt).fmtInteger /home/jzh/go/src/fmt/format.go:322:0 s=197
   914: 0x42f37f M=1 runtime.markroot /home/jzh/go/src/runtime/mgcmark.go:269:0 s=221
   915: 0x432deb M=1 runtime.tryDeferToSpanScan /home/jzh/go/src/runtime/mgcmark_greenteagc.go:271:0 s=264
   916: 0x45e6f9 M=1 runtime.acquirepNoTrace /home/jzh/go/src/runtime/proc.go:6283:0 s=6274
   917: 0x486276 M=1 runtime.spanOf /home/jzh/go/src/runtime/mheap.go:718:0 s=696
             runtime.findObject /home/jzh/go/src/runtime/mbitmap.go:1362:0 s=1361
   918: 0x4939db M=1 internal/sync.(*Mutex).lockSlow /home/jzh/go/src/internal/sync/mutex.go:100:0 s=95
   919: 0x4d9d6d M=1 fmt.(*fmt).fmtInteger /home/jzh/go/src/fmt/format.go:313:0 s=197
   920: 0x4d9db5 M=1 fmt.(*fmt).fmtInteger /home/jzh/go/src/fmt/format.go:323:0 s=197
   921: 0x4e1240 M=1 fmt.(*buffer).writeString /home/jzh/go/src/fmt/print.go:108:0 s=107
             fmt.(*pp).doPrintf /home/jzh/go/src/fmt/print.go:1033:0 s=1020
   922: 0x485c2e M=1 runtime.mallocgc /home/jzh/go/src/runtime/malloc.go:1248:0 s=1119
   923: 0x434de9 M=1 runtime.scanObject /home/jzh/go/src/runtime/mgcmark_greenteagc.go:1242:0 s=1187
   924: 0x4d9a40 M=1 fmt.(*fmt).fmtInteger /home/jzh/go/src/fmt/format.go:197:0 s=197
   925: 0x4db32e M=1 fmt.(*pp).free /home/jzh/go/src/fmt/print.go:174:0 s=161
   926: 0x420aaa M=1 runtime.mallocgcTiny /home/jzh/go/src/runtime/malloc.go:1254:0 s=1254
   927: 0x457947 M=1 runtime.lockWithRank /home/jzh/go/src/runtime/lockrank_off.go:24:0 s=23
             runtime.lock /home/jzh/go/src/runtime/lock_spinbit.go:152:0 s=151
             runtime.findRunnable /home/jzh/go/src/runtime/proc.go:3444:0 s=3389
   928: 0x431b52 M=1 internal/runtime/atomic.(*Uint32).Load /home/jzh/go/src/internal/runtime/atomic/types.go:194:0 s=193
             runtime.gcDrainN /home/jzh/go/src/runtime/mgcmark.go:1424:0 s=1392
   929: 0x493fa7 M=1 internal/sync.(*Mutex).Lock /home/jzh/go/src/internal/sync/mutex.go:70:0 s=61
             sync.(*Mutex).Lock /home/jzh/go/src/sync/mutex.go:46:0 s=45
   930: 0x4d9c00 M=1 fmt.(*fmt).fmtInteger /home/jzh/go/src/fmt/format.go:272:0 s=197
   931: 0x485c44 M=1 runtime.mallocgc /home/jzh/go/src/runtime/malloc.go:1251:0 s=1119
   932: 0x4e1338 M=1 fmt.(*pp).doPrintf /home/jzh/go/src/fmt/print.go:1053:0 s=1020
   933: 0x44a092 M=1 runtime.wbBufFlush1 /home/jzh/go/src/runtime/mwbbuf.go:243:0 s=195
   934: 0x4d9d51 M=1 fmt.(*fmt).fmtInteger /home/jzh/go/src/fmt/format.go:310:0 s=197
   935: 0x5d1f53 M=1 github.com/jzhang405/NexKV/internal/infrastructure/concurrency.heapDown /home/jzh/ws/go/src/github.com/jzhang405/NexKV/internal/infrastructure/concurrency/executor_percore.go:531:0 s=527
   936: 0x46dd1c M=1 runtime.slicebytetostring /home/jzh/go/src/runtime/string.go:172:0 s=139
   937: 0x421cea M=1 runtime.newobject /home/jzh/go/src/runtime/malloc.go:2209:0 s=2208
   938: 0x42108b M=1 runtime.mallocgcSmallScanNoHeader /home/jzh/go/src/runtime/malloc.go:1555:0 s=1555
   939: 0x4de59f M=1 fmt.(*pp).printArg /home/jzh/go/src/fmt/print.go:682:0 s=682
   940: 0x43190c M=1 runtime.gcDrain /home/jzh/go/src/runtime/mgcmark.go:1276:0 s=1239
   941: 0x42136c M=1 runtime.mallocgcSmallScanNoHeader /home/jzh/go/src/runtime/malloc.go:1643:0 s=1555
   942: 0x485b2e M=1 runtime.mallocgc /home/jzh/go/src/runtime/malloc.go:1119:0 s=1119
   943: 0x4942bf M=1 sync.(*Pool).Get /home/jzh/go/src/sync/pool.go:136:0 s=131
   944: 0x4942c3 M=1 sync.(*Pool).Get /home/jzh/go/src/sync/pool.go:137:0 s=131
   945: 0x421241 M=1 runtime.heapSetTypeNoHeader /home/jzh/go/src/runtime/mbitmap.go:709:0 s=705
             runtime.mallocgcSmallScanNoHeader /home/jzh/go/src/runtime/malloc.go:1592:0 s=1555
   946: 0x48582a M=1 runtime.convT64 /home/jzh/go/src/runtime/iface.go:400:0 s=400
   947: 0x5d11c7 M=1 github.com/jzhang405/NexKV/internal/infrastructure/concurrency.(*PerCoreExecutor).SubmitWithPriority /home/jzh/ws/go/src/github.com/jzhang405/NexKV/internal/infrastructure/concurrency/executor_percore.go:343:0 s=317
   948: 0x4210a1 M=1 runtime.mallocgcSmallScanNoHeader /home/jzh/go/src/runtime/malloc.go:1572:0 s=1555
   949: 0x5d04ac M=1 github.com/jzhang405/NexKV/internal/infrastructure/concurrency.taskQueue.Less /home/jzh/ws/go/src/github.com/jzhang405/NexKV/internal/infrastructure/concurrency/executor_percore.go:128:0 s=126
   950: 0x439f82 M=1 runtime.(*sweepLocked).sweep /home/jzh/go/src/runtime/mgcsweep.go:689:0 s=505
   951: 0x423321 M=1 runtime.(*mspan).writeHeapBitsSmall /home/jzh/go/src/runtime/mbitmap.go:624:0 s=624
   952: 0x4d90c0 M=1 fmt.(*buffer).write /home/jzh/go/src/fmt/print.go:104:0 s=103
             fmt.(*fmt).pad /home/jzh/go/src/fmt/format.go:95:0 s=93
   953: 0x48586e M=1 runtime.convT64 /home/jzh/go/src/runtime/iface.go:407:0 s=400
   954: 0x494247 M=1 sync.(*Pool).Put /home/jzh/go/src/sync/pool.go:113:0 s=99
   955: 0x4dc93b M=1 fmt.(*pp).fmtInteger /home/jzh/go/src/fmt/print.go:431:0 s=422
   956: 0x4d9c35 M=1 fmt.(*fmt).fmtInteger /home/jzh/go/src/fmt/format.go:279:0 s=197
   957: 0x485baa M=1 runtime.mallocgc /home/jzh/go/src/runtime/malloc.go:1187:0 s=1119
   958: 0x4e1386 M=1 fmt.(*pp).doPrintf /home/jzh/go/src/fmt/print.go:1064:0 s=1020
   959: 0x423320 M=1 runtime.(*mspan).writeHeapBitsSmall /home/jzh/go/src/runtime/mbitmap.go:624:0 s=624
   960: 0x5dd5e1 M=1 github.com/jzhang405/NexKV/internal/infrastructure/concurrency.BenchmarkPerCoreVsAnts_Transport_Throughput.func3.1 /home/jzh/ws/go/src/github.com/jzhang405/NexKV/internal/infrastructure/concurrency/executor_comparison_benchmark_test.go:121:0 s=119
   961: 0x54c995 M=1 github.com/jzhang405/NexKV/pkg/errors.Wrapf /home/jzh/ws/go/src/github.com/jzhang405/NexKV/pkg/errors/errors.go:195:0 s=190
   962: 0x466930 M=1 runtime.(*semaRoot).queue /home/jzh/go/src/runtime/sema.go:352:0 s=304
   963: 0x466307 M=1 runtime.semacquire1 /home/jzh/go/src/runtime/sema.go:191:0 s=146
   964: 0x43346a M=1 runtime.(*spanQueue).steal /home/jzh/go/src/runtime/mgcmark_greenteagc.go:543:0 s=543
   965: 0x433084 M=1 runtime.(*gcWork).tryGetSpan /home/jzh/go/src/runtime/mgcmark_greenteagc.go:327:0 s=322
   966: 0x431b0e M=1 runtime.gcDrainN /home/jzh/go/src/runtime/mgcmark.go:1416:0 s=1392
   967: 0x432de7 M=1 runtime.heapArenaOf /home/jzh/go/src/runtime/mheap.go:783:0 s=766
             runtime.tryDeferToSpanScan /home/jzh/go/src/runtime/mgcmark_greenteagc.go:270:0 s=264
   968: 0x432da0 M=1 runtime.tryDeferToSpanScan /home/jzh/go/src/runtime/mgcmark_greenteagc.go:264:0 s=264
   969: 0x4db826 M=1 fmt.Sprintf /home/jzh/go/src/fmt/print.go:240:0 s=237
   970: 0x5d0f50 M=1 github.com/jzhang405/NexKV/internal/infrastructure/concurrency.(*PerCoreExecutor).SubmitWithPriority /home/jzh/ws/go/src/github.com/jzhang405/NexKV/internal/infrastructure/concurrency/executor_percore.go:317:0 s=317
   971: 0x460ebe M=1 runtime.pidlegetSpinning /home/jzh/go/src/runtime/proc.go:7438:0 s=7430
   972: 0x487e98 M=1 runtime.wakep /home/jzh/go/src/runtime/proc.go:3215:0 s=3212
   973: 0x421229 M=1 runtime.mallocgcSmallScanNoHeader /home/jzh/go/src/runtime/malloc.go:1592:0 s=1555
   974: 0x4e14cc M=1 fmt.(*pp).doPrintf /home/jzh/go/src/fmt/print.go:1027:0 s=1020
   975: 0x420b00 M=1 runtime.mallocgcTiny /home/jzh/go/src/runtime/malloc.go:1312:0 s=1254
   976: 0x48bacf M=1 time.runtimeNow /home/jzh/go/src/runtime/time.go:29:0 s=17
   977: 0x5dd072 M=1 github.com/jzhang405/NexKV/internal/infrastructure/concurrency.simulateTransportTask /home/jzh/ws/go/src/github.com/jzhang405/NexKV/internal/infrastructure/concurrency/executor_comparison_benchmark_test.go:24:0 s=22
   978: 0x422c57 M=1 runtime.bulkBarrierPreWrite /home/jzh/go/src/runtime/mbitmap.go:395:0 s=388
   979: 0x4e116b M=1 fmt.(*pp).doPrintf /home/jzh/go/src/fmt/print.go:1029:0 s=1020
   980: 0x4db7d7 M=1 fmt.Sprintf /home/jzh/go/src/fmt/print.go:242:0 s=237
   981: 0x4db81b M=1 fmt.Sprintf /home/jzh/go/src/fmt/print.go:240:0 s=237
   982: 0x420c03 M=1 runtime.mallocgcTiny /home/jzh/go/src/runtime/malloc.go:1299:0 s=1254
   983: 0x4db2aa M=1 fmt.newPrinter /home/jzh/go/src/fmt/print.go:157:0 s=151
   984: 0x5d1fb2 M=1 github.com/jzhang405/NexKV/internal/infrastructure/concurrency.heapDown /home/jzh/ws/go/src/github.com/jzhang405/NexKV/internal/infrastructure/concurrency/executor_percore.go:538:0 s=527
   985: 0x4d9c2b M=1 fmt.(*fmt).fmtInteger /home/jzh/go/src/fmt/format.go:273:0 s=197
   986: 0x420c78 M=1 runtime.mallocgcTiny /home/jzh/go/src/runtime/malloc.go:1367:0 s=1254
   987: 0x488580 M=1 sync.runtime_procUnpin /home/jzh/go/src/runtime/proc.go:7918:0 s=7918
   988: 0x494000 M=1 internal/sync.(*Mutex).Unlock /home/jzh/go/src/internal/sync/mutex.go:198:0 s=187
             sync.(*Mutex).Unlock /home/jzh/go/src/sync/mutex.go:65:0 s=64
   989: 0x4e127e M=1 fmt.(*buffer).writeString /home/jzh/go/src/fmt/print.go:108:0 s=107
             fmt.(*pp).doPrintf /home/jzh/go/src/fmt/print.go:1033:0 s=1020
   990: 0x4db83f M=1 fmt.Sprintf /home/jzh/go/src/fmt/print.go:242:0 s=237
   991: 0x48fd82 M=1 runtime.memmove /home/jzh/go/src/runtime/memmove_amd64.s:183:0 s=35
   992: 0x485b7f M=1 runtime.mallocgc /home/jzh/go/src/runtime/malloc.go:1164:0 s=1119
   993: 0x5d05b3 M=1 github.com/jzhang405/NexKV/internal/infrastructure/concurrency.taskQueue.Less /home/jzh/ws/go/src/github.com/jzhang405/NexKV/internal/infrastructure/concurrency/executor_percore.go:146:0 s=126
   994: 0x5d1b8d M=1 github.com/jzhang405/NexKV/internal/infrastructure/concurrency.heapPop /home/jzh/ws/go/src/github.com/jzhang405/NexKV/internal/infrastructure/concurrency/executor_percore.go:506:0 s=499
   995: 0x486240 M=1 runtime.findObject /home/jzh/go/src/runtime/mbitmap.go:1361:0 s=1361
   996: 0x43469c M=1 runtime.scanObjectsSmall /home/jzh/go/src/runtime/mgcmark_greenteagc.go:1050:0 s=1015
   997: 0x4233a0 M=1 runtime.(*mspan).base /home/jzh/go/src/runtime/mheap.go:519:0 s=518
             runtime.(*mspan).writeHeapBitsSmall /home/jzh/go/src/runtime/mbitmap.go:653:0 s=624
   998: 0x420cf2 M=1 runtime.releasem /home/jzh/go/src/runtime/runtime1.go:610:0 s=607
             runtime.mallocgcTiny /home/jzh/go/src/runtime/malloc.go:1384:0 s=1254
   999: 0x41f67d M=1 runtime.unlock2 /home/jzh/go/src/runtime/lock_spinbit.go:275:0 s=267
  1000: 0x4de619 M=1 fmt.(*pp).printArg /home/jzh/go/src/fmt/print.go:686:0 s=682
  1001: 0x43b8ae M=1 runtime.(*gcWork).empty /home/jzh/go/src/runtime/mgcwork.go:384:0 s=383
  1002: 0x42283d M=1 runtime.typePointers.next /home/jzh/go/src/runtime/mbitmap.go:255:0 s=243
  1003: 0x422948 M=1 runtime.typePointers.next /home/jzh/go/src/runtime/mbitmap.go:246:0 s=243
  1004: 0x422801 M=1 runtime.typePointers.next /home/jzh/go/src/runtime/mbitmap.go:243:0 s=243
  1005: 0x5d2116 M=1 github.com/jzhang405/NexKV/internal/infrastructure/concurrency.heapDown /home/jzh/ws/go/src/github.com/jzhang405/NexKV/internal/infrastructure/concurrency/executor_percore.go:541:0 s=527
  1006: 0x4d9a82 M=1 fmt.(*fmt).fmtInteger /home/jzh/go/src/fmt/format.go:206:0 s=197
  1007: 0x4d900a M=1 fmt.(*fmt).pad /home/jzh/go/src/fmt/format.go:94:0 s=93
  1008: 0x4210ab M=1 runtime.getMCache /home/jzh/go/src/runtime/mcache.go:141:0 s=139
             runtime.mallocgcSmallScanNoHeader /home/jzh/go/src/runtime/malloc.go:1575:0 s=1555
  1009: 0x421172 M=1 runtime.nextFreeFast /home/jzh/go/src/runtime/malloc.go:1031:0 s=1021
             runtime.mallocgcSmallScanNoHeader /home/jzh/go/src/runtime/malloc.go:1579:0 s=1555
  1010: 0x459e59 M=1 runtime.(*guintptr).set /home/jzh/go/src/runtime/runtime2.go:248:0 s=248
             runtime.(*gQueue).pushBack /home/jzh/go/src/runtime/proc.go:7776:0 s=7773
             runtime.globrunqput /home/jzh/go/src/runtime/proc.go:7252:0 s=7249
             runtime.goschedImpl /home/jzh/go/src/runtime/proc.go:4337:0 s=4307
  1011: 0x432e41 M=1 runtime.tryDeferToSpanScan /home/jzh/go/src/runtime/mgcmark_greenteagc.go:283:0 s=264
  1012: 0x432e6e M=1 runtime.tryDeferToSpanScan /home/jzh/go/src/runtime/mgcmark_greenteagc.go:286:0 s=264
  1013: 0x49423a M=1 sync.(*Pool).Put /home/jzh/go/src/sync/pool.go:113:0 s=99
  1014: 0x5d0f91 M=1 github.com/jzhang405/NexKV/internal/infrastructure/concurrency.(*PerCoreExecutor).SubmitWithPriority /home/jzh/ws/go/src/github.com/jzhang405/NexKV/internal/infrastructure/concurrency/executor_percore.go:317:0 s=317
  1015: 0x493ff4 M=1 internal/sync.(*Mutex).Unlock /home/jzh/go/src/internal/sync/mutex.go:194:0 s=187
             sync.(*Mutex).Unlock /home/jzh/go/src/sync/mutex.go:65:0 s=64
  1016: 0x4de85f M=1 fmt.(*pp).printArg /home/jzh/go/src/fmt/print.go:719:0 s=682
  1017: 0x43b0c0 M=1 runtime.traceAcquire /home/jzh/go/src/runtime/traceruntime.go:189:0 s=188
             runtime.deductSweepCredit /home/jzh/go/src/runtime/mgcsweep.go:961:0 s=913
  1018: 0x424a44 M=1 runtime.(*mcentral).cacheSpan /home/jzh/go/src/runtime/mcentral.go:85:0 s=82
  1019: 0x4d9094 M=1 fmt.(*buffer).write /home/jzh/go/src/fmt/print.go:104:0 s=103
             fmt.(*fmt).pad /home/jzh/go/src/fmt/format.go:95:0 s=93
  1020: 0x4939ca M=1 internal/sync.(*Mutex).lockSlow /home/jzh/go/src/internal/sync/mutex.go:95:0 s=95
  1021: 0x4212a2 M=1 runtime.mallocgcSmallScanNoHeader /home/jzh/go/src/runtime/malloc.go:1619:0 s=1555
  1022: 0x42a5ca M=1 runtime.(*fixalloc).alloc /home/jzh/go/src/runtime/mfixalloc.go:82:0 s=74
  1023: 0x43d059 M=1 runtime.(*mheap).allocMSpanLocked /home/jzh/go/src/runtime/mheap.go:1172:0 s=1160
  1024: 0x43d2c4 M=1 runtime.(*mheap).allocSpan /home/jzh/go/src/runtime/mheap.go:1313:0 s=1224
  1025: 0x4db2fa M=1 fmt.(*pp).free /home/jzh/go/src/fmt/print.go:169:0 s=161
  1026: 0x5d1220 M=1 github.com/jzhang405/NexKV/internal/infrastructure/concurrency.(*PerCoreExecutor).SubmitWithPriority /home/jzh/ws/go/src/github.com/jzhang405/NexKV/internal/infrastructure/concurrency/executor_percore.go:343:0 s=317
  1027: 0x48fd68 M=1 runtime.memmove /home/jzh/go/src/runtime/memmove_amd64.s:167:0 s=35
  1028: 0x4d9093 M=1 fmt.(*buffer).write /home/jzh/go/src/fmt/print.go:104:0 s=103
             fmt.(*fmt).pad /home/jzh/go/src/fmt/format.go:95:0 s=93
  1029: 0x485b2b M=1 runtime.mallocgc /home/jzh/go/src/runtime/malloc.go:1119:0 s=1119
  1030: 0x4a5ecb M=1 time.Since /home/jzh/go/src/time/time.go:1227:0 s=1227
  1031: 0x4de593 M=1 fmt.(*pp).printArg /home/jzh/go/src/fmt/print.go:682:0 s=682
  1032: 0x432e67 M=1 runtime.tryDeferToSpanScan /home/jzh/go/src/runtime/mgcmark_greenteagc.go:286:0 s=264
  1033: 0x5d19b5 M=1 github.com/jzhang405/NexKV/internal/infrastructure/concurrency.(*coreWorker).executeTask /home/jzh/ws/go/src/github.com/jzhang405/NexKV/internal/infrastructure/concurrency/executor_percore.go:487:0 s=475
  1034: 0x422d69 M=1 runtime.(*wbBuf).get2 /home/jzh/go/src/runtime/mwbbuf.go:143:0 s=142
             runtime.bulkBarrierPreWrite /home/jzh/go/src/runtime/mbitmap.go:453:0 s=388
  1035: 0x48fd93 M=1 runtime.memmove /home/jzh/go/src/runtime/memmove_amd64.s:191:0 s=35
  1036: 0x4e10d0 M=1 fmt.(*pp).doPrintf /home/jzh/go/src/fmt/print.go:1020:0 s=1020
  1037: 0x4233be M=1 runtime.spanHeapBitsRange /home/jzh/go/src/runtime/mbitmap.go:574:0 s=570
             runtime.(*mspan).writeHeapBitsSmall /home/jzh/go/src/runtime/mbitmap.go:653:0 s=624
  1038: 0x5d0f64 M=1 github.com/jzhang405/NexKV/internal/infrastructure/concurrency.(*PerCoreExecutor).SubmitWithPriority /home/jzh/ws/go/src/github.com/jzhang405/NexKV/internal/infrastructure/concurrency/executor_percore.go:319:0 s=317
  1039: 0x4211f8 M=1 runtime.mallocgcSmallScanNoHeader /home/jzh/go/src/runtime/malloc.go:1584:0 s=1555
  1040: 0x448d26 M=1 runtime.(*spanSet).push /home/jzh/go/src/runtime/mspanset.go:145:0 s=83
  1041: 0x424f3d M=1 runtime.(*mcentral).uncacheSpan /home/jzh/go/src/runtime/mcentral.go:245:0 s=205
  1042: 0x42437e M=1 runtime.(*mcache).refill /home/jzh/go/src/runtime/mcache.go:182:0 s=160
  1043: 0x54c988 M=1 github.com/jzhang405/NexKV/pkg/errors.mergeNexError /home/jzh/ws/go/src/github.com/jzhang405/NexKV/pkg/errors/errors.go:215:0 s=199
             github.com/jzhang405/NexKV/pkg/errors.Wrapf /home/jzh/ws/go/src/github.com/jzhang405/NexKV/pkg/errors/errors.go:195:0 s=190
  1044: 0x5d2090 M=1 github.com/jzhang405/NexKV/internal/infrastructure/concurrency.heapDown /home/jzh/ws/go/src/github.com/jzhang405/NexKV/internal/infrastructure/concurrency/executor_percore.go:541:0 s=527
  1045: 0x485b20 M=1 runtime.mallocgc /home/jzh/go/src/runtime/malloc.go:1119:0 s=1119
  1046: 0x4d9b97 M=1 fmt.(*fmt).fmtInteger /home/jzh/go/src/fmt/format.go:243:0 s=197
  1047: 0x4d9c39 M=1 fmt.(*fmt).fmtInteger /home/jzh/go/src/fmt/format.go:279:0 s=197
  1048: 0x420b3b M=1 runtime.mallocgcTiny /home/jzh/go/src/runtime/malloc.go:1321:0 s=1254
  1049: 0x485bfa M=1 runtime.mallocgc /home/jzh/go/src/runtime/malloc.go:1241:0 s=1119
  1050: 0x49421a M=1 sync.(*Pool).Put /home/jzh/go/src/sync/pool.go:113:0 s=99
  1051: 0x434e65 M=1 runtime.scanObject /home/jzh/go/src/runtime/mgcmark_greenteagc.go:1269:0 s=1187
  1052: 0x486252 M=1 runtime.arenaIndex /home/jzh/go/src/runtime/mheap.go:616:0 s=615
             runtime.spanOf /home/jzh/go/src/runtime/mheap.go:702:0 s=696
             runtime.findObject /home/jzh/go/src/runtime/mbitmap.go:1362:0 s=1361
  1053: 0x4224bd M=1 runtime.wbMove /home/jzh/go/src/runtime/mbarrier.go:198:0 s=192
  1054: 0x4dc946 M=1 fmt.(*pp).fmtInteger /home/jzh/go/src/fmt/print.go:431:0 s=422
  1055: 0x4e12f1 M=1 fmt.(*fmt).clearflags /home/jzh/go/src/fmt/format.go:55:0 s=54
             fmt.(*pp).doPrintf /home/jzh/go/src/fmt/print.go:1044:0 s=1020
  1056: 0x494526 M=1 sync.(*Pool).pin /home/jzh/go/src/sync/pool.go:217:0 s=202
  1057: 0x41f298 M=1 runtime.lock2 /home/jzh/go/src/runtime/lock_spinbit.go:209:0 s=155
  1058: 0x4db80e M=1 fmt.Sprintf /home/jzh/go/src/fmt/print.go:239:0 s=237
  1059: 0x420bed M=1 runtime.nextFreeFast /home/jzh/go/src/runtime/malloc.go:1033:0 s=1021
             runtime.mallocgcTiny /home/jzh/go/src/runtime/malloc.go:1329:0 s=1254
  1060: 0x42434f M=1 runtime.(*mcache).refill /home/jzh/go/src/runtime/mcache.go:179:0 s=160
  1061: 0x420c59 M=1 runtime.mallocgcTiny /home/jzh/go/src/runtime/malloc.go:1340:0 s=1254
  1062: 0x493fb1 M=1 sync.(*Mutex).Lock /home/jzh/go/src/sync/mutex.go:47:0 s=45
  1063: 0x457895 M=1 internal/runtime/atomic.(*Bool).Load /home/jzh/go/src/internal/runtime/atomic/types.go:168:0 s=167
             runtime.traceShuttingDown /home/jzh/go/src/runtime/traceruntime.go:165:0 s=164
             runtime.findRunnable /home/jzh/go/src/runtime/proc.go:3418:0 s=3389
  1064: 0x5d11df M=1 github.com/jzhang405/NexKV/internal/infrastructure/concurrency.(*PerCoreExecutor).SubmitWithPriority /home/jzh/ws/go/src/github.com/jzhang405/NexKV/internal/infrastructure/concurrency/executor_percore.go:343:0 s=317
  1065: 0x54c84c M=1 github.com/jzhang405/NexKV/pkg/errors.Wrapf /home/jzh/ws/go/src/github.com/jzhang405/NexKV/pkg/errors/errors.go:192:0 s=190
  1066: 0x457218 M=1 runtime.mPark /home/jzh/go/src/runtime/proc.go:1968:0 s=1965
             runtime.stoplockedm /home/jzh/go/src/runtime/proc.go:3263:0 s=3250
  1067: 0x48d164 M=1 gcWriteBarrier /home/jzh/go/src/runtime/asm_amd64.s:1825:0 s=1813
  1068: 0x466cf1 M=1 runtime.(*maybeTraceablePtr).set /home/jzh/go/src/runtime/runtime2.go:360:0 s=359
             runtime.(*semaRoot).dequeue /home/jzh/go/src/runtime/sema.go:481:0 s=405
  1069: 0x4939f4 M=1 internal/sync.(*Mutex).lockSlow /home/jzh/go/src/internal/sync/mutex.go:140:0 s=95
  1070: 0x45e78f M=1 runtime.wirep /home/jzh/go/src/runtime/proc.go:6306:0 s=6296
  1071: 0x46dd4a M=1 runtime.slicebytetostring /home/jzh/go/src/runtime/string.go:173:0 s=139
  1072: 0x54c94f M=1 github.com/jzhang405/NexKV/pkg/errors.mergeNexError /home/jzh/ws/go/src/github.com/jzhang405/NexKV/pkg/errors/errors.go:214:0 s=199
             github.com/jzhang405/NexKV/pkg/errors.Wrapf /home/jzh/ws/go/src/github.com/jzhang405/NexKV/pkg/errors/errors.go:195:0 s=190
  1073: 0x4e1159 M=1 fmt.(*pp).doPrintf /home/jzh/go/src/fmt/print.go:1030:0 s=1020
  1074: 0x4e1259 M=1 fmt.(*buffer).writeString /home/jzh/go/src/fmt/print.go:108:0 s=107
             fmt.(*pp).doPrintf /home/jzh/go/src/fmt/print.go:1033:0 s=1020
  1075: 0x493bba M=1 internal/sync.(*Mutex).lockSlow /home/jzh/go/src/internal/sync/mutex.go:140:0 s=95
  1076: 0x44a089 M=1 runtime.wbBufFlush1 /home/jzh/go/src/runtime/mwbbuf.go:243:0 s=195
  1077: 0x431666 M=1 runtime.gcDrain /home/jzh/go/src/runtime/mgcmark.go:1320:0 s=1239
  1078: 0x485b80 M=1 runtime.mallocgc /home/jzh/go/src/runtime/malloc.go:1164:0 s=1119
  1079: 0x4dc9ef M=1 fmt.(*pp).fmtInteger /home/jzh/go/src/fmt/print.go:449:0 s=422
  1080: 0x432a18 M=1 runtime.(*mspan).base /home/jzh/go/src/runtime/mheap.go:519:0 s=518
             runtime.gcmarknewobject /home/jzh/go/src/runtime/mgcmark.go:1766:0 s=1748
  1081: 0x4212c4 M=1 runtime.mallocgcSmallScanNoHeader /home/jzh/go/src/runtime/malloc.go:1609:0 s=1555
  1082: 0x5d0ef8 M=1 github.com/jzhang405/NexKV/internal/infrastructure/concurrency.(*PerCoreExecutor).Submit /home/jzh/ws/go/src/github.com/jzhang405/NexKV/internal/infrastructure/concurrency/executor_percore.go:313:0 s=312
  1083: 0x4d9a4a M=1 fmt.(*fmt).fmtInteger /home/jzh/go/src/fmt/format.go:197:0 s=197
  1084: 0x4dea1d M=1 fmt.(*pp).printArg /home/jzh/go/src/fmt/print.go:763:0 s=682
  1085: 0x48fd6c M=1 runtime.memmove /home/jzh/go/src/runtime/memmove_amd64.s:168:0 s=35
  1086: 0x4e1157 M=1 fmt.(*pp).doPrintf /home/jzh/go/src/fmt/print.go:1029:0 s=1020
  1087: 0x4233cf M=1 runtime.(*mspan).writeHeapBitsSmall /home/jzh/go/src/runtime/mbitmap.go:657:0 s=624
  1088: 0x420b33 M=1 runtime.mallocgcTiny /home/jzh/go/src/runtime/malloc.go:1319:0 s=1254
  1089: 0x4d8ff3 M=1 fmt.(*fmt).pad /home/jzh/go/src/fmt/format.go:93:0 s=93
  1090: 0x422cec M=1 runtime.bulkBarrierPreWrite /home/jzh/go/src/runtime/mbitmap.go:435:0 s=388
  1091: 0x423483 M=1 runtime.(*mspan).writeHeapBitsSmall /home/jzh/go/src/runtime/mbitmap.go:670:0 s=624
  1092: 0x41d289 M=1 runtime.(*timeHistogram).record /home/jzh/go/src/runtime/histogram.go:135:0 s=105
  1093: 0x486244 M=1 runtime.findObject /home/jzh/go/src/runtime/mbitmap.go:1361:0 s=1361
  1094: 0x46dd30 M=1 runtime.slicebytetostring /home/jzh/go/src/runtime/string.go:140:0 s=139
  1095: 0x4de58f M=1 fmt.(*pp).printArg /home/jzh/go/src/fmt/print.go:682:0 s=682
  1096: 0x4210e5 M=1 runtime.makeSpanClass /home/jzh/go/src/runtime/mheap.go:590:0 s=589
             runtime.mallocgcSmallScanNoHeader /home/jzh/go/src/runtime/malloc.go:1577:0 s=1555
  1097: 0x48f08f M=1 runtime.procyieldAsm /home/jzh/go/src/runtime/asm_amd64.s:872:0 s=863
  1098: 0x5d1011 M=1 github.com/jzhang405/NexKV/internal/infrastructure/concurrency.(*PerCoreExecutor).SubmitWithPriority /home/jzh/ws/go/src/github.com/jzhang405/NexKV/internal/infrastructure/concurrency/executor_percore.go:334:0 s=317
  1099: 0x422923 M=1 runtime.typePointers.next /home/jzh/go/src/runtime/mbitmap.go:264:0 s=243
  1100: 0x493ca0 M=1 internal/sync.(*Mutex).unlockSlow /home/jzh/go/src/internal/sync/mutex.go:202:0 s=202
  1101: 0x5d059a M=1 github.com/jzhang405/NexKV/internal/infrastructure/concurrency.taskQueue.Less /home/jzh/ws/go/src/github.com/jzhang405/NexKV/internal/infrastructure/concurrency/executor_percore.go:145:0 s=126
  1102: 0x421224 M=1 runtime.heapSetTypeNoHeader /home/jzh/go/src/runtime/mbitmap.go:709:0 s=705
             runtime.mallocgcSmallScanNoHeader /home/jzh/go/src/runtime/malloc.go:1592:0 s=1555
  1103: 0x54c954 M=1 github.com/jzhang405/NexKV/pkg/errors.mergeNexError /home/jzh/ws/go/src/github.com/jzhang405/NexKV/pkg/errors/errors.go:214:0 s=199
             github.com/jzhang405/NexKV/pkg/errors.Wrapf /home/jzh/ws/go/src/github.com/jzhang405/NexKV/pkg/errors/errors.go:195:0 s=190
  1104: 0x422dd1 M=1 runtime.bulkBarrierPreWrite /home/jzh/go/src/runtime/mbitmap.go:458:0 s=388
  1105: 0x422943 M=1 runtime.typePointers.next /home/jzh/go/src/runtime/mbitmap.go:246:0 s=243
  1106: 0x4de5f9 M=1 fmt.(*pp).printArg /home/jzh/go/src/fmt/print.go:686:0 s=682
  1107: 0x45eb2f M=1 runtime.incidlelocked /home/jzh/go/src/runtime/proc.go:6358:0 s=6355
  1108: 0x4d90a5 M=1 fmt.(*buffer).write /home/jzh/go/src/fmt/print.go:104:0 s=103
             fmt.(*fmt).pad /home/jzh/go/src/fmt/format.go:95:0 s=93
  1109: 0x46dd3a M=1 runtime.slicebytetostring /home/jzh/go/src/runtime/string.go:173:0 s=139
  1110: 0x46dcfe M=1 runtime.slicebytetostring /home/jzh/go/src/runtime/string.go:140:0 s=139
  1111: 0x5d100c M=1 github.com/jzhang405/NexKV/internal/infrastructure/concurrency.(*PerCoreExecutor).SubmitWithPriority /home/jzh/ws/go/src/github.com/jzhang405/NexKV/internal/infrastructure/concurrency/executor_percore.go:334:0 s=317
  1112: 0x4de862 M=1 fmt.(*pp).printArg /home/jzh/go/src/fmt/print.go:720:0 s=682
  1113: 0x4e11a4 M=1 fmt.(*pp).doPrintf /home/jzh/go/src/fmt/print.go:1033:0 s=1020
  1114: 0x494230 M=1 sync.(*Pool).Put /home/jzh/go/src/sync/pool.go:113:0 s=99
  1115: 0x4235b5 M=1 runtime.(*mspan).nextFreeIndex /home/jzh/go/src/runtime/mbitmap.go:1148:0 s=1113
  1116: 0x4208e9 M=1 runtime.(*mcache).nextFree /home/jzh/go/src/runtime/malloc.go:1051:0 s=1048
  1117: 0x420c24 M=1 runtime.mallocgcTiny /home/jzh/go/src/runtime/malloc.go:1331:0 s=1254
  1118: 0x422800 M=1 runtime.typePointers.next /home/jzh/go/src/runtime/mbitmap.go:243:0 s=243
  1119: 0x434df7 M=1 runtime.scanObject /home/jzh/go/src/runtime/mgcmark_greenteagc.go:1250:0 s=1187
  1120: 0x41ec53 M=1 runtime.notesleep /home/jzh/go/src/runtime/lock_futex.go:41:0 s=35
  1121: 0x41f6de M=1 runtime.unlock2 /home/jzh/go/src/runtime/lock_spinbit.go:322:0 s=267
  1122: 0x42124c M=1 runtime.mallocgcSmallScanNoHeader /home/jzh/go/src/runtime/malloc.go:1592:0 s=1555
  1123: 0x54c83c M=1 github.com/jzhang405/NexKV/pkg/errors.Wrapf /home/jzh/ws/go/src/github.com/jzhang405/NexKV/pkg/errors/errors.go:190:0 s=190
  1124: 0x48fc46 M=1 runtime.memmove /home/jzh/go/src/runtime/memmove_amd64.s:41:0 s=35
  1125: 0x4db7d2 M=1 fmt.Sprintf /home/jzh/go/src/fmt/print.go:242:0 s=237
  1126: 0x466d2c M=1 runtime.(*semaRoot).dequeue /home/jzh/go/src/runtime/sema.go:485:0 s=405
  1127: 0x54c95e M=1 github.com/jzhang405/NexKV/pkg/errors.mergeNexError /home/jzh/ws/go/src/github.com/jzhang405/NexKV/pkg/errors/errors.go:214:0 s=199
             github.com/jzhang405/NexKV/pkg/errors.Wrapf /home/jzh/ws/go/src/github.com/jzhang405/NexKV/pkg/errors/errors.go:195:0 s=190
  1128: 0x457256 M=1 runtime.stoplockedm /home/jzh/go/src/runtime/proc.go:3270:0 s=3250
  1129: 0x4db24a M=1 fmt.newPrinter /home/jzh/go/src/fmt/print.go:151:0 s=151
  1130: 0x4de86c M=1 fmt.(*pp).printArg /home/jzh/go/src/fmt/print.go:708:0 s=682
  1131: 0x48f940 M=1 runtime.memclrNoHeapPointers /home/jzh/go/src/runtime/memclr_amd64.s:18:0 s=15
  1132: 0x485ba0 M=1 runtime.mallocgc /home/jzh/go/src/runtime/malloc.go:1187:0 s=1119
  1133: 0x54c86b M=1 github.com/jzhang405/NexKV/pkg/errors.Wrapf /home/jzh/ws/go/src/github.com/jzhang405/NexKV/pkg/errors/errors.go:195:0 s=190
  1134: 0x422ce7 M=1 runtime.bulkBarrierPreWrite /home/jzh/go/src/runtime/mbitmap.go:435:0 s=388
  1135: 0x448e38 M=1 runtime.(*spanSet).pop /home/jzh/go/src/runtime/mspanset.go:216:0 s=150
  1136: 0x424afa M=1 runtime.(*mcentral).cacheSpan /home/jzh/go/src/runtime/mcentral.go:114:0 s=82
  1137: 0x5d1bf5 M=1 github.com/jzhang405/NexKV/internal/infrastructure/concurrency.heapPop /home/jzh/ws/go/src/github.com/jzhang405/NexKV/internal/infrastructure/concurrency/executor_percore.go:511:0 s=499
  1138: 0x440a52 M=1 runtime.(*pageAlloc).chunkOf /home/jzh/go/src/runtime/mpagealloc.go:357:0 s=356
             runtime.(*pageAlloc).update /home/jzh/go/src/runtime/mpagealloc.go:504:0 s=492
  1139: 0x442493 M=1 runtime.(*pageAlloc).free /home/jzh/go/src/runtime/mpagealloc.go:976:0 s=940
  1140: 0x43e0ab M=1 runtime.(*mheap).freeSpanLocked /home/jzh/go/src/runtime/mheap.go:1781:0 s=1730
  1141: 0x43ab08 M=1 runtime.(*sweepLocked).sweep.(*mheap).freeSpan.func2 /home/jzh/go/src/runtime/mheap.go:1694:0 s=1667
  1142: 0x43a2c4 M=1 runtime.(*mheap).freeSpan /home/jzh/go/src/runtime/mheap.go:1667:0 s=1666
             runtime.(*sweepLocked).sweep /home/jzh/go/src/runtime/mgcsweep.go:788:0 s=505
  1143: 0x4d9029 M=1 fmt.(*fmt).pad /home/jzh/go/src/fmt/format.go:95:0 s=93
  1144: 0x49432f M=1 sync.(*Pool).Get /home/jzh/go/src/sync/pool.go:157:0 s=131
  1145: 0x432e63 M=1 runtime.tryDeferToSpanScan /home/jzh/go/src/runtime/mgcmark_greenteagc.go:283:0 s=264
  1146: 0x5d106c M=1 github.com/jzhang405/NexKV/internal/infrastructure/concurrency.(*PerCoreExecutor).SubmitWithPriority /home/jzh/ws/go/src/github.com/jzhang405/NexKV/internal/infrastructure/concurrency/executor_percore.go:342:0 s=317
  1147: 0x421ce0 M=1 runtime.newobject /home/jzh/go/src/runtime/malloc.go:2209:0 s=2208
  1148: 0x423462 M=1 runtime.(*mspan).writeHeapBitsSmall /home/jzh/go/src/runtime/mbitmap.go:658:0 s=624
  1149: 0x4d9dad M=1 fmt.(*fmt).fmtInteger /home/jzh/go/src/fmt/format.go:322:0 s=197
  1150: 0x4941ea M=1 sync.(*Pool).Put /home/jzh/go/src/sync/pool.go:99:0 s=99
  1151: 0x5d0f05 M=1 github.com/jzhang405/NexKV/internal/infrastructure/concurrency.(*PerCoreExecutor).Submit /home/jzh/ws/go/src/github.com/jzhang405/NexKV/internal/infrastructure/concurrency/executor_percore.go:313:0 s=312
  1152: 0x4d9e41 M=1 fmt.(*fmt).fmtInteger /home/jzh/go/src/fmt/format.go:279:0 s=197
  1153: 0x41eb79 M=1 runtime.notewakeup /home/jzh/go/src/runtime/lock_futex.go:32:0 s=26
  1154: 0x5d2133 M=1 github.com/jzhang405/NexKV/internal/infrastructure/concurrency.heapDown /home/jzh/ws/go/src/github.com/jzhang405/NexKV/internal/infrastructure/concurrency/executor_percore.go:544:0 s=527
  1155: 0x4dea22 M=1 fmt.(*pp).printArg /home/jzh/go/src/fmt/print.go:763:0 s=682
  1156: 0x44e099 M=1 runtime.gorecover /home/jzh/go/src/runtime/panic.go:1073:0 s=1069
  1157: 0x5d1a1b M=1 github.com/jzhang405/NexKV/internal/infrastructure/concurrency.(*coreWorker).executeTask.func1 /home/jzh/ws/go/src/github.com/jzhang405/NexKV/internal/infrastructure/concurrency/executor_percore.go:477:0 s=476
  1158: 0x4d90b5 M=1 fmt.(*buffer).write /home/jzh/go/src/fmt/print.go:104:0 s=103
             fmt.(*fmt).pad /home/jzh/go/src/fmt/format.go:95:0 s=93
  1159: 0x5dd60a M=1 testing.(*PB).Next /home/jzh/go/src/testing/benchmark.go:923:0 s=922
             github.com/jzhang405/NexKV/internal/infrastructure/concurrency.BenchmarkPerCoreVsAnts_Transport_Throughput.func3.1 /home/jzh/ws/go/src/github.com/jzhang405/NexKV/internal/infrastructure/concurrency/executor_comparison_benchmark_test.go:120:0 s=119
  1160: 0x431d55 M=1 runtime.scanblock /home/jzh/go/src/runtime/mgcmark.go:1496:0 s=1479
  1161: 0x42f893 M=1 runtime.markrootBlock /home/jzh/go/src/runtime/mgcmark.go:351:0 s=330
  1162: 0x42f605 M=1 runtime.markroot /home/jzh/go/src/runtime/mgcmark.go:235:0 s=221
  1163: 0x4db389 M=1 fmt.(*pp).free /home/jzh/go/src/fmt/print.go:178:0 s=161
  1164: 0x4d9a72 M=1 fmt.(*fmt).fmtInteger /home/jzh/go/src/fmt/format.go:198:0 s=197
  1165: 0x424c12 M=1 internal/runtime/atomic.(*Uint32).CompareAndSwap /home/jzh/go/src/internal/runtime/atomic/types.go:236:0 s=235
             runtime.(*activeSweep).begin /home/jzh/go/src/runtime/mgcsweep.go:154:0 s=148
             runtime.(*mcentral).cacheSpan /home/jzh/go/src/runtime/mcentral.go:118:0 s=82
  1166: 0x485bdc M=1 runtime.mallocgc /home/jzh/go/src/runtime/malloc.go:1192:0 s=1119
  1167: 0x4e12d5 M=1 fmt.(*pp).doPrintf /home/jzh/go/src/fmt/print.go:1179:0 s=1020
  1168: 0x5dd5ef M=1 github.com/jzhang405/NexKV/internal/infrastructure/concurrency.BenchmarkPerCoreVsAnts_Transport_Throughput.func3.1 /home/jzh/ws/go/src/github.com/jzhang405/NexKV/internal/infrastructure/concurrency/executor_comparison_benchmark_test.go:121:0 s=119
  1169: 0x4e1165 M=1 fmt.(*pp).doPrintf /home/jzh/go/src/fmt/print.go:1029:0 s=1020
  1170: 0x4d9a4b M=1 fmt.(*fmt).fmtInteger /home/jzh/go/src/fmt/format.go:197:0 s=197
  1171: 0x420c7c M=1 runtime.mallocgcTiny /home/jzh/go/src/runtime/malloc.go:1367:0 s=1254
  1172: 0x485b2a M=1 runtime.mallocgc /home/jzh/go/src/runtime/malloc.go:1119:0 s=1119
  1173: 0x46dd45 M=1 runtime.slicebytetostring /home/jzh/go/src/runtime/string.go:173:0 s=139
  1174: 0x5d0fe0 M=1 github.com/jzhang405/NexKV/internal/infrastructure/concurrency.(*PerCoreExecutor).SubmitWithPriority /home/jzh/ws/go/src/github.com/jzhang405/NexKV/internal/infrastructure/concurrency/executor_percore.go:330:0 s=317
  1175: 0x4211a4 M=1 runtime.mallocgcSmallScanNoHeader /home/jzh/go/src/runtime/malloc.go:1575:0 s=1555
  1176: 0x5d1b5e M=1 github.com/jzhang405/NexKV/internal/infrastructure/concurrency.heapPop /home/jzh/ws/go/src/github.com/jzhang405/NexKV/internal/infrastructure/concurrency/executor_percore.go:506:0 s=499
  1177: 0x5d20d4 M=1 github.com/jzhang405/NexKV/internal/infrastructure/concurrency.heapDown /home/jzh/ws/go/src/github.com/jzhang405/NexKV/internal/infrastructure/concurrency/executor_percore.go:541:0 s=527
  1178: 0x420bfe M=1 runtime.acquirem /home/jzh/go/src/runtime/runtime1.go:603:0 s=600
             runtime.mallocgcTiny /home/jzh/go/src/runtime/malloc.go:1256:0 s=1254
  1179: 0x4db2eb M=1 fmt.(*pp).free /home/jzh/go/src/fmt/print.go:161:0 s=161
  1180: 0x420d42 M=1 runtime.mallocgcTiny /home/jzh/go/src/runtime/malloc.go:1407:0 s=1254
  1181: 0x488581 M=1 runtime.procUnpin /home/jzh/go/src/runtime/proc.go:7906:0 s=7905
             sync.runtime_procUnpin /home/jzh/go/src/runtime/proc.go:7919:0 s=7918
  1182: 0x42119a M=1 runtime.getMCache /home/jzh/go/src/runtime/mcache.go:143:0 s=139
             runtime.mallocgcSmallScanNoHeader /home/jzh/go/src/runtime/malloc.go:1575:0 s=1555
  1183: 0x459ba8 M=1 runtime.park_m /home/jzh/go/src/runtime/proc.go:4285:0 s=4253
  1184: 0x44a0a7 M=1 runtime.wbBufFlush1 /home/jzh/go/src/runtime/mwbbuf.go:230:0 s=195
  1185: 0x4db37d M=1 fmt.(*pp).free /home/jzh/go/src/fmt/print.go:178:0 s=161
  1186: 0x4e10fa M=1 fmt.(*pp).doPrintf /home/jzh/go/src/fmt/print.go:1025:0 s=1020
  1187: 0x4942ab M=1 sync.(*Pool).Get /home/jzh/go/src/sync/pool.go:131:0 s=131
  1188: 0x493adb M=1 internal/sync.(*Mutex).lockSlow /home/jzh/go/src/internal/sync/mutex.go:175:0 s=95
  1189: 0x432bfb M=1 runtime.(*spanInlineMarkBits).init /home/jzh/go/src/runtime/mgcmark_greenteagc.go:139:0 s=113
  1190: 0x432d5b M=1 runtime.(*mspan).moveInlineMarks /home/jzh/go/src/runtime/mgcmark_greenteagc.go:215:0 s=196
  1191: 0x439e34 M=1 runtime.(*sweepLocked).sweep /home/jzh/go/src/runtime/mgcsweep.go:656:0 s=505
  1192: 0x5dd0b4 M=1 github.com/jzhang405/NexKV/internal/infrastructure/concurrency.simulateTransportTask /home/jzh/ws/go/src/github.com/jzhang405/NexKV/internal/infrastructure/concurrency/executor_comparison_benchmark_test.go:32:0 s=22
  1193: 0x42f409 M=1 runtime.markroot /home/jzh/go/src/runtime/mgcmark.go:280:0 s=221
  1194: 0x4db24b M=1 fmt.newPrinter /home/jzh/go/src/fmt/print.go:151:0 s=151
  1195: 0x493a68 M=1 internal/sync.(*Mutex).lockSlow /home/jzh/go/src/internal/sync/mutex.go:129:0 s=95
  1196: 0x4db82b M=1 fmt.Sprintf /home/jzh/go/src/fmt/print.go:240:0 s=237
  1197: 0x5d0f8c M=1 github.com/jzhang405/NexKV/internal/infrastructure/concurrency.(*PerCoreExecutor).SubmitWithPriority /home/jzh/ws/go/src/github.com/jzhang405/NexKV/internal/infrastructure/concurrency/executor_percore.go:317:0 s=317
  1198: 0x4de5f1 M=1 fmt.(*pp).printArg /home/jzh/go/src/fmt/print.go:686:0 s=682
  1199: 0x5d1232 M=1 github.com/jzhang405/NexKV/internal/infrastructure/concurrency.(*PerCoreExecutor).SubmitWithPriority /home/jzh/ws/go/src/github.com/jzhang405/NexKV/internal/infrastructure/concurrency/executor_percore.go:343:0 s=317
  1200: 0x422d21 M=1 runtime.bulkBarrierPreWrite /home/jzh/go/src/runtime/mbitmap.go:448:0 s=388
  1201: 0x5d0fd6 M=1 github.com/jzhang405/NexKV/internal/infrastructure/concurrency.(*PerCoreExecutor).SubmitWithPriority /home/jzh/ws/go/src/github.com/jzhang405/NexKV/internal/infrastructure/concurrency/executor_percore.go:329:0 s=317
  1202: 0x423324 M=1 runtime.(*mspan).writeHeapBitsSmall /home/jzh/go/src/runtime/mbitmap.go:624:0 s=624
  1203: 0x4210d9 M=1 runtime.mallocgcSmallScanNoHeader /home/jzh/go/src/runtime/malloc.go:1576:0 s=1555
  1204: 0x452b87 M=1 runtime.forEachG /home/jzh/go/src/runtime/proc.go:733:0 s=731
  1205: 0x5d0510 M=1 github.com/jzhang405/NexKV/internal/infrastructure/concurrency.taskQueue.Less /home/jzh/ws/go/src/github.com/jzhang405/NexKV/internal/infrastructure/concurrency/executor_percore.go:132:0 s=126
  1206: 0x4e12fa M=1 fmt.(*pp).doPrintf /home/jzh/go/src/fmt/print.go:1044:0 s=1020
  1207: 0x494325 M=1 sync.(*Pool).Get /home/jzh/go/src/sync/pool.go:154:0 s=131
  1208: 0x4e149f M=1 fmt.(*pp).doPrintf /home/jzh/go/src/fmt/print.go:1075:0 s=1020
  1209: 0x423470 M=1 runtime.(*mspan).writeHeapBitsSmall /home/jzh/go/src/runtime/mbitmap.go:670:0 s=624
  1210: 0x420af4 M=1 runtime.alignUp /home/jzh/go/src/runtime/stubs.go:375:0 s=374
             runtime.mallocgcTiny /home/jzh/go/src/runtime/malloc.go:1303:0 s=1254
  1211: 0x5d20a5 M=1 github.com/jzhang405/NexKV/internal/infrastructure/concurrency.heapDown /home/jzh/ws/go/src/github.com/jzhang405/NexKV/internal/infrastructure/concurrency/executor_percore.go:541:0 s=527
  1212: 0x434e87 M=1 runtime.scanObject /home/jzh/go/src/runtime/mgcmark_greenteagc.go:1270:0 s=1187
  1213: 0x4de63b M=1 fmt.(*pp).printArg /home/jzh/go/src/fmt/print.go:708:0 s=682
  1214: 0x48fc40 M=1 runtime.memmove /home/jzh/go/src/runtime/memmove_amd64.s:39:0 s=35
  1215: 0x4dc939 M=1 fmt.(*pp).fmtInteger /home/jzh/go/src/fmt/print.go:431:0 s=422
  1216: 0x4e11c3 M=1 fmt.(*buffer).writeString /home/jzh/go/src/fmt/print.go:108:0 s=107
             fmt.(*pp).doPrintf /home/jzh/go/src/fmt/print.go:1033:0 s=1020
  1217: 0x5d20dd M=1 github.com/jzhang405/NexKV/internal/infrastructure/concurrency.heapDown /home/jzh/ws/go/src/github.com/jzhang405/NexKV/internal/infrastructure/concurrency/executor_percore.go:541:0 s=527
  1218: 0x5d1225 M=1 github.com/jzhang405/NexKV/internal/infrastructure/concurrency.(*PerCoreExecutor).SubmitWithPriority /home/jzh/ws/go/src/github.com/jzhang405/NexKV/internal/infrastructure/concurrency/executor_percore.go:343:0 s=317
  1219: 0x5d1006 M=1 github.com/jzhang405/NexKV/internal/infrastructure/concurrency.(*PerCoreExecutor).SubmitWithPriority /home/jzh/ws/go/src/github.com/jzhang405/NexKV/internal/infrastructure/concurrency/executor_percore.go:333:0 s=317
  1220: 0x5d0477 M=1 github.com/jzhang405/NexKV/internal/infrastructure/concurrency.taskQueue.Less /home/jzh/ws/go/src/github.com/jzhang405/NexKV/internal/infrastructure/concurrency/executor_percore.go:126:0 s=126
  1221: 0x4594e3 M=1 runtime.injectglist /home/jzh/go/src/runtime/proc.go:4099:0 s=4045
  1222: 0x437024 M=1 runtime.(*scavengerState).wake /home/jzh/go/src/runtime/mgcscavenge.go:453:0 s=436
  1223: 0x4393a4 M=1 runtime.finishsweep_m /home/jzh/go/src/runtime/mgcsweep.go:267:0 s=231
  1224: 0x4835ae M=1 runtime.gcStart.func3 /home/jzh/go/src/runtime/mgc.go:870:0 s=869
  1225: 0x42b165 M=1 runtime.gcStart /home/jzh/go/src/runtime/mgc.go:869:0 s=733
  1226: 0x42293f M=1 runtime.typePointers.nextFast /home/jzh/go/src/runtime/mbitmap.go:232:0 s=212
             runtime.typePointers.next /home/jzh/go/src/runtime/mbitmap.go:246:0 s=243
  1227: 0x4396de M=1 runtime.sweepone /home/jzh/go/src/runtime/mgcsweep.go:393:0 s=359
  1228: 0x4db240 M=1 fmt.newPrinter /home/jzh/go/src/fmt/print.go:151:0 s=151
  1229: 0x420ca7 M=1 runtime.mallocgcTiny /home/jzh/go/src/runtime/malloc.go:1380:0 s=1254
  1230: 0x5d1230 M=1 github.com/jzhang405/NexKV/internal/infrastructure/concurrency.(*PerCoreExecutor).SubmitWithPriority /home/jzh/ws/go/src/github.com/jzhang405/NexKV/internal/infrastructure/concurrency/executor_percore.go:343:0 s=317
  1231: 0x420ce0 M=1 runtime.releasem /home/jzh/go/src/runtime/runtime1.go:609:0 s=607
             runtime.mallocgcTiny /home/jzh/go/src/runtime/malloc.go:1384:0 s=1254
  1232: 0x44909d M=1 internal/runtime/atomic.(*Uint64).Add /home/jzh/go/src/internal/runtime/atomic/types.go:344:0 s=343
             runtime.(*atomicHeadTailIndex).incTail /home/jzh/go/src/runtime/mspanset.go:399:0 s=398
  1233: 0x448be6 M=1 runtime.(*spanSet).push /home/jzh/go/src/runtime/mspanset.go:85:0 s=83
  1234: 0x4d9031 M=1 fmt.(*buffer).write /home/jzh/go/src/fmt/print.go:104:0 s=103
             fmt.(*fmt).pad /home/jzh/go/src/fmt/format.go:95:0 s=93
  1235: 0x44a027 M=1 runtime.wbBufFlush1 /home/jzh/go/src/runtime/mwbbuf.go:230:0 s=195
  1236: 0x5d101a M=1 github.com/jzhang405/NexKV/internal/infrastructure/concurrency.(*PerCoreExecutor).SubmitWithPriority /home/jzh/ws/go/src/github.com/jzhang405/NexKV/internal/infrastructure/concurrency/executor_percore.go:334:0 s=317
  1237: 0x5d0fbe M=1 github.com/jzhang405/NexKV/internal/infrastructure/concurrency.(*PerCoreExecutor).SubmitWithPriority /home/jzh/ws/go/src/github.com/jzhang405/NexKV/internal/infrastructure/concurrency/executor_percore.go:329:0 s=317
  1238: 0x485bb4 M=1 runtime.heapBitsInSpan /home/jzh/go/src/runtime/mbitmap.go:79:0 s=76
             runtime.mallocgc /home/jzh/go/src/runtime/malloc.go:1201:0 s=1119
  1239: 0x4939e1 M=1 internal/sync.(*Mutex).lockSlow /home/jzh/go/src/internal/sync/mutex.go:101:0 s=95
  1240: 0x5d1fdc M=1 github.com/jzhang405/NexKV/internal/infrastructure/concurrency.heapDown /home/jzh/ws/go/src/github.com/jzhang405/NexKV/internal/infrastructure/concurrency/executor_percore.go:538:0 s=527
  1241: 0x5dd600 M=1 github.com/jzhang405/NexKV/internal/infrastructure/concurrency.BenchmarkPerCoreVsAnts_Transport_Throughput.func3.1 /home/jzh/ws/go/src/github.com/jzhang405/NexKV/internal/infrastructure/concurrency/executor_comparison_benchmark_test.go:121:0 s=119
  1242: 0x493d41 M=1 internal/sync.(*Mutex).unlockSlow /home/jzh/go/src/internal/sync/mutex.go:216:0 s=202
  1243: 0x48f506 M=1 runtime.gcWriteBarrier2 /home/jzh/go/src/runtime/asm_amd64.s:1890:0 s=1888
  1244: 0x4db28c M=1 fmt.(*fmt).init /home/jzh/go/src/fmt/format.go:61:0 s=60
             fmt.newPrinter /home/jzh/go/src/fmt/print.go:156:0 s=151
  1245: 0x4d9099 M=1 fmt.(*buffer).write /home/jzh/go/src/fmt/print.go:104:0 s=103
             fmt.(*fmt).pad /home/jzh/go/src/fmt/format.go:95:0 s=93
  1246: 0x4db3c3 M=1 fmt.(*pp).free /home/jzh/go/src/fmt/print.go:182:0 s=161
  1247: 0x4db2ea M=1 fmt.(*pp).free /home/jzh/go/src/fmt/print.go:161:0 s=161
  1248: 0x493cab M=1 internal/sync.(*Mutex).unlockSlow /home/jzh/go/src/internal/sync/mutex.go:202:0 s=202
  1249: 0x42125a M=1 runtime.mallocgcSmallScanNoHeader /home/jzh/go/src/runtime/malloc.go:1633:0 s=1555
  1250: 0x439187 M=1 internal/runtime/atomic.(*Uint32).CompareAndSwap /home/jzh/go/src/internal/runtime/atomic/types.go:236:0 s=235
             runtime.(*activeSweep).end /home/jzh/go/src/runtime/mgcsweep.go:171:0 s=162
  1251: 0x43977a M=1 runtime.sweepone /home/jzh/go/src/runtime/mgcsweep.go:410:0 s=359
  1252: 0x432dc9 M=1 runtime.arenaIndex /home/jzh/go/src/runtime/mheap.go:616:0 s=615
             runtime.heapArenaOf /home/jzh/go/src/runtime/mheap.go:767:0 s=766
             runtime.tryDeferToSpanScan /home/jzh/go/src/runtime/mgcmark_greenteagc.go:270:0 s=264
  1253: 0x459cca M=1 runtime.goschedImpl /home/jzh/go/src/runtime/proc.go:4307:0 s=4307
  1254: 0x420cd1 M=1 runtime.mallocgcTiny /home/jzh/go/src/runtime/malloc.go:1383:0 s=1254
  1255: 0x44b510 M=1 runtime.futexsleep /home/jzh/go/src/runtime/os_linux.go:73:0 s=66
  1256: 0x5d11f4 M=1 github.com/jzhang405/NexKV/internal/infrastructure/concurrency.(*PerCoreExecutor).SubmitWithPriority /home/jzh/ws/go/src/github.com/jzhang405/NexKV/internal/infrastructure/concurrency/executor_percore.go:343:0 s=317
  1257: 0x4db3a9 M=1 fmt.(*pp).free /home/jzh/go/src/fmt/print.go:181:0 s=161
  1258: 0x4de597 M=1 fmt.(*pp).printArg /home/jzh/go/src/fmt/print.go:682:0 s=682
  1259: 0x5dd620 M=1 testing.(*PB).Next /home/jzh/go/src/testing/benchmark.go:925:0 s=922
             github.com/jzhang405/NexKV/internal/infrastructure/concurrency.BenchmarkPerCoreVsAnts_Transport_Throughput.func3.1 /home/jzh/ws/go/src/github.com/jzhang405/NexKV/internal/infrastructure/concurrency/executor_comparison_benchmark_test.go:120:0 s=119
  1260: 0x485c27 M=1 runtime.mallocgc /home/jzh/go/src/runtime/malloc.go:1248:0 s=1119
  1261: 0x420aab M=1 runtime.mallocgcTiny /home/jzh/go/src/runtime/malloc.go:1254:0 s=1254
  1262: 0x43ccdb M=1 runtime.(*mheap).alloc.func1 /home/jzh/go/src/runtime/mheap.go:1011:0 s=1011
  1263: 0x4e1234 M=1 fmt.(*buffer).writeString /home/jzh/go/src/fmt/print.go:108:0 s=107
             fmt.(*pp).doPrintf /home/jzh/go/src/fmt/print.go:1033:0 s=1020
  1264: 0x494265 M=1 sync.(*Pool).Put /home/jzh/go/src/sync/pool.go:117:0 s=99
  1265: 0x4dc852 M=1 fmt.(*pp).fmtInteger /home/jzh/go/src/fmt/print.go:423:0 s=422
  1266: 0x493caa M=1 internal/sync.(*Mutex).unlockSlow /home/jzh/go/src/internal/sync/mutex.go:202:0 s=202
  1267: 0x485b45 M=1 runtime.mallocgc /home/jzh/go/src/runtime/malloc.go:1127:0 s=1119
  1268: 0x422947 M=1 runtime.typePointers.next /home/jzh/go/src/runtime/mbitmap.go:246:0 s=243
  1269: 0x420aa0 M=1 runtime.mallocgcTiny /home/jzh/go/src/runtime/malloc.go:1254:0 s=1254
  1270: 0x486255 M=1 runtime.arenaIndex /home/jzh/go/src/runtime/mheap.go:616:0 s=615
             runtime.spanOf /home/jzh/go/src/runtime/mheap.go:702:0 s=696
             runtime.findObject /home/jzh/go/src/runtime/mbitmap.go:1362:0 s=1361
  1271: 0x420ac1 M=1 runtime.mallocgcTiny /home/jzh/go/src/runtime/malloc.go:1268:0 s=1254
  1272: 0x423328 M=1 runtime.getGCMask /home/jzh/go/src/runtime/type.go:88:0 s=87
             runtime.(*mspan).writeHeapBitsSmall /home/jzh/go/src/runtime/mbitmap.go:626:0 s=624
  1273: 0x421112 M=1 runtime.nextFreeFast /home/jzh/go/src/runtime/malloc.go:1022:0 s=1021
             runtime.mallocgcSmallScanNoHeader /home/jzh/go/src/runtime/malloc.go:1579:0 s=1555
  1274: 0x42346b M=1 runtime.add /home/jzh/go/src/runtime/stubs.go:25:0 s=24
             runtime.(*mspan).writeHeapBitsSmall /home/jzh/go/src/runtime/mbitmap.go:669:0 s=624
  1275: 0x4e10c5 M=1 fmt.(*pp).doPrintf /home/jzh/go/src/fmt/print.go:1020:0 s=1020
  1276: 0x420bcd M=1 runtime.nextFreeFast /home/jzh/go/src/runtime/malloc.go:1030:0 s=1021
             runtime.mallocgcTiny /home/jzh/go/src/runtime/malloc.go:1329:0 s=1254
  1277: 0x4e1176 M=1 fmt.(*pp).doPrintf /home/jzh/go/src/fmt/print.go:1026:0 s=1020
  1278: 0x420c0f M=1 runtime.mallocgcTiny /home/jzh/go/src/runtime/malloc.go:1330:0 s=1254
  1279: 0x4db3bf M=1 fmt.(*pp).free /home/jzh/go/src/fmt/print.go:182:0 s=161
  1280: 0x43c5fe M=1 internal/runtime/atomic.(*Uintptr).CompareAndSwap /home/jzh/go/src/internal/runtime/atomic/types.go:401:0 s=400
             runtime.(*mheap).reclaim /home/jzh/go/src/runtime/mheap.go:864:0 s=832
  1281: 0x43cd05 M=1 runtime.(*mheap).alloc.func1 /home/jzh/go/src/runtime/mheap.go:1015:0 s=1011
  1282: 0x4212a6 M=1 runtime.mallocgcSmallScanNoHeader /home/jzh/go/src/runtime/malloc.go:1619:0 s=1555
  1283: 0x493fa4 M=1 internal/sync.(*Mutex).Lock /home/jzh/go/src/internal/sync/mutex.go:70:0 s=61
             sync.(*Mutex).Lock /home/jzh/go/src/sync/mutex.go:46:0 s=45
  1284: 0x46dd17 M=1 runtime.slicebytetostring /home/jzh/go/src/runtime/string.go:172:0 s=139
  1285: 0x4a5ece M=1 time.Since /home/jzh/go/src/time/time.go:1227:0 s=1227
  1286: 0x4939ef M=1 internal/sync.(*Mutex).lockSlow /home/jzh/go/src/internal/sync/mutex.go:140:0 s=95
  1287: 0x48f96d M=1 runtime.memclrNoHeapPointers /home/jzh/go/src/runtime/memclr_amd64.s:32:0 s=15
  1288: 0x472233 M=1 internal/runtime/atomic.(*Int64).Load /home/jzh/go/src/internal/runtime/atomic/types.go:74:0 s=73
             runtime.(*timers).wakeTime /home/jzh/go/src/runtime/time.go:991:0 s=985
             runtime.(*timers).check /home/jzh/go/src/runtime/time.go:1013:0 s=1009
  1289: 0x48fd94 M=1 runtime.memmove /home/jzh/go/src/runtime/memmove_amd64.s:193:0 s=35
  1290: 0x421ce5 M=1 runtime.newobject /home/jzh/go/src/runtime/malloc.go:2209:0 s=2208
  1291: 0x494314 M=1 sync.(*Pool).Get /home/jzh/go/src/sync/pool.go:147:0 s=131
  1292: 0x4212d8 M=1 runtime.mallocgcSmallScanNoHeader /home/jzh/go/src/runtime/malloc.go:1632:0 s=1555
  1293: 0x4540c0 M=1 runtime.casgstatus /home/jzh/go/src/runtime/proc.go:1277:0 s=1277
  1294: 0x432fe1 M=1 runtime.tryDeferToSpanScan /home/jzh/go/src/runtime/mgcmark_greenteagc.go:272:0 s=264
  1295: 0x5d0ef3 M=1 github.com/jzhang405/NexKV/internal/infrastructure/concurrency.(*PerCoreExecutor).Submit /home/jzh/ws/go/src/github.com/jzhang405/NexKV/internal/infrastructure/concurrency/executor_percore.go:312:0 s=312
  1296: 0x435dea M=1 runtime.(*gcControllerState).findRunnableGCWorker /home/jzh/go/src/runtime/mgcpacer.go:861:0 s=861
  1297: 0x44a030 M=1 runtime.wbBufFlush1 /home/jzh/go/src/runtime/mwbbuf.go:230:0 s=195
  1298: 0x4d9a6d M=1 fmt.(*fmt).fmtInteger /home/jzh/go/src/fmt/format.go:198:0 s=197
  1299: 0x4e1136 M=1 fmt.(*pp).doPrintf /home/jzh/go/src/fmt/print.go:1026:0 s=1020
  1300: 0x5dd5f1 M=1 testing.(*PB).Next /home/jzh/go/src/testing/benchmark.go:923:0 s=922
             github.com/jzhang405/NexKV/internal/infrastructure/concurrency.BenchmarkPerCoreVsAnts_Transport_Throughput.func3.1 /home/jzh/ws/go/src/github.com/jzhang405/NexKV/internal/infrastructure/concurrency/executor_comparison_benchmark_test.go:120:0 s=119
  1301: 0x5d11b5 M=1 github.com/jzhang405/NexKV/internal/infrastructure/concurrency.(*PerCoreExecutor).SubmitWithPriority /home/jzh/ws/go/src/github.com/jzhang405/NexKV/internal/infrastructure/concurrency/executor_percore.go:343:0 s=317
  1302: 0x4db835 M=1 fmt.Sprintf /home/jzh/go/src/fmt/print.go:241:0 s=237
  1303: 0x420b3f M=1 runtime.mallocgcTiny /home/jzh/go/src/runtime/malloc.go:1322:0 s=1254
  1304: 0x4db2b1 M=1 fmt.newPrinter /home/jzh/go/src/fmt/print.go:157:0 s=151
  1305: 0x4de5d3 M=1 fmt.(*pp).printArg /home/jzh/go/src/fmt/print.go:684:0 s=682
  1306: 0x41f5e0 M=1 runtime.unlock2 /home/jzh/go/src/runtime/lock_spinbit.go:267:0 s=267
  1307: 0x485be0 M=1 runtime.mallocgc /home/jzh/go/src/runtime/malloc.go:1193:0 s=1119
  1308: 0x48baea M=1 time.runtimeNano /home/jzh/go/src/runtime/time.go:33:0 s=33
  1309: 0x54c93e M=1 github.com/jzhang405/NexKV/pkg/errors.Wrapf /home/jzh/ws/go/src/github.com/jzhang405/NexKV/pkg/errors/errors.go:195:0 s=190
  1310: 0x44a084 M=1 runtime.wbBufFlush1 /home/jzh/go/src/runtime/mwbbuf.go:243:0 s=195
  1311: 0x4440ca M=1 runtime.(*pallocBits).summarize /home/jzh/go/src/runtime/mpallocbits.go:202:0 s=132
  1312: 0x440a6b M=1 runtime.(*pageAlloc).update /home/jzh/go/src/runtime/mpagealloc.go:504:0 s=492
  1313: 0x4211f3 M=1 runtime.mallocgcSmallScanNoHeader /home/jzh/go/src/runtime/malloc.go:1584:0 s=1555
  1314: 0x4e110a M=1 fmt.(*pp).doPrintf /home/jzh/go/src/fmt/print.go:1024:0 s=1020
  1315: 0x4de621 M=1 fmt.(*pp).printArg /home/jzh/go/src/fmt/print.go:686:0 s=682
  1316: 0x45eb45 M=1 runtime.unlockWithRank /home/jzh/go/src/runtime/lockrank_off.go:35:0 s=34
             runtime.unlock /home/jzh/go/src/runtime/lock_spinbit.go:261:0 s=260
             runtime.incidlelocked /home/jzh/go/src/runtime/proc.go:6361:0 s=6355
  1317: 0x486274 M=1 runtime.spanOf /home/jzh/go/src/runtime/mheap.go:718:0 s=696
             runtime.findObject /home/jzh/go/src/runtime/mbitmap.go:1362:0 s=1361
  1318: 0x420d2e M=1 runtime.mallocgcTiny /home/jzh/go/src/runtime/malloc.go:1388:0 s=1254
  1319: 0x48625a M=1 runtime.spanOf /home/jzh/go/src/runtime/mheap.go:702:0 s=696
             runtime.findObject /home/jzh/go/src/runtime/mbitmap.go:1362:0 s=1361
  1320: 0x45979f M=1 runtime.schedule /home/jzh/go/src/runtime/proc.go:4144:0 s=4135
  1321: 0x460f9a M=1 runtime.runqput /home/jzh/go/src/runtime/proc.go:7500:0 s=7478
  1322: 0x422cc7 M=1 runtime.bulkBarrierPreWrite /home/jzh/go/src/runtime/mbitmap.go:430:0 s=388
  1323: 0x5d203f M=1 github.com/jzhang405/NexKV/internal/infrastructure/concurrency.heapDown /home/jzh/ws/go/src/github.com/jzhang405/NexKV/internal/infrastructure/concurrency/executor_percore.go:541:0 s=527
  1324: 0x432de5 M=1 runtime.heapArenaOf /home/jzh/go/src/runtime/mheap.go:783:0 s=766
             runtime.tryDeferToSpanScan /home/jzh/go/src/runtime/mgcmark_greenteagc.go:270:0 s=264
  1325: 0x42293b M=1 runtime.typePointers.nextFast /home/jzh/go/src/runtime/mbitmap.go:226:0 s=212
             runtime.typePointers.next /home/jzh/go/src/runtime/mbitmap.go:246:0 s=243
  1326: 0x44a038 M=1 runtime.wbBufFlush1 /home/jzh/go/src/runtime/mwbbuf.go:230:0 s=195
  1327: 0x459d2b M=1 runtime.goschedImpl /home/jzh/go/src/runtime/proc.go:4309:0 s=4307
  1328: 0x4db25e M=1 fmt.newPrinter /home/jzh/go/src/fmt/print.go:152:0 s=151
  1329: 0x4e117b M=1 fmt.(*pp).doPrintf /home/jzh/go/src/fmt/print.go:1026:0 s=1020
  1330: 0x4e12b5 M=1 fmt.(*pp).doPrintf /home/jzh/go/src/fmt/print.go:1047:0 s=1020
  1331: 0x420c0d M=1 runtime.mallocgcTiny /home/jzh/go/src/runtime/malloc.go:1330:0 s=1254
  1332: 0x4e1113 M=1 fmt.(*pp).doPrintf /home/jzh/go/src/fmt/print.go:1024:0 s=1020
  1333: 0x4db294 M=1 fmt.(*fmt).init /home/jzh/go/src/fmt/format.go:61:0 s=60
             fmt.newPrinter /home/jzh/go/src/fmt/print.go:156:0 s=151
  1334: 0x490b88 M=1 runtime.nanotime1 /home/jzh/go/src/runtime/sys_linux_amd64.s:243:0 s=223
  1335: 0x5d0ee6 M=1 github.com/jzhang405/NexKV/internal/infrastructure/concurrency.(*PerCoreExecutor).Submit /home/jzh/ws/go/src/github.com/jzhang405/NexKV/internal/infrastructure/concurrency/executor_percore.go:312:0 s=312
  1336: 0x4d9b42 M=1 fmt.(*fmt).fmtInteger /home/jzh/go/src/fmt/format.go:229:0 s=197
  1337: 0x422909 M=1 runtime.typePointers.next /home/jzh/go/src/runtime/mbitmap.go:271:0 s=243
  1338: 0x422d4e M=1 runtime.bulkBarrierPreWrite /home/jzh/go/src/runtime/mbitmap.go:452:0 s=388
  1339: 0x432d07 M=1 runtime.(*mspan).moveInlineMarks /home/jzh/go/src/runtime/mgcmark_greenteagc.go:201:0 s=196
  1340: 0x45ebf1 M=1 runtime.checkdead /home/jzh/go/src/runtime/proc.go:6397:0 s=6367
  1341: 0x5d0f40 M=1 github.com/jzhang405/NexKV/internal/infrastructure/concurrency.(*PerCoreExecutor).SubmitWithPriority /home/jzh/ws/go/src/github.com/jzhang405/NexKV/internal/infrastructure/concurrency/executor_percore.go:317:0 s=317
  1342: 0x48fd60 M=1 runtime.memmove /home/jzh/go/src/runtime/memmove_amd64.s:164:0 s=35
  1343: 0x4d9e4f M=1 fmt.(*fmt).fmtInteger /home/jzh/go/src/fmt/format.go:244:0 s=197
  1344: 0x4dc960 M=1 fmt.(*pp).fmtInteger /home/jzh/go/src/fmt/print.go:431:0 s=422
  1345: 0x4de635 M=1 fmt.(*pp).printArg /home/jzh/go/src/fmt/print.go:708:0 s=682
  1346: 0x433c4f M=1 runtime.scanSpan /home/jzh/go/src/runtime/mgcmark_greenteagc.go:845:0 s=844
  1347: 0x54c87f M=1 github.com/jzhang405/NexKV/pkg/errors.mergeNexError /home/jzh/ws/go/src/github.com/jzhang405/NexKV/pkg/errors/errors.go:201:0 s=199
             github.com/jzhang405/NexKV/pkg/errors.Wrapf /home/jzh/ws/go/src/github.com/jzhang405/NexKV/pkg/errors/errors.go:195:0 s=190
  1348: 0x42117f M=1 runtime.nextFreeFast /home/jzh/go/src/runtime/malloc.go:1032:0 s=1021
             runtime.mallocgcSmallScanNoHeader /home/jzh/go/src/runtime/malloc.go:1579:0 s=1555
  1349: 0x5d1207 M=1 github.com/jzhang405/NexKV/internal/infrastructure/concurrency.(*PerCoreExecutor).SubmitWithPriority /home/jzh/ws/go/src/github.com/jzhang405/NexKV/internal/infrastructure/concurrency/executor_percore.go:343:0 s=317
  1350: 0x420ab6 M=1 runtime.mallocgcTiny /home/jzh/go/src/runtime/malloc.go:1256:0 s=1254
  1351: 0x4e1265 M=1 fmt.(*buffer).writeString /home/jzh/go/src/fmt/print.go:108:0 s=107
             fmt.(*pp).doPrintf /home/jzh/go/src/fmt/print.go:1033:0 s=1020
  1352: 0x41f18a M=1 runtime.lock2 /home/jzh/go/src/runtime/lock_spinbit.go:155:0 s=155
  1353: 0x4e12b2 M=1 fmt.(*pp).doPrintf /home/jzh/go/src/fmt/print.go:1046:0 s=1020
  1354: 0x456b20 M=1 runtime.stopm /home/jzh/go/src/runtime/proc.go:3009:0 s=2992
  1355: 0x4e14da M=1 fmt.(*pp).doPrintf /home/jzh/go/src/fmt/print.go:1078:0 s=1020
  1356: 0x460d4e M=1 runtime.pidleget /home/jzh/go/src/runtime/proc.go:7402:0 s=7402
  1357: 0x4e112e M=1 fmt.(*pp).doPrintf /home/jzh/go/src/fmt/print.go:1182:0 s=1020
  1358: 0x5d1f30 M=1 github.com/jzhang405/NexKV/internal/infrastructure/concurrency.heapDown /home/jzh/ws/go/src/github.com/jzhang405/NexKV/internal/infrastructure/concurrency/executor_percore.go:541:0 s=527
  1359: 0x48fd86 M=1 runtime.memmove /home/jzh/go/src/runtime/memmove_amd64.s:184:0 s=35
  1360: 0x54c82a M=1 github.com/jzhang405/NexKV/pkg/errors.Wrapf /home/jzh/ws/go/src/github.com/jzhang405/NexKV/pkg/errors/errors.go:190:0 s=190
  1361: 0x41f2a5 M=1 runtime.mutexPreferLowLatency /home/jzh/go/src/runtime/lock_spinbit.go:138:0 s=134
             runtime.lock2 /home/jzh/go/src/runtime/lock_spinbit.go:214:0 s=155
  1362: 0x4662b6 M=1 runtime.lockWithRank /home/jzh/go/src/runtime/lockrank_off.go:24:0 s=23
             runtime.semacquire1 /home/jzh/go/src/runtime/sema.go:180:0 s=146
  1363: 0x4e114d M=1 fmt.(*pp).doPrintf /home/jzh/go/src/fmt/print.go:1027:0 s=1020
  1364: 0x49450a M=1 sync.(*Pool).pin /home/jzh/go/src/sync/pool.go:202:0 s=202
  1365: 0x46dd26 M=1 runtime.slicebytetostring /home/jzh/go/src/runtime/string.go:172:0 s=139
  1366: 0x490c1a M=1 runtime.nanotime1 /home/jzh/go/src/runtime/sys_linux_amd64.s:293:0 s=223
  1367: 0x4e1bdc M=1 fmt.(*pp).doPrintf /home/jzh/go/src/fmt/print.go:1179:0 s=1020
  1368: 0x4db809 M=1 fmt.Sprintf /home/jzh/go/src/fmt/print.go:239:0 s=237
  1369: 0x423465 M=1 runtime.(*mspan).writeHeapBitsSmall /home/jzh/go/src/runtime/mbitmap.go:670:0 s=624
  1370: 0x432daa M=1 runtime.tryDeferToSpanScan /home/jzh/go/src/runtime/mgcmark_greenteagc.go:264:0 s=264
  1371: 0x4885f5 M=1 internal/runtime/atomic.(*Int32).Load /home/jzh/go/src/internal/runtime/atomic/types.go:21:0 s=20
             internal/sync.runtime_canSpin /home/jzh/go/src/runtime/proc.go:7944:0 s=7938
  1372: 0x493a18 M=1 internal/sync.(*Mutex).lockSlow /home/jzh/go/src/internal/sync/mutex.go:104:0 s=95
  1373: 0x448df0 M=1 internal/runtime/atomic.(*Uint64).CompareAndSwap /home/jzh/go/src/internal/runtime/atomic/types.go:325:0 s=324
             runtime.(*atomicHeadTailIndex).cas /home/jzh/go/src/runtime/mspanset.go:384:0 s=383
             runtime.(*spanSet).pop /home/jzh/go/src/runtime/mspanset.go:182:0 s=150
  1374: 0x424d35 M=1 runtime.(*mcentral).cacheSpan /home/jzh/go/src/runtime/mcentral.go:142:0 s=82
  1375: 0x5d1015 M=1 github.com/jzhang405/NexKV/internal/infrastructure/concurrency.(*PerCoreExecutor).SubmitWithPriority /home/jzh/ws/go/src/github.com/jzhang405/NexKV/internal/infrastructure/concurrency/executor_percore.go:334:0 s=317
  1376: 0x434e52 M=1 runtime.scanObject /home/jzh/go/src/runtime/mgcmark_greenteagc.go:1269:0 s=1187
  1377: 0x4e1309 M=1 fmt.(*pp).doPrintf /home/jzh/go/src/fmt/print.go:1047:0 s=1020
  1378: 0x4e12af M=1 fmt.(*buffer).writeString /home/jzh/go/src/fmt/print.go:108:0 s=107
             fmt.(*pp).doPrintf /home/jzh/go/src/fmt/print.go:1033:0 s=1020
  1379: 0x420b7c M=1 runtime.nextFreeFast /home/jzh/go/src/runtime/malloc.go:1022:0 s=1021
             runtime.mallocgcTiny /home/jzh/go/src/runtime/malloc.go:1329:0 s=1254
  1380: 0x4a5ef2 M=1 time.Since /home/jzh/go/src/time/time.go:1228:0 s=1227
  1381: 0x434e08 M=1 runtime.scanObject /home/jzh/go/src/runtime/mgcmark_greenteagc.go:1258:0 s=1187
  1382: 0x43b5d8 M=1 runtime.(*gcWork).tryGetObj /home/jzh/go/src/runtime/mgcwork.go:274:0 s=258
  1383: 0x431644 M=1 runtime.gcDrain /home/jzh/go/src/runtime/mgcmark.go:1315:0 s=1239
  1384: 0x4210ea M=1 runtime.makeSpanClass /home/jzh/go/src/runtime/mheap.go:590:0 s=589
             runtime.mallocgcSmallScanNoHeader /home/jzh/go/src/runtime/malloc.go:1577:0 s=1555
  1385: 0x456b15 M=1 runtime.noteclear /home/jzh/go/src/runtime/lock_futex.go:23:0 s=22
             runtime.mPark /home/jzh/go/src/runtime/proc.go:1968:0 s=1965
             runtime.stopm /home/jzh/go/src/runtime/proc.go:3008:0 s=2992
  1386: 0x5d102d M=1 github.com/jzhang405/NexKV/internal/infrastructure/concurrency.(*PerCoreExecutor).SubmitWithPriority /home/jzh/ws/go/src/github.com/jzhang405/NexKV/internal/infrastructure/concurrency/executor_percore.go:334:0 s=317
  1387: 0x42123e M=1 runtime.heapSetTypeNoHeader /home/jzh/go/src/runtime/mbitmap.go:709:0 s=705
             runtime.mallocgcSmallScanNoHeader /home/jzh/go/src/runtime/malloc.go:1592:0 s=1555
  1388: 0x4db2e0 M=1 fmt.(*pp).free /home/jzh/go/src/fmt/print.go:161:0 s=161
  1389: 0x424408 M=1 runtime.(*mcache).refill /home/jzh/go/src/runtime/mcache.go:201:0 s=160
  1390: 0x4db36b M=1 fmt.(*pp).free /home/jzh/go/src/fmt/print.go:178:0 s=161
  1391: 0x486296 M=1 runtime.findObject /home/jzh/go/src/runtime/mbitmap.go:1365:0 s=1361
  1392: 0x45764a M=1 runtime.execute /home/jzh/go/src/runtime/proc.go:3342:0 s=3331
  1393: 0x4db31e M=1 fmt.(*pp).free /home/jzh/go/src/fmt/print.go:172:0 s=161
  1394: 0x45e9ae M=1 runtime.releasepNoTrace /home/jzh/go/src/runtime/proc.go:6334:0 s=6334
  1395: 0x422c1d M=1 runtime.spanOf /home/jzh/go/src/runtime/mheap.go:702:0 s=696
             runtime.bulkBarrierPreWrite /home/jzh/go/src/runtime/mbitmap.go:395:0 s=388
  1396: 0x457a3c M=1 internal/runtime/atomic.(*Uint64).Load /home/jzh/go/src/internal/runtime/atomic/types.go:309:0 s=308
             runtime.(*cleanupQueue).needsWake /home/jzh/go/src/runtime/mcleanup.go:589:0 s=588
             runtime.findRunnable /home/jzh/go/src/runtime/proc.go:3460:0 s=3389
  1397: 0x4d9bf8 M=1 fmt.(*fmt).fmtInteger /home/jzh/go/src/fmt/format.go:272:0 s=197
  1398: 0x5d0fc3 M=1 github.com/jzhang405/NexKV/internal/infrastructure/concurrency.(*PerCoreExecutor).SubmitWithPriority /home/jzh/ws/go/src/github.com/jzhang405/NexKV/internal/infrastructure/concurrency/executor_percore.go:329:0 s=317
  1399: 0x448d80 M=1 runtime.(*spanSet).pop /home/jzh/go/src/runtime/mspanset.go:150:0 s=150
  1400: 0x4de580 M=1 fmt.(*pp).printArg /home/jzh/go/src/fmt/print.go:682:0 s=682
  1401: 0x485be5 M=1 runtime.mallocgc /home/jzh/go/src/runtime/malloc.go:1193:0 s=1119
  1402: 0x4d9e59 M=1 fmt.(*fmt).fmtInteger /home/jzh/go/src/fmt/format.go:245:0 s=197
  1403: 0x440c38 M=1 runtime.(*pageAlloc).update /home/jzh/go/src/runtime/mpagealloc.go:561:0 s=492
  1404: 0x4de629 M=1 fmt.(*pp).printArg /home/jzh/go/src/fmt/print.go:686:0 s=682
  1405: 0x423477 M=1 runtime.(*mspan).writeHeapBitsSmall /home/jzh/go/src/runtime/mbitmap.go:670:0 s=624
  1406: 0x48d8d7 M=1 runtime.systemstack /home/jzh/go/src/runtime/asm_amd64.s:568:0 s=520
  1407: 0x421214 M=1 runtime.heapSetTypeNoHeader /home/jzh/go/src/runtime/mbitmap.go:709:0 s=705
             runtime.mallocgcSmallScanNoHeader /home/jzh/go/src/runtime/malloc.go:1592:0 s=1555
  1408: 0x493d04 M=1 internal/sync.(*Mutex).unlockSlow /home/jzh/go/src/internal/sync/mutex.go:215:0 s=202
  1409: 0x45782e M=1 runtime.findRunnable /home/jzh/go/src/runtime/proc.go:3402:0 s=3389
  1410: 0x4e1497 M=1 fmt.(*pp).doPrintf /home/jzh/go/src/fmt/print.go:1075:0 s=1020
  1411: 0x5d120a M=1 github.com/jzhang405/NexKV/internal/infrastructure/concurrency.(*PerCoreExecutor).SubmitWithPriority /home/jzh/ws/go/src/github.com/jzhang405/NexKV/internal/infrastructure/concurrency/executor_percore.go:343:0 s=317
  1412: 0x435fc6 M=1 runtime.(*gcControllerState).releaseNextGCMarkWorker /home/jzh/go/src/runtime/mgcpacer.go:901:0 s=901
  1413: 0x459844 M=1 runtime.schedule /home/jzh/go/src/runtime/proc.go:4181:0 s=4135
  1414: 0x44e00a M=1 runtime.gorecover /home/jzh/go/src/runtime/panic.go:1069:0 s=1069
  1415: 0x4db3c4 M=1 fmt.(*pp).free /home/jzh/go/src/fmt/print.go:182:0 s=161
  1416: 0x421294 M=1 runtime.mallocgcSmallScanNoHeader /home/jzh/go/src/runtime/malloc.go:1604:0 s=1555
  1417: 0x4233a4 M=1 runtime.(*mspan).base /home/jzh/go/src/runtime/mheap.go:519:0 s=518
             runtime.(*mspan).writeHeapBitsSmall /home/jzh/go/src/runtime/mbitmap.go:653:0 s=624
  1418: 0x54c88c M=1 github.com/jzhang405/NexKV/pkg/errors.mergeNexError /home/jzh/ws/go/src/github.com/jzhang405/NexKV/pkg/errors/errors.go:201:0 s=199
             github.com/jzhang405/NexKV/pkg/errors.Wrapf /home/jzh/ws/go/src/github.com/jzhang405/NexKV/pkg/errors/errors.go:195:0 s=190
  1419: 0x4e122c M=1 fmt.(*buffer).writeString /home/jzh/go/src/fmt/print.go:108:0 s=107
             fmt.(*pp).doPrintf /home/jzh/go/src/fmt/print.go:1033:0 s=1020
  1420: 0x48d7e5 M=1 runtime.gogo /home/jzh/go/src/runtime/asm_amd64.s:437:0 s=435
  1421: 0x4577bb M=1 runtime.execute /home/jzh/go/src/runtime/proc.go:3382:0 s=3331
  1422: 0x493a57 M=1 internal/sync.(*Mutex).lockSlow /home/jzh/go/src/internal/sync/mutex.go:122:0 s=95
  1423: 0x4e148e M=1 fmt.(*pp).doPrintf /home/jzh/go/src/fmt/print.go:1062:0 s=1020
  1424: 0x5d1068 M=1 github.com/jzhang405/NexKV/internal/infrastructure/concurrency.(*PerCoreExecutor).SubmitWithPriority /home/jzh/ws/go/src/github.com/jzhang405/NexKV/internal/infrastructure/concurrency/executor_percore.go:342:0 s=317
  1425: 0x4d9b06 M=1 fmt.(*fmt).fmtInteger /home/jzh/go/src/fmt/format.go:219:0 s=197
  1426: 0x5d04a2 M=1 github.com/jzhang405/NexKV/internal/infrastructure/concurrency.taskQueue.Less /home/jzh/ws/go/src/github.com/jzhang405/NexKV/internal/infrastructure/concurrency/executor_percore.go:128:0 s=126
  1427: 0x438670 M=1 runtime.offAddr.lessThan /home/jzh/go/src/runtime/mranges.go:148:0 s=147
             runtime.(*scavengeIndex).free /home/jzh/go/src/runtime/mgcscavenge.go:1154:0 s=1147
  1428: 0x44246f M=1 runtime.(*pageAlloc).free /home/jzh/go/src/runtime/mpagealloc.go:954:0 s=940
  1429: 0x5d1b9b M=1 github.com/jzhang405/NexKV/internal/infrastructure/concurrency.heapPop /home/jzh/ws/go/src/github.com/jzhang405/NexKV/internal/infrastructure/concurrency/executor_percore.go:506:0 s=499
  1430: 0x434e13 M=1 runtime.scanObject /home/jzh/go/src/runtime/mgcmark_greenteagc.go:1258:0 s=1187
  1431: 0x4de585 M=1 fmt.(*pp).printArg /home/jzh/go/src/fmt/print.go:682:0 s=682
  1432: 0x488565 M=1 runtime.procPin /home/jzh/go/src/runtime/proc.go:7889:0 s=7885
             sync.runtime_procPin /home/jzh/go/src/runtime/proc.go:7913:0 s=7912
  1433: 0x4dc9ee M=1 fmt.(*pp).fmtInteger /home/jzh/go/src/fmt/print.go:449:0 s=422
  1434: 0x434df2 M=1 runtime.scanObject /home/jzh/go/src/runtime/mgcmark_greenteagc.go:1258:0 s=1187
  1435: 0x423486 M=1 runtime.(*mspan).writeHeapBitsSmall /home/jzh/go/src/runtime/mbitmap.go:670:0 s=624
  1436: 0x44b5d0 M=1 runtime.futexwakeup /home/jzh/go/src/runtime/os_linux.go:86:0 s=85
  1437: 0x434ead M=1 runtime.scanObject /home/jzh/go/src/runtime/mgcmark_greenteagc.go:1250:0 s=1187
  1438: 0x44417d M=1 runtime.(*pallocBits).summarize /home/jzh/go/src/runtime/mpallocbits.go:220:0 s=132
  1439: 0x5d05c5 M=1 github.com/jzhang405/NexKV/internal/infrastructure/concurrency.taskQueue.Less /home/jzh/ws/go/src/github.com/jzhang405/NexKV/internal/infrastructure/concurrency/executor_percore.go:146:0 s=126
  1440: 0x49421f M=1 sync.(*Pool).Put /home/jzh/go/src/sync/pool.go:113:0 s=99
  1441: 0x457636 M=1 runtime.execute /home/jzh/go/src/runtime/proc.go:3342:0 s=3331
  1442: 0x422d5d M=1 runtime.(*wbBuf).get2 /home/jzh/go/src/runtime/mwbbuf.go:143:0 s=142
             runtime.bulkBarrierPreWrite /home/jzh/go/src/runtime/mbitmap.go:453:0 s=388
  1443: 0x48cb06 M=1 gogo /home/jzh/go/src/runtime/asm_amd64.s:450:0 s=441
  1444: 0x4db7fa M=1 fmt.Sprintf /home/jzh/go/src/fmt/print.go:239:0 s=237
  1445: 0x5d1237 M=1 github.com/jzhang405/NexKV/internal/infrastructure/concurrency.(*PerCoreExecutor).SubmitWithPriority /home/jzh/ws/go/src/github.com/jzhang405/NexKV/internal/infrastructure/concurrency/executor_percore.go:343:0 s=317
  1446: 0x448e3d M=1 internal/runtime/atomic.(*UnsafePointer).Load /home/jzh/go/src/internal/runtime/atomic/types.go:466:0 s=465
             runtime.(*atomicMSpanPointer).Load /home/jzh/go/src/runtime/mspanset.go:420:0 s=419
             runtime.(*spanSet).pop /home/jzh/go/src/runtime/mspanset.go:216:0 s=150
  1447: 0x5d0f9b M=1 github.com/jzhang405/NexKV/internal/infrastructure/concurrency.(*PerCoreExecutor).SubmitWithPriority /home/jzh/ws/go/src/github.com/jzhang405/NexKV/internal/infrastructure/concurrency/executor_percore.go:319:0 s=317
  1448: 0x5dd0be M=1 github.com/jzhang405/NexKV/internal/infrastructure/concurrency.simulateTransportTask /home/jzh/ws/go/src/github.com/jzhang405/NexKV/internal/infrastructure/concurrency/executor_comparison_benchmark_test.go:32:0 s=22
  1449: 0x485bac M=1 runtime.mallocgc /home/jzh/go/src/runtime/malloc.go:1127:0 s=1119
  1450: 0x4e1154 M=1 fmt.(*pp).doPrintf /home/jzh/go/src/fmt/print.go:1026:0 s=1020
  1451: 0x4e12cd M=1 fmt.(*pp).doPrintf /home/jzh/go/src/fmt/print.go:1182:0 s=1020
  1452: 0x41f8bb M=1 runtime.unlock2Wake /home/jzh/go/src/runtime/lock_spinbit.go:378:0 s=345
  1453: 0x485b9e M=1 runtime.mallocgc /home/jzh/go/src/runtime/malloc.go:1186:0 s=1119
  1454: 0x5dd096 M=1 github.com/jzhang405/NexKV/internal/infrastructure/concurrency.simulateTransportTask /home/jzh/ws/go/src/github.com/jzhang405/NexKV/internal/infrastructure/concurrency/executor_comparison_benchmark_test.go:25:0 s=22
  1455: 0x422819 M=1 runtime.typePointers.next /home/jzh/go/src/runtime/mbitmap.go:244:0 s=243
  1456: 0x456bca M=1 runtime.startm /home/jzh/go/src/runtime/proc.go:3035:0 s=3035
  1457: 0x5d0f53 M=1 github.com/jzhang405/NexKV/internal/infrastructure/concurrency.(*PerCoreExecutor).SubmitWithPriority /home/jzh/ws/go/src/github.com/jzhang405/NexKV/internal/infrastructure/concurrency/executor_percore.go:317:0 s=317
  1458: 0x4db849 M=1 fmt.Sprintf /home/jzh/go/src/fmt/print.go:242:0 s=237
  1459: 0x45218b M=1 runtime.releasem /home/jzh/go/src/runtime/runtime1.go:609:0 s=607
             runtime.acquireSudog /home/jzh/go/src/runtime/proc.go:521:0 s=488
  1460: 0x466176 M=1 runtime.semacquire1 /home/jzh/go/src/runtime/sema.go:163:0 s=146
  1461: 0x4e1102 M=1 fmt.(*pp).doPrintf /home/jzh/go/src/fmt/print.go:1025:0 s=1020
  1462: 0x4939d7 M=1 internal/sync.(*Mutex).lockSlow /home/jzh/go/src/internal/sync/mutex.go:100:0 s=95
  1463: 0x432990 M=1 runtime.spanInlineMarkBitsFromBase /home/jzh/go/src/runtime/mgcmark_greenteagc.go:181:0 s=180
             runtime.(*mspan).inlineMarkBits /home/jzh/go/src/runtime/mgcmark_greenteagc.go:225:0 s=221
             runtime.(*mspan).markBitsForIndex /home/jzh/go/src/runtime/mgcmark_greenteagc.go:230:0 s=228
             runtime.gcmarknewobject /home/jzh/go/src/runtime/mgcmark.go:1759:0 s=1748
  1464: 0x420c92 M=1 runtime.mallocgcTiny /home/jzh/go/src/runtime/malloc.go:1357:0 s=1254
  1465: 0x44a040 M=1 runtime.wbBufFlush1 /home/jzh/go/src/runtime/mwbbuf.go:231:0 s=195
  1466: 0x4db2a5 M=1 fmt.(*fmt).clearflags /home/jzh/go/src/fmt/format.go:56:0 s=54
             fmt.(*fmt).init /home/jzh/go/src/fmt/format.go:62:0 s=60
             fmt.newPrinter /home/jzh/go/src/fmt/print.go:156:0 s=151
  1467: 0x432c1e M=1 runtime.(*spanInlineMarkBits).init /home/jzh/go/src/runtime/mgcmark_greenteagc.go:141:0 s=113
  1468: 0x4e11b1 M=1 fmt.(*pp).doPrintf /home/jzh/go/src/fmt/print.go:1033:0 s=1020
  1469: 0x5d0fb3 M=1 github.com/jzhang405/NexKV/internal/infrastructure/concurrency.(*PerCoreExecutor).SubmitWithPriority /home/jzh/ws/go/src/github.com/jzhang405/NexKV/internal/infrastructure/concurrency/executor_percore.go:324:0 s=317
  1470: 0x420bf9 M=1 runtime.mallocgcTiny /home/jzh/go/src/runtime/malloc.go:1329:0 s=1254
  1471: 0x494320 M=1 sync.(*Pool).Get /home/jzh/go/src/sync/pool.go:147:0 s=131
  1472: 0x41f5eb M=1 runtime.unlock2 /home/jzh/go/src/runtime/lock_spinbit.go:267:0 s=267
  1473: 0x5d11be M=1 github.com/jzhang405/NexKV/internal/infrastructure/concurrency.(*PerCoreExecutor).SubmitWithPriority /home/jzh/ws/go/src/github.com/jzhang405/NexKV/internal/infrastructure/concurrency/executor_percore.go:343:0 s=317
  1474: 0x421142 M=1 runtime.nextFreeFast /home/jzh/go/src/runtime/malloc.go:1026:0 s=1021
             runtime.mallocgcSmallScanNoHeader /home/jzh/go/src/runtime/malloc.go:1579:0 s=1555
  1475: 0x486356 M=1 runtime.findObject /home/jzh/go/src/runtime/mbitmap.go:1372:0 s=1361
  1476: 0x493fb0 M=1 sync.(*Mutex).Lock /home/jzh/go/src/sync/mutex.go:47:0 s=45
  1477: 0x5d20ec M=1 github.com/jzhang405/NexKV/internal/infrastructure/concurrency.heapDown /home/jzh/ws/go/src/github.com/jzhang405/NexKV/internal/infrastructure/concurrency/executor_percore.go:541:0 s=527
  1478: 0x452b82 M=1 runtime.forEachG /home/jzh/go/src/runtime/proc.go:733:0 s=731
  1479: 0x434e22 M=1 runtime.scanObject /home/jzh/go/src/runtime/mgcmark_greenteagc.go:1250:0 s=1187
  1480: 0x4db35c M=1 fmt.(*pp).free /home/jzh/go/src/fmt/print.go:178:0 s=161
  1481: 0x423489 M=1 runtime.(*mspan).writeHeapBitsSmall /home/jzh/go/src/runtime/mbitmap.go:670:0 s=624
  1482: 0x420cac M=1 runtime.mallocgcTiny /home/jzh/go/src/runtime/malloc.go:1380:0 s=1254
  1483: 0x4941fc M=1 sync.(*Pool).Put /home/jzh/go/src/sync/pool.go:99:0 s=99
  1484: 0x41f1bc M=1 runtime.lock2 /home/jzh/go/src/runtime/lock_spinbit.go:157:0 s=155
  1485: 0x4211fa M=1 runtime.mallocgcSmallScanNoHeader /home/jzh/go/src/runtime/malloc.go:1585:0 s=1555
  1486: 0x48f94f M=1 runtime.memclrNoHeapPointers /home/jzh/go/src/runtime/memclr_amd64.s:26:0 s=15
  1487: 0x490c10 M=1 runtime.nanotime1 /home/jzh/go/src/runtime/sys_linux_amd64.s:291:0 s=223
  1488: 0x4540c1 M=1 runtime.casgstatus /home/jzh/go/src/runtime/proc.go:1277:0 s=1277
  1489: 0x4e1196 M=1 fmt.(*pp).doPrintf /home/jzh/go/src/fmt/print.go:1032:0 s=1020
  1490: 0x4dc840 M=1 fmt.(*pp).fmtInteger /home/jzh/go/src/fmt/print.go:422:0 s=422
  1491: 0x4d9bfd M=1 fmt.(*fmt).fmtInteger /home/jzh/go/src/fmt/format.go:272:0 s=197
  1492: 0x4d90aa M=1 fmt.(*buffer).write /home/jzh/go/src/fmt/print.go:104:0 s=103
             fmt.(*fmt).pad /home/jzh/go/src/fmt/format.go:95:0 s=93
  1493: 0x422d1c M=1 runtime.bulkBarrierPreWrite /home/jzh/go/src/runtime/mbitmap.go:455:0 s=388
  1494: 0x4942a0 M=1 sync.(*Pool).Get /home/jzh/go/src/sync/pool.go:131:0 s=131
  1495: 0x4210bb M=1 runtime.getMCache /home/jzh/go/src/runtime/mcache.go:150:0 s=139
             runtime.mallocgcSmallScanNoHeader /home/jzh/go/src/runtime/malloc.go:1575:0 s=1555
  1496: 0x434e8c M=1 runtime.scanObject /home/jzh/go/src/runtime/mgcmark_greenteagc.go:1270:0 s=1187
  1497: 0x4e10d3 M=1 fmt.(*pp).doPrintf /home/jzh/go/src/fmt/print.go:1020:0 s=1020
  1498: 0x54c880 M=1 github.com/jzhang405/NexKV/pkg/errors.mergeNexError /home/jzh/ws/go/src/github.com/jzhang405/NexKV/pkg/errors/errors.go:201:0 s=199
             github.com/jzhang405/NexKV/pkg/errors.Wrapf /home/jzh/ws/go/src/github.com/jzhang405/NexKV/pkg/errors/errors.go:195:0 s=190
  1499: 0x5d1f9e M=1 github.com/jzhang405/NexKV/internal/infrastructure/concurrency.heapDown /home/jzh/ws/go/src/github.com/jzhang405/NexKV/internal/infrastructure/concurrency/executor_percore.go:535:0 s=527
  1500: 0x48f0a0 M=1 runtime.publicationBarrier /home/jzh/go/src/runtime/asm_amd64.s:878:0 s=875
  1501: 0x420c65 M=1 runtime.mallocgcTiny /home/jzh/go/src/runtime/malloc.go:1350:0 s=1254
  1502: 0x54c832 M=1 github.com/jzhang405/NexKV/pkg/errors.Wrapf /home/jzh/ws/go/src/github.com/jzhang405/NexKV/pkg/errors/errors.go:190:0 s=190
  1503: 0x41d220 M=1 runtime.(*timeHistogram).record /home/jzh/go/src/runtime/histogram.go:107:0 s=105
  1504: 0x494214 M=1 sync.(*Pool).Put /home/jzh/go/src/sync/pool.go:112:0 s=99
  1505: 0x42114f M=1 runtime.nextFreeFast /home/jzh/go/src/runtime/malloc.go:1027:0 s=1021
             runtime.mallocgcSmallScanNoHeader /home/jzh/go/src/runtime/malloc.go:1579:0 s=1555
  1506: 0x5d11c8 M=1 github.com/jzhang405/NexKV/internal/infrastructure/concurrency.(*PerCoreExecutor).SubmitWithPriority /home/jzh/ws/go/src/github.com/jzhang405/NexKV/internal/infrastructure/concurrency/executor_percore.go:343:0 s=317
  1507: 0x42128a M=1 runtime.mallocgcSmallScanNoHeader /home/jzh/go/src/runtime/malloc.go:1594:0 s=1555
  1508: 0x432db9 M=1 runtime.tryDeferToSpanScan /home/jzh/go/src/runtime/mgcmark_greenteagc.go:265:0 s=264
  1509: 0x4a4d10 M=1 time.Time.Before /home/jzh/go/src/time/time.go:283:0 s=281
  1510: 0x4e1bcf M=1 fmt.(*pp).doPrintf /home/jzh/go/src/fmt/print.go:1179:0 s=1020
  1511: 0x4e1cd9 M=1 fmt.(*pp).doPrintf /home/jzh/go/src/fmt/print.go:1196:0 s=1020
  1512: 0x4234e6 M=1 runtime.(*mspan).refillAllocCache /home/jzh/go/src/runtime/mbitmap.go:1096:0 s=1095
  1513: 0x424bbd M=1 runtime.(*mcentral).cacheSpan /home/jzh/go/src/runtime/mcentral.go:192:0 s=82
  1514: 0x42332c M=1 runtime.getGCMask /home/jzh/go/src/runtime/type.go:88:0 s=87
             runtime.(*mspan).writeHeapBitsSmall /home/jzh/go/src/runtime/mbitmap.go:626:0 s=624
  1515: 0x434649 M=1 runtime.scanObjectsSmall /home/jzh/go/src/runtime/mgcmark_greenteagc.go:1036:0 s=1015
  1516: 0x4db26a M=1 fmt.newPrinter /home/jzh/go/src/fmt/print.go:153:0 s=151
  1517: 0x421cc0 M=1 runtime.newobject /home/jzh/go/src/runtime/malloc.go:2208:0 s=2208
  1518: 0x4d9a7e M=1 fmt.(*fmt).fmtInteger /home/jzh/go/src/fmt/format.go:203:0 s=197
  1519: 0x456ed1 M=1 runtime.handoffp /home/jzh/go/src/runtime/proc.go:3136:0 s=3131
  1520: 0x493d24 M=1 internal/sync.(*Mutex).unlockSlow /home/jzh/go/src/internal/sync/mutex.go:220:0 s=202
  1521: 0x422937 M=1 runtime.typePointers.nextFast /home/jzh/go/src/runtime/mbitmap.go:220:0 s=212
             runtime.typePointers.next /home/jzh/go/src/runtime/mbitmap.go:246:0 s=243
  1522: 0x4208ab M=1 runtime.(*mcache).nextFree /home/jzh/go/src/runtime/malloc.go:1048:0 s=1048
  1523: 0x4a5f1a M=1 time.Since /home/jzh/go/src/time/time.go:1230:0 s=1227
  1524: 0x4a4d13 M=1 time.Time.Before /home/jzh/go/src/time/time.go:283:0 s=281
  1525: 0x4de638 M=1 fmt.(*pp).printArg /home/jzh/go/src/fmt/print.go:708:0 s=682
  1526: 0x4dc9ea M=1 fmt.(*pp).fmtInteger /home/jzh/go/src/fmt/print.go:449:0 s=422
  1527: 0x4d9dba M=1 fmt.(*fmt).fmtInteger /home/jzh/go/src/fmt/format.go:323:0 s=197
  1528: 0x41f6c8 M=1 runtime.unlock2 /home/jzh/go/src/runtime/lock_spinbit.go:318:0 s=267
  1529: 0x4d908c M=1 fmt.(*buffer).write /home/jzh/go/src/fmt/print.go:104:0 s=103
             fmt.(*fmt).pad /home/jzh/go/src/fmt/format.go:95:0 s=93
  1530: 0x486248 M=1 runtime.arenaIndex /home/jzh/go/src/runtime/mheap.go:616:0 s=615
             runtime.spanOf /home/jzh/go/src/runtime/mheap.go:702:0 s=696
             runtime.findObject /home/jzh/go/src/runtime/mbitmap.go:1362:0 s=1361
  1531: 0x432dd1 M=1 runtime.heapArenaOf /home/jzh/go/src/runtime/mheap.go:770:0 s=766
             runtime.tryDeferToSpanScan /home/jzh/go/src/runtime/mgcmark_greenteagc.go:270:0 s=264
  1532: 0x5d113a M=1 github.com/jzhang405/NexKV/internal/infrastructure/concurrency.heapPush /home/jzh/ws/go/src/github.com/jzhang405/NexKV/internal/infrastructure/concurrency/executor_percore.go:494:0 s=493
             github.com/jzhang405/NexKV/internal/infrastructure/concurrency.(*PerCoreExecutor).SubmitWithPriority /home/jzh/ws/go/src/github.com/jzhang405/NexKV/internal/infrastructure/concurrency/executor_percore.go:347:0 s=317
  1533: 0x48b6fc M=1 runtime.findfunc /home/jzh/go/src/runtime/symtab.go:945:0 s=923
  1534: 0x4758ab M=1 runtime.(*unwinder).next /home/jzh/go/src/runtime/traceback.go:451:0 s=441
  1535: 0x430d50 M=1 runtime.scanstack /home/jzh/go/src/runtime/mgcmark.go:972:0 s=904
  1536: 0x45758e M=1 runtime.gcstopm /home/jzh/go/src/runtime/proc.go:3319:0 s=3296
  1537: 0x457b36 M=1 runtime.findRunnable /home/jzh/go/src/runtime/proc.go:3404:0 s=3389
  1538: 0x4e1276 M=1 fmt.(*pp).doPrintf /home/jzh/go/src/fmt/print.go:1029:0 s=1020
  1539: 0x4210ef M=1 runtime.mallocgcSmallScanNoHeader /home/jzh/go/src/runtime/malloc.go:1578:0 s=1555
  1540: 0x4939cb M=1 internal/sync.(*Mutex).lockSlow /home/jzh/go/src/internal/sync/mutex.go:95:0 s=95
  1541: 0x422c0b M=1 runtime.arenaIndex /home/jzh/go/src/runtime/mheap.go:616:0 s=615
             runtime.spanOf /home/jzh/go/src/runtime/mheap.go:702:0 s=696
             runtime.bulkBarrierPreWrite /home/jzh/go/src/runtime/mbitmap.go:395:0 s=388
  1542: 0x49400a M=1 sync.(*Mutex).Unlock /home/jzh/go/src/sync/mutex.go:66:0 s=64
  1543: 0x485bc5 M=1 runtime.mallocgc /home/jzh/go/src/runtime/malloc.go:1202:0 s=1119
  1544: 0x421306 M=1 runtime.mallocgcSmallScanNoHeader /home/jzh/go/src/runtime/malloc.go:1635:0 s=1555
  1545: 0x420bfb M=1 runtime.mallocgcTiny /home/jzh/go/src/runtime/malloc.go:1329:0 s=1254
  1546: 0x4db7f5 M=1 fmt.Sprintf /home/jzh/go/src/fmt/print.go:239:0 s=237
  1547: 0x420c4c M=1 runtime.mallocgcTiny /home/jzh/go/src/runtime/malloc.go:1338:0 s=1254
  1548: 0x493f87 M=1 sync.(*Mutex).Lock /home/jzh/go/src/sync/mutex.go:45:0 s=45
  1549: 0x5dd5f6 M=1 github.com/jzhang405/NexKV/internal/infrastructure/concurrency.BenchmarkPerCoreVsAnts_Transport_Throughput.func3.1 /home/jzh/ws/go/src/github.com/jzhang405/NexKV/internal/infrastructure/concurrency/executor_comparison_benchmark_test.go:121:0 s=119
  1550: 0x420c16 M=1 runtime.mallocgcTiny /home/jzh/go/src/runtime/malloc.go:1331:0 s=1254
  1551: 0x4233dd M=1 runtime.(*mspan).writeHeapBitsSmall /home/jzh/go/src/runtime/mbitmap.go:656:0 s=624
  1552: 0x434646 M=1 runtime.scanObjectsSmall /home/jzh/go/src/runtime/mgcmark_greenteagc.go:1035:0 s=1015
  1553: 0x42110d M=1 runtime.mallocgcSmallScanNoHeader /home/jzh/go/src/runtime/malloc.go:1578:0 s=1555
  1554: 0x485b96 M=1 runtime.mallocgc /home/jzh/go/src/runtime/malloc.go:1186:0 s=1119
  1555: 0x423468 M=1 runtime.(*mspan).writeHeapBitsSmall /home/jzh/go/src/runtime/mbitmap.go:670:0 s=624
  1556: 0x493a11 M=1 internal/sync.(*Mutex).lockSlow /home/jzh/go/src/internal/sync/mutex.go:104:0 s=95
  1557: 0x4de590 M=1 fmt.(*pp).printArg /home/jzh/go/src/fmt/print.go:682:0 s=682
  1558: 0x4a5ee1 M=1 time.Since /home/jzh/go/src/time/time.go:1228:0 s=1227
  1559: 0x45a4ed M=1 runtime.goyield_m /home/jzh/go/src/runtime/proc.go:4471:0 s=4456
  1560: 0x4e1300 M=1 fmt.(*pp).doPrintf /home/jzh/go/src/fmt/print.go:1046:0 s=1020
  1561: 0x46651a M=1 runtime.semrelease1 /home/jzh/go/src/runtime/sema.go:230:0 s=207
  1562: 0x439073 M=1 runtime.(*mheap).nextSpanForSweep /home/jzh/go/src/runtime/mgcsweep.go:103:0 s=96
  1563: 0x4396ac M=1 runtime.sweepone /home/jzh/go/src/runtime/mgcsweep.go:378:0 s=359
  1564: 0x420b66 M=1 runtime.releasem /home/jzh/go/src/runtime/runtime1.go:610:0 s=607
             runtime.mallocgcTiny /home/jzh/go/src/runtime/malloc.go:1323:0 s=1254
  1565: 0x5d049a M=1 github.com/jzhang405/NexKV/internal/infrastructure/concurrency.taskQueue.Less /home/jzh/ws/go/src/github.com/jzhang405/NexKV/internal/infrastructure/concurrency/executor_percore.go:128:0 s=126
  1566: 0x420bb8 M=1 runtime.nextFreeFast /home/jzh/go/src/runtime/malloc.go:1027:0 s=1021
             runtime.mallocgcTiny /home/jzh/go/src/runtime/malloc.go:1329:0 s=1254
  1567: 0x41f1f7 M=1 runtime.lock2 /home/jzh/go/src/runtime/lock_spinbit.go:167:0 s=155
  1568: 0x434663 M=1 runtime.scanObjectsSmall /home/jzh/go/src/runtime/mgcmark_greenteagc.go:1035:0 s=1015
  1569: 0x4233c5 M=1 runtime.(*mspan).writeHeapBitsSmall /home/jzh/go/src/runtime/mbitmap.go:655:0 s=624
  1570: 0x5d1fc6 M=1 github.com/jzhang405/NexKV/internal/infrastructure/concurrency.heapDown /home/jzh/ws/go/src/github.com/jzhang405/NexKV/internal/infrastructure/concurrency/executor_percore.go:538:0 s=527
  1571: 0x4e1238 M=1 fmt.(*buffer).writeString /home/jzh/go/src/fmt/print.go:108:0 s=107
             fmt.(*pp).doPrintf /home/jzh/go/src/fmt/print.go:1033:0 s=1020
  1572: 0x490c23 M=1 runtime.nanotime1 /home/jzh/go/src/runtime/sys_linux_amd64.s:294:0 s=223
  1573: 0x5dd0cd M=1 github.com/jzhang405/NexKV/internal/infrastructure/concurrency.simulateTransportTask /home/jzh/ws/go/src/github.com/jzhang405/NexKV/internal/infrastructure/concurrency/executor_comparison_benchmark_test.go:42:0 s=22
  1574: 0x4dea21 M=1 fmt.(*pp).printArg /home/jzh/go/src/fmt/print.go:763:0 s=682
  1575: 0x5d1243 M=1 github.com/jzhang405/NexKV/internal/infrastructure/concurrency.(*PerCoreExecutor).SubmitWithPriority /home/jzh/ws/go/src/github.com/jzhang405/NexKV/internal/infrastructure/concurrency/executor_percore.go:343:0 s=317
  1576: 0x54c837 M=1 github.com/jzhang405/NexKV/pkg/errors.Wrapf /home/jzh/ws/go/src/github.com/jzhang405/NexKV/pkg/errors/errors.go:190:0 s=190
  1577: 0x4233c8 M=1 runtime.(*mspan).writeHeapBitsSmall /home/jzh/go/src/runtime/mbitmap.go:655:0 s=624
  1578: 0x422c8b M=1 runtime.bulkBarrierPreWrite /home/jzh/go/src/runtime/mbitmap.go:412:0 s=388
  1579: 0x490340 M=1 runtime.asyncPreempt /home/jzh/go/src/runtime/preempt_amd64.s:9:0 s=8
  1580: 0x4e10ea M=1 fmt.(*pp).doPrintf /home/jzh/go/src/fmt/print.go:1025:0 s=1020
  1581: 0x485bbc M=1 runtime.mallocgc /home/jzh/go/src/runtime/malloc.go:1201:0 s=1119
  1582: 0x48bb20 M=1 time.runtimeNano /home/jzh/go/src/runtime/time.go:38:0 s=33
  1583: 0x5d04e0 M=1 github.com/jzhang405/NexKV/internal/infrastructure/concurrency.taskQueue.Less /home/jzh/ws/go/src/github.com/jzhang405/NexKV/internal/infrastructure/concurrency/executor_percore.go:130:0 s=126
  1584: 0x5d0eee M=1 github.com/jzhang405/NexKV/internal/infrastructure/concurrency.(*PerCoreExecutor).Submit /home/jzh/ws/go/src/github.com/jzhang405/NexKV/internal/infrastructure/concurrency/executor_percore.go:312:0 s=312
  1585: 0x494531 M=1 sync.indexLocal /home/jzh/go/src/sync/pool.go:301:0 s=300
             sync.(*Pool).pin /home/jzh/go/src/sync/pool.go:218:0 s=202
  1586: 0x420bc9 M=1 runtime.nextFreeFast /home/jzh/go/src/runtime/malloc.go:1033:0 s=1021
             runtime.mallocgcTiny /home/jzh/go/src/runtime/malloc.go:1329:0 s=1254
  1587: 0x5d109a M=1 github.com/jzhang405/NexKV/internal/infrastructure/concurrency.(*PerCoreExecutor).SubmitWithPriority /home/jzh/ws/go/src/github.com/jzhang405/NexKV/internal/infrastructure/concurrency/executor_percore.go:350:0 s=317
  1588: 0x46691b M=1 runtime.(*semaRoot).queue /home/jzh/go/src/runtime/sema.go:352:0 s=304
  1589: 0x4210b7 M=1 runtime.getMCache /home/jzh/go/src/runtime/mcache.go:150:0 s=139
             runtime.mallocgcSmallScanNoHeader /home/jzh/go/src/runtime/malloc.go:1575:0 s=1555
  1590: 0x4de5a7 M=1 fmt.(*pp).printArg /home/jzh/go/src/fmt/print.go:683:0 s=682
  1591: 0x420b9d M=1 runtime.nextFreeFast /home/jzh/go/src/runtime/malloc.go:1025:0 s=1021
             runtime.mallocgcTiny /home/jzh/go/src/runtime/malloc.go:1329:0 s=1254
  1592: 0x4d8ffa M=1 fmt.(*fmt).pad /home/jzh/go/src/fmt/format.go:94:0 s=93
  1593: 0x4d9d33 M=1 fmt.(*fmt).fmtInteger /home/jzh/go/src/fmt/format.go:198:0 s=197
  1594: 0x4d8ff0 M=1 fmt.(*fmt).pad /home/jzh/go/src/fmt/format.go:93:0 s=93
  1595: 0x48d800 M=1 runtime.mcall /home/jzh/go/src/runtime/asm_amd64.s:458:0 s=458
  1596: 0x420c74 M=1 runtime.mallocgcTiny /home/jzh/go/src/runtime/malloc.go:1367:0 s=1254
  1597: 0x494319 M=1 sync.(*Pool).Get /home/jzh/go/src/sync/pool.go:147:0 s=131
  1598: 0x4235e9 M=1 runtime.(*mspan).nextFreeIndex /home/jzh/go/src/runtime/mbitmap.go:1157:0 s=1113
  1599: 0x490c1f M=1 runtime.nanotime1 /home/jzh/go/src/runtime/sys_linux_amd64.s:294:0 s=223
  1600: 0x4939d2 M=1 internal/sync.(*Mutex).lockSlow /home/jzh/go/src/internal/sync/mutex.go:101:0 s=95
  1601: 0x5d046e M=1 github.com/jzhang405/NexKV/internal/infrastructure/concurrency.taskQueue.Less /home/jzh/ws/go/src/github.com/jzhang405/NexKV/internal/infrastructure/concurrency/executor_percore.go:126:0 s=126
  1602: 0x4211a9 M=1 runtime.mallocgcSmallScanNoHeader /home/jzh/go/src/runtime/malloc.go:1576:0 s=1555
  1603: 0x485826 M=1 runtime.convT64 /home/jzh/go/src/runtime/iface.go:400:0 s=400
  1604: 0x4db3b0 M=1 fmt.(*pp).free /home/jzh/go/src/fmt/print.go:181:0 s=161
  1605: 0x434ea3 M=1 runtime.scanObject /home/jzh/go/src/runtime/mgcmark_greenteagc.go:1250:0 s=1187
  1606: 0x5dd0bc M=1 github.com/jzhang405/NexKV/internal/infrastructure/concurrency.simulateTransportTask /home/jzh/ws/go/src/github.com/jzhang405/NexKV/internal/infrastructure/concurrency/executor_comparison_benchmark_test.go:32:0 s=22
  1607: 0x4344be M=1 runtime.spanHeapBitsRange /home/jzh/go/src/runtime/mbitmap.go:574:0 s=570
             runtime.scanObjectsSmall /home/jzh/go/src/runtime/mgcmark_greenteagc.go:1022:0 s=1015
  1608: 0x432fc8 M=1 runtime.tryDeferToSpanScan /home/jzh/go/src/runtime/mgcmark_greenteagc.go:288:0 s=264
  1609: 0x485866 M=1 runtime.convT64 /home/jzh/go/src/runtime/iface.go:407:0 s=400
  1610: 0x422804 M=1 runtime.typePointers.next /home/jzh/go/src/runtime/mbitmap.go:243:0 s=243
  1611: 0x4de5b8 M=1 fmt.(*pp).printArg /home/jzh/go/src/fmt/print.go:684:0 s=682
  1612: 0x4db290 M=1 fmt.(*fmt).init /home/jzh/go/src/fmt/format.go:61:0 s=60
             fmt.newPrinter /home/jzh/go/src/fmt/print.go:156:0 s=151
  1613: 0x466aef M=1 runtime.(*semaRoot).dequeue /home/jzh/go/src/runtime/sema.go:424:0 s=405
  1614: 0x41f265 M=1 runtime.lock2 /home/jzh/go/src/runtime/lock_spinbit.go:200:0 s=155
  1615: 0x48bb04 M=1 runtime.nanotime /home/jzh/go/src/runtime/time_nofake.go:33:0 s=32
             time.runtimeNano /home/jzh/go/src/runtime/time.go:38:0 s=33
  1616: 0x422dd0 M=1 runtime.bulkBarrierPreWrite /home/jzh/go/src/runtime/mbitmap.go:458:0 s=388
  1617: 0x45eb6a M=1 runtime.checkdead /home/jzh/go/src/runtime/proc.go:6367:0 s=6367
  1618: 0x5d1d36 M=1 github.com/jzhang405/NexKV/internal/infrastructure/concurrency.heapUp /home/jzh/ws/go/src/github.com/jzhang405/NexKV/internal/infrastructure/concurrency/executor_percore.go:519:0 s=516
  1619: 0x41f69c M=1 runtime.unlock2 /home/jzh/go/src/runtime/lock_spinbit.go:317:0 s=267
  1620: 0x421192 M=1 runtime.mallocgcSmallScanNoHeader /home/jzh/go/src/runtime/malloc.go:1579:0 s=1555
  1621: 0x4e10c0 M=1 fmt.(*pp).doPrintf /home/jzh/go/src/fmt/print.go:1020:0 s=1020
  1622: 0x49451d M=1 sync.(*Pool).pin /home/jzh/go/src/sync/pool.go:215:0 s=202
  1623: 0x494513 M=1 sync.(*Pool).pin /home/jzh/go/src/sync/pool.go:206:0 s=202
  1624: 0x5d0fab M=1 github.com/jzhang405/NexKV/internal/infrastructure/concurrency.(*PerCoreExecutor).SubmitWithPriority /home/jzh/ws/go/src/github.com/jzhang405/NexKV/internal/infrastructure/concurrency/executor_percore.go:324:0 s=317
  1625: 0x4d90a1 M=1 fmt.(*buffer).write /home/jzh/go/src/fmt/print.go:104:0 s=103
             fmt.(*fmt).pad /home/jzh/go/src/fmt/format.go:95:0 s=93
  1626: 0x421096 M=1 runtime.mallocgcSmallScanNoHeader /home/jzh/go/src/runtime/malloc.go:1557:0 s=1555
  1627: 0x4208d2 M=1 runtime.(*mcache).nextFree /home/jzh/go/src/runtime/malloc.go:1049:0 s=1048
  1628: 0x4db2ee M=1 fmt.(*pp).free /home/jzh/go/src/fmt/print.go:161:0 s=161
  1629: 0x4e1160 M=1 fmt.(*pp).doPrintf /home/jzh/go/src/fmt/print.go:1029:0 s=1020
  1630: 0x434e2c M=1 runtime.scanObject /home/jzh/go/src/runtime/mgcmark_greenteagc.go:1250:0 s=1187
  1631: 0x432dab M=1 runtime.tryDeferToSpanScan /home/jzh/go/src/runtime/mgcmark_greenteagc.go:264:0 s=264
  1632: 0x4396b6 M=1 runtime.sweepone /home/jzh/go/src/runtime/mgcsweep.go:383:0 s=359
  1633: 0x43b08c M=1 runtime.deductSweepCredit /home/jzh/go/src/runtime/mgcsweep.go:951:0 s=913
  1634: 0x466358 M=1 runtime.cansemacquire /home/jzh/go/src/runtime/sema.go:294:0 s=291
             runtime.semacquire1 /home/jzh/go/src/runtime/sema.go:193:0 s=146
  1635: 0x434e18 M=1 runtime.scanObject /home/jzh/go/src/runtime/mgcmark_greenteagc.go:1250:0 s=1187
  1636: 0x4d9bf4 M=1 fmt.(*fmt).fmtInteger /home/jzh/go/src/fmt/format.go:271:0 s=197
  1637: 0x493d45 M=1 internal/sync.(*Mutex).unlockSlow /home/jzh/go/src/internal/sync/mutex.go:216:0 s=202
  1638: 0x456a8a M=1 runtime.stopm /home/jzh/go/src/runtime/proc.go:2992:0 s=2992
  1639: 0x457917 M=1 runtime.findRunnable /home/jzh/go/src/runtime/proc.go:3443:0 s=3389
  1640: 0x54c991 M=1 github.com/jzhang405/NexKV/pkg/errors.mergeNexError /home/jzh/ws/go/src/github.com/jzhang405/NexKV/pkg/errors/errors.go:215:0 s=199
             github.com/jzhang405/NexKV/pkg/errors.Wrapf /home/jzh/ws/go/src/github.com/jzhang405/NexKV/pkg/errors/errors.go:195:0 s=190
  1641: 0x5d1faa M=1 github.com/jzhang405/NexKV/internal/infrastructure/concurrency.heapDown /home/jzh/ws/go/src/github.com/jzhang405/NexKV/internal/infrastructure/concurrency/executor_percore.go:538:0 s=527
  1642: 0x4e115c M=1 fmt.(*pp).doPrintf /home/jzh/go/src/fmt/print.go:1030:0 s=1020
  1643: 0x54c943 M=1 github.com/jzhang405/NexKV/pkg/errors.mergeNexError /home/jzh/ws/go/src/github.com/jzhang405/NexKV/pkg/errors/errors.go:213:0 s=199
             github.com/jzhang405/NexKV/pkg/errors.Wrapf /home/jzh/ws/go/src/github.com/jzhang405/NexKV/pkg/errors/errors.go:195:0 s=190
  1644: 0x42132d M=1 runtime.releasem /home/jzh/go/src/runtime/runtime1.go:610:0 s=607
             runtime.mallocgcSmallScanNoHeader /home/jzh/go/src/runtime/malloc.go:1636:0 s=1555
  1645: 0x5d183d M=1 github.com/jzhang405/NexKV/internal/infrastructure/concurrency.(*coreWorker).run /home/jzh/ws/go/src/github.com/jzhang405/NexKV/internal/infrastructure/concurrency/executor_percore.go:453:0 s=432
  1646: 0x5d213a M=1 github.com/jzhang405/NexKV/internal/infrastructure/concurrency.heapDown /home/jzh/ws/go/src/github.com/jzhang405/NexKV/internal/infrastructure/concurrency/executor_percore.go:544:0 s=527
  1647: 0x5d1060 M=1 github.com/jzhang405/NexKV/internal/infrastructure/concurrency.(*PerCoreExecutor).SubmitWithPriority /home/jzh/ws/go/src/github.com/jzhang405/NexKV/internal/infrastructure/concurrency/executor_percore.go:337:0 s=317
  1648: 0x4e12da M=1 fmt.(*pp).doPrintf /home/jzh/go/src/fmt/print.go:1179:0 s=1020
  1649: 0x490bb6 M=1 runtime.nanotime1 /home/jzh/go/src/runtime/sys_linux_amd64.s:258:0 s=223
  1650: 0x4212ca M=1 runtime.mallocgcSmallScanNoHeader /home/jzh/go/src/runtime/malloc.go:1631:0 s=1555
  1651: 0x4acf60 M=1 time.Now /home/jzh/go/src/time/time.go:1347:0 s=1347
  1652: 0x5d0f00 M=1 github.com/jzhang405/NexKV/internal/infrastructure/concurrency.(*PerCoreExecutor).Submit /home/jzh/ws/go/src/github.com/jzhang405/NexKV/internal/infrastructure/concurrency/executor_percore.go:313:0 s=312
  1653: 0x43175a M=1 runtime.gcDrain /home/jzh/go/src/runtime/mgcmark.go:1249:0 s=1239
  1654: 0x45a000 M=1 runtime.gosched_m /home/jzh/go/src/runtime/proc.go:4349:0 s=4349
  1655: 0x4d9beb M=1 fmt.(*fmt).fmtInteger /home/jzh/go/src/fmt/format.go:272:0 s=197
  1656: 0x4d907f M=1 fmt.(*buffer).write /home/jzh/go/src/fmt/print.go:104:0 s=103
             fmt.(*fmt).pad /home/jzh/go/src/fmt/format.go:95:0 s=93
  1657: 0x493d46 M=1 internal/sync.(*Mutex).unlockSlow /home/jzh/go/src/internal/sync/mutex.go:216:0 s=202
  1658: 0x4d8fe5 M=1 fmt.(*fmt).pad /home/jzh/go/src/fmt/format.go:93:0 s=93
  1659: 0x43e280 M=1 runtime.(*mspan).init /home/jzh/go/src/runtime/mheap.go:1821:0 s=1819
  1660: 0x4537e6 M=1 runtime.(*m).clearAllpSnapshot /home/jzh/go/src/runtime/proc.go:1098:0 s=1097
  1661: 0x5d0ee7 M=1 github.com/jzhang405/NexKV/internal/infrastructure/concurrency.(*PerCoreExecutor).Submit /home/jzh/ws/go/src/github.com/jzhang405/NexKV/internal/infrastructure/concurrency/executor_percore.go:312:0 s=312
  1662: 0x493fea M=1 sync.(*Mutex).Unlock /home/jzh/go/src/sync/mutex.go:64:0 s=64
  1663: 0x42112f M=1 runtime.nextFreeFast /home/jzh/go/src/runtime/malloc.go:1024:0 s=1021
             runtime.mallocgcSmallScanNoHeader /home/jzh/go/src/runtime/malloc.go:1579:0 s=1555
  1664: 0x4d9d94 M=1 fmt.(*fmt).fmtInteger /home/jzh/go/src/fmt/format.go:320:0 s=197
  1665: 0x490c05 M=1 runtime.nanotime1 /home/jzh/go/src/runtime/sys_linux_amd64.s:287:0 s=223
  1666: 0x41ea16 M=1 runtime.(*listHeadManual).pop /home/jzh/go/src/runtime/list_manual.go:106:0 s=96
  1667: 0x456c48 M=1 runtime.mget /home/jzh/go/src/runtime/proc.go:7216:0 s=7213
             runtime.startm /home/jzh/go/src/runtime/proc.go:3072:0 s=3035
  1668: 0x4db7e6 M=1 fmt.Sprintf /home/jzh/go/src/fmt/print.go:242:0 s=237
  1669: 0x46dcf9 M=1 runtime.slicebytetostring /home/jzh/go/src/runtime/string.go:140:0 s=139
  1670: 0x422c60 M=1 runtime.bulkBarrierPreWrite /home/jzh/go/src/runtime/mbitmap.go:396:0 s=388
  1671: 0x488561 M=1 runtime.procPin /home/jzh/go/src/runtime/proc.go:7886:0 s=7885
             sync.runtime_procPin /home/jzh/go/src/runtime/proc.go:7913:0 s=7912
  1672: 0x4d9e7c M=1 fmt.(*fmt).fmtInteger /home/jzh/go/src/fmt/format.go:247:0 s=197
  1673: 0x4e11c6 M=1 fmt.(*buffer).writeString /home/jzh/go/src/fmt/print.go:108:0 s=107
             fmt.(*pp).doPrintf /home/jzh/go/src/fmt/print.go:1033:0 s=1020
  1674: 0x424d68 M=1 runtime.(*mcentral).cacheSpan /home/jzh/go/src/runtime/mcentral.go:148:0 s=82
  1675: 0x493e8a M=1 sync.(*Cond).Signal /home/jzh/go/src/sync/cond.go:85:0 s=82
  1676: 0x46dcaa M=1 runtime.slicebytetostring /home/jzh/go/src/runtime/string.go:139:0 s=139
  1677: 0x4235d8 M=1 runtime.(*mspan).nextFreeIndex /home/jzh/go/src/runtime/mbitmap.go:1148:0 s=1113
  1678: 0x42126f M=1 runtime.mallocgcSmallScanNoHeader /home/jzh/go/src/runtime/malloc.go:1633:0 s=1555
  1679: 0x420ba8 M=1 runtime.nextFreeFast /home/jzh/go/src/runtime/malloc.go:1026:0 s=1021
             runtime.mallocgcTiny /home/jzh/go/src/runtime/malloc.go:1329:0 s=1254
  1680: 0x432940 M=1 runtime.gcmarknewobject /home/jzh/go/src/runtime/mgcmark.go:1748:0 s=1748
  1681: 0x424e54 M=1 runtime.(*mcentral).cacheSpan /home/jzh/go/src/runtime/mcentral.go:172:0 s=82
  1682: 0x424edc M=1 runtime.(*mcentral).partialSwept /home/jzh/go/src/runtime/mcentral.go:66:0 s=65
             runtime.(*mcentral).uncacheSpan /home/jzh/go/src/runtime/mcentral.go:241:0 s=205
  1683: 0x421320 M=1 runtime.releasem /home/jzh/go/src/runtime/runtime1.go:610:0 s=607
             runtime.mallocgcSmallScanNoHeader /home/jzh/go/src/runtime/malloc.go:1636:0 s=1555
  1684: 0x424dd3 M=1 runtime.(*mcentral).cacheSpan /home/jzh/go/src/runtime/mcentral.go:161:0 s=82
  1685: 0x43d947 M=1 runtime.(*mheap).initSpan /home/jzh/go/src/runtime/mheap.go:1536:0 s=1439
  1686: 0x485b78 M=1 runtime.mallocgc /home/jzh/go/src/runtime/malloc.go:1164:0 s=1119
  1687: 0x4224a8 M=1 runtime.wbMove /home/jzh/go/src/runtime/mbarrier.go:197:0 s=192
  1688: 0x422cda M=1 runtime.bulkBarrierPreWrite /home/jzh/go/src/runtime/mbitmap.go:431:0 s=388
  1689: 0x41ec87 M=1 runtime.notesleep /home/jzh/go/src/runtime/lock_futex.go:48:0 s=35
  1690: 0x41f153 M=1 runtime.lockWithRank /home/jzh/go/src/runtime/lockrank_off.go:24:0 s=23
             runtime.lock /home/jzh/go/src/runtime/lock_spinbit.go:152:0 s=151
  1691: 0x43aaf7 M=1 runtime.(*sweepLocked).sweep.(*mheap).freeSpan.func2 /home/jzh/go/src/runtime/mheap.go:1677:0 s=1667
  1692: 0x5d046a M=1 github.com/jzhang405/NexKV/internal/infrastructure/concurrency.taskQueue.Less /home/jzh/ws/go/src/github.com/jzhang405/NexKV/internal/infrastructure/concurrency/executor_percore.go:126:0 s=126
  1693: 0x457479 M=1 runtime.startlockedm /home/jzh/go/src/runtime/proc.go:3291:0 s=3278
  1694: 0x4e1255 M=1 fmt.(*buffer).writeString /home/jzh/go/src/fmt/print.go:108:0 s=107
             fmt.(*pp).doPrintf /home/jzh/go/src/fmt/print.go:1033:0 s=1020
  1695: 0x41f154 M=1 runtime.lock /home/jzh/go/src/runtime/lock_spinbit.go:153:0 s=151
  1696: 0x5d104d M=1 github.com/jzhang405/NexKV/internal/infrastructure/concurrency.(*PerCoreExecutor).SubmitWithPriority /home/jzh/ws/go/src/github.com/jzhang405/NexKV/internal/infrastructure/concurrency/executor_percore.go:334:0 s=317
  1697: 0x45414e M=1 internal/runtime/atomic.(*Uint32).CompareAndSwap /home/jzh/go/src/internal/runtime/atomic/types.go:236:0 s=235
             runtime.casgstatus /home/jzh/go/src/runtime/proc.go:1295:0 s=1277
  1698: 0x4210f7 M=1 runtime.makeSpanClass /home/jzh/go/src/runtime/mheap.go:590:0 s=589
             runtime.mallocgcSmallScanNoHeader /home/jzh/go/src/runtime/malloc.go:1577:0 s=1555
  1699: 0x49420f M=1 sync.(*Pool).Put /home/jzh/go/src/sync/pool.go:111:0 s=99
  1700: 0x48fd9f M=1 runtime.memmove /home/jzh/go/src/runtime/memmove_amd64.s:196:0 s=35
  1701: 0x433ad0 M=1 runtime.(*randomEnum).next /home/jzh/go/src/runtime/proc.go:8035:0 s=8033
             runtime.(*gcWork).tryStealSpan /home/jzh/go/src/runtime/mgcmark_greenteagc.go:800:0 s=797
  1702: 0x431697 M=1 runtime.gcDrain /home/jzh/go/src/runtime/mgcmark.go:1323:0 s=1239
  1703: 0x4233d2 M=1 runtime.(*mspan).writeHeapBitsSmall /home/jzh/go/src/runtime/mbitmap.go:657:0 s=624
  1704: 0x54c844 M=1 github.com/jzhang405/NexKV/pkg/errors.Wrapf /home/jzh/ws/go/src/github.com/jzhang405/NexKV/pkg/errors/errors.go:190:0 s=190
  1705: 0x448e27 M=1 internal/runtime/atomic.(*UnsafePointer).Load /home/jzh/go/src/internal/runtime/atomic/types.go:466:0 s=465
             runtime.(*atomicMSpanPointer).Load /home/jzh/go/src/runtime/mspanset.go:420:0 s=419
             runtime.(*spanSet).pop /home/jzh/go/src/runtime/mspanset.go:211:0 s=150
  1706: 0x41f67b M=1 runtime.unlock2 /home/jzh/go/src/runtime/lock_spinbit.go:275:0 s=267
  1707: 0x434dca M=1 runtime.typePointers.nextFast /home/jzh/go/src/runtime/mbitmap.go:220:0 s=212
             runtime.scanObject /home/jzh/go/src/runtime/mgcmark_greenteagc.go:1241:0 s=1187
  1708: 0x434e4d M=1 runtime.scanObject /home/jzh/go/src/runtime/mgcmark_greenteagc.go:1269:0 s=1187
  1709: 0x4db399 M=1 fmt.(*pp).free /home/jzh/go/src/fmt/print.go:179:0 s=161
  1710: 0x4e124d M=1 fmt.(*buffer).writeString /home/jzh/go/src/fmt/print.go:108:0 s=107
             fmt.(*pp).doPrintf /home/jzh/go/src/fmt/print.go:1033:0 s=1020
  1711: 0x436497 M=1 runtime.(*gcControllerState).trigger /home/jzh/go/src/runtime/mgcpacer.go:1191:0 s=1190
  1712: 0x42ac55 M=1 runtime.gcTrigger.test /home/jzh/go/src/runtime/mgc.go:712:0 s=706
  1713: 0x42134e M=1 runtime.mallocgcSmallScanNoHeader /home/jzh/go/src/runtime/malloc.go:1639:0 s=1555
  1714: 0x48fc6c M=1 runtime.memmove /home/jzh/go/src/runtime/memmove_amd64.s:61:0 s=35
  1715: 0x4d90bf M=1 fmt.(*buffer).write /home/jzh/go/src/fmt/print.go:104:0 s=103
             fmt.(*fmt).pad /home/jzh/go/src/fmt/format.go:95:0 s=93
  1716: 0x434e44 M=1 runtime.scanObject /home/jzh/go/src/runtime/mgcmark_greenteagc.go:1268:0 s=1187
  1717: 0x4db7eb M=1 fmt.Sprintf /home/jzh/go/src/fmt/print.go:238:0 s=237
  1718: 0x420c66 M=1 runtime.mallocgcTiny /home/jzh/go/src/runtime/malloc.go:1352:0 s=1254
  1719: 0x42131a M=1 runtime.releasem /home/jzh/go/src/runtime/runtime1.go:609:0 s=607
             runtime.mallocgcSmallScanNoHeader /home/jzh/go/src/runtime/malloc.go:1636:0 s=1555
  1720: 0x4d9a62 M=1 fmt.(*fmt).fmtInteger /home/jzh/go/src/fmt/format.go:198:0 s=197
  1721: 0x4942e7 M=1 sync.(*Pool).Get /home/jzh/go/src/sync/pool.go:138:0 s=131
  1722: 0x4e14a4 M=1 fmt.(*pp).doPrintf /home/jzh/go/src/fmt/print.go:1075:0 s=1020
  1723: 0x4d9040 M=1 fmt.(*buffer).write /home/jzh/go/src/fmt/print.go:104:0 s=103
             fmt.(*fmt).pad /home/jzh/go/src/fmt/format.go:95:0 s=93
  1724: 0x48fd8d M=1 runtime.memmove /home/jzh/go/src/runtime/memmove_amd64.s:189:0 s=35
  1725: 0x485b32 M=1 runtime.mallocgc /home/jzh/go/src/runtime/malloc.go:1127:0 s=1119
  1726: 0x41f856 M=1 runtime.unlock2Wake /home/jzh/go/src/runtime/lock_spinbit.go:382:0 s=345
  1727: 0x4d9a86 M=1 fmt.(*fmt).fmtInteger /home/jzh/go/src/fmt/format.go:206:0 s=197
  1728: 0x42f398 M=1 runtime.markroot /home/jzh/go/src/runtime/mgcmark.go:269:0 s=221
  1729: 0x434596 M=1 runtime.scanObjectsSmall /home/jzh/go/src/runtime/mgcmark_greenteagc.go:1026:0 s=1015
  1730: 0x485c20 M=1 runtime.mallocgc /home/jzh/go/src/runtime/malloc.go:1243:0 s=1119
  1731: 0x432a1c M=1 runtime.pageIndexOf /home/jzh/go/src/runtime/mheap.go:759:0 s=757
             runtime.gcmarknewobject /home/jzh/go/src/runtime/mgcmark.go:1766:0 s=1748
  1732: 0x4942ca M=1 sync.(*Pool).Get /home/jzh/go/src/sync/pool.go:137:0 s=131
  1733: 0x494507 M=1 sync.(*Pool).pin /home/jzh/go/src/sync/pool.go:202:0 s=202
  1734: 0x457b9d M=1 runtime.findRunnable /home/jzh/go/src/runtime/proc.go:3478:0 s=3389
  1735: 0x4d90dc M=1 fmt.(*fmt).pad /home/jzh/go/src/fmt/format.go:96:0 s=93
  1736: 0x422c34 M=1 runtime.spanOf /home/jzh/go/src/runtime/mheap.go:718:0 s=696
             runtime.bulkBarrierPreWrite /home/jzh/go/src/runtime/mbitmap.go:395:0 s=388
  1737: 0x4e1cd2 M=1 fmt.(*pp).doPrintf /home/jzh/go/src/fmt/print.go:1196:0 s=1020
  1738: 0x42337f M=1 runtime.readUintptr /home/jzh/go/src/runtime/mbitmap.go:1516:0 s=1515
             runtime.(*mspan).writeHeapBitsSmall /home/jzh/go/src/runtime/mbitmap.go:626:0 s=624
  1739: 0x420b49 M=1 runtime.releasem /home/jzh/go/src/runtime/runtime1.go:609:0 s=607
             runtime.mallocgcTiny /home/jzh/go/src/runtime/malloc.go:1323:0 s=1254
  1740: 0x48fc7c M=1 runtime.memmove /home/jzh/go/src/runtime/memmove_amd64.s:64:0 s=35
  1741: 0x4a5eed M=1 time.Since /home/jzh/go/src/time/time.go:1228:0 s=1227
  1742: 0x46dcc0 M=1 runtime.slicebytetostring /home/jzh/go/src/runtime/string.go:158:0 s=139
  1743: 0x4db39e M=1 fmt.(*pp).free /home/jzh/go/src/fmt/print.go:180:0 s=161
  1744: 0x422c37 M=1 runtime.spanOf /home/jzh/go/src/runtime/mheap.go:718:0 s=696
             runtime.bulkBarrierPreWrite /home/jzh/go/src/runtime/mbitmap.go:395:0 s=388
  1745: 0x486294 M=1 runtime.findObject /home/jzh/go/src/runtime/mbitmap.go:1362:0 s=1361
  1746: 0x5d2022 M=1 github.com/jzhang405/NexKV/internal/infrastructure/concurrency.heapDown /home/jzh/ws/go/src/github.com/jzhang405/NexKV/internal/infrastructure/concurrency/executor_percore.go:541:0 s=527
  1747: 0x5d0f0a M=1 github.com/jzhang405/NexKV/internal/infrastructure/concurrency.(*PerCoreExecutor).Submit /home/jzh/ws/go/src/github.com/jzhang405/NexKV/internal/infrastructure/concurrency/executor_percore.go:313:0 s=312
  1748: 0x449b55 M=1 runtime.(*sysMemStat).add /home/jzh/go/src/runtime/mstats.go:660:0 s=659
  1749: 0x43d584 M=1 runtime.(*mheap).allocSpan /home/jzh/go/src/runtime/mheap.go:1410:0 s=1224
  1750: 0x5d05c0 M=1 github.com/jzhang405/NexKV/internal/infrastructure/concurrency.taskQueue.Less /home/jzh/ws/go/src/github.com/jzhang405/NexKV/internal/infrastructure/concurrency/executor_percore.go:146:0 s=126
  1751: 0x48630d M=1 runtime.(*mspan).divideByElemSize /home/jzh/go/src/runtime/mbitmap.go:1213:0 s=1209
             runtime.(*mspan).objIndex /home/jzh/go/src/runtime/mbitmap.go:1226:0 s=1225
             runtime.findObject /home/jzh/go/src/runtime/mbitmap.go:1391:0 s=1361
  1752: 0x5d050b M=1 github.com/jzhang405/NexKV/internal/infrastructure/concurrency.taskQueue.Less /home/jzh/ws/go/src/github.com/jzhang405/NexKV/internal/infrastructure/concurrency/executor_percore.go:132:0 s=126
  1753: 0x4e1144 M=1 fmt.(*pp).doPrintf /home/jzh/go/src/fmt/print.go:1026:0 s=1020
  1754: 0x44a065 M=1 runtime.wbBufFlush1 /home/jzh/go/src/runtime/mwbbuf.go:240:0 s=195
  1755: 0x5d0f84 M=1 github.com/jzhang405/NexKV/internal/infrastructure/concurrency.(*PerCoreExecutor).SubmitWithPriority /home/jzh/ws/go/src/github.com/jzhang405/NexKV/internal/infrastructure/concurrency/executor_percore.go:319:0 s=317
  1756: 0x420ad2 M=1 runtime.getMCache /home/jzh/go/src/runtime/mcache.go:143:0 s=139
             runtime.mallocgcTiny /home/jzh/go/src/runtime/malloc.go:1299:0 s=1254
  1757: 0x48fb64 M=1 runtime.memclrNoHeapPointers /home/jzh/go/src/runtime/memclr_amd64.s:182:0 s=15
  1758: 0x457853 M=1 runtime.findRunnable /home/jzh/go/src/runtime/proc.go:3407:0 s=3389
  1759: 0x440865 M=1 runtime.(*pageAlloc).update /home/jzh/go/src/runtime/mpagealloc.go:492:0 s=492
  1760: 0x443ad8 M=1 runtime.(*pageAlloc).allocToCache /home/jzh/go/src/runtime/mpagecache.go:168:0 s=119
  1761: 0x43d126 M=1 runtime.(*mheap).allocSpan /home/jzh/go/src/runtime/mheap.go:1245:0 s=1224
  1762: 0x4d90e3 M=1 fmt.(*fmt).pad /home/jzh/go/src/fmt/format.go:96:0 s=93
  1763: 0x4db813 M=1 fmt.Sprintf /home/jzh/go/src/fmt/print.go:240:0 s=237
  1764: 0x4d907a M=1 fmt.(*buffer).write /home/jzh/go/src/fmt/print.go:104:0 s=103
             fmt.(*fmt).pad /home/jzh/go/src/fmt/format.go:95:0 s=93
  1765: 0x434dd6 M=1 runtime.scanObject /home/jzh/go/src/runtime/mgcmark_greenteagc.go:1241:0 s=1187
  1766: 0x4e1111 M=1 fmt.(*pp).doPrintf /home/jzh/go/src/fmt/print.go:1024:0 s=1020
  1767: 0x420c3a M=1 runtime.mallocgcTiny /home/jzh/go/src/runtime/malloc.go:1333:0 s=1254
  1768: 0x4de867 M=1 fmt.(*pp).printArg /home/jzh/go/src/fmt/print.go:720:0 s=682
  1769: 0x432fe2 M=1 runtime.tryDeferToSpanScan /home/jzh/go/src/runtime/mgcmark_greenteagc.go:272:0 s=264
  1770: 0x48fc43 M=1 runtime.memmove /home/jzh/go/src/runtime/memmove_amd64.s:40:0 s=35
  1771: 0x494334 M=1 sync.(*Pool).Get /home/jzh/go/src/sync/pool.go:154:0 s=131
  1772: 0x4e119f M=1 fmt.(*pp).doPrintf /home/jzh/go/src/fmt/print.go:1029:0 s=1020
  1773: 0x432e97 M=1 runtime.tryDeferToSpanScan /home/jzh/go/src/runtime/mgcmark_greenteagc.go:287:0 s=264
  1774: 0x422d6d M=1 runtime.bulkBarrierPreWrite /home/jzh/go/src/runtime/mbitmap.go:453:0 s=388
  1775: 0x423373 M=1 runtime.(*mspan).writeHeapBitsSmall /home/jzh/go/src/runtime/mbitmap.go:631:0 s=624
  1776: 0x43d560 M=1 runtime.(*mheap).allocSpan /home/jzh/go/src/runtime/mheap.go:1408:0 s=1224
  1777: 0x485bde M=1 runtime.mallocgc /home/jzh/go/src/runtime/malloc.go:1192:0 s=1119
  1778: 0x483280 M=1 runtime.gcResetMarkState.func1 /home/jzh/go/src/runtime/mgc.go:2117:0 s=2116
  1779: 0x422c40 M=1 runtime.spanOf /home/jzh/go/src/runtime/mheap.go:719:0 s=696
             runtime.bulkBarrierPreWrite /home/jzh/go/src/runtime/mbitmap.go:395:0 s=388
  1780: 0x432e7c M=1 runtime.tryDeferToSpanScan /home/jzh/go/src/runtime/mgcmark_greenteagc.go:286:0 s=264
  1781: 0x448e56 M=1 internal/runtime/atomic.(*Uint32).Add /home/jzh/go/src/internal/runtime/atomic/types.go:291:0 s=290
             runtime.(*spanSet).pop /home/jzh/go/src/runtime/mspanset.go:235:0 s=150
  1782: 0x4db7e1 M=1 fmt.Sprintf /home/jzh/go/src/fmt/print.go:242:0 s=237
  1783: 0x5d2117 M=1 github.com/jzhang405/NexKV/internal/infrastructure/concurrency.heapDown /home/jzh/ws/go/src/github.com/jzhang405/NexKV/internal/infrastructure/concurrency/executor_percore.go:541:0 s=527
  1784: 0x5d04b1 M=1 github.com/jzhang405/NexKV/internal/infrastructure/concurrency.taskQueue.Less /home/jzh/ws/go/src/github.com/jzhang405/NexKV/internal/infrastructure/concurrency/executor_percore.go:129:0 s=126
  1785: 0x43a1bb M=1 runtime.(*sweepLocked).sweep /home/jzh/go/src/runtime/mgcsweep.go:509:0 s=505
  1786: 0x4dc941 M=1 fmt.(*pp).fmtInteger /home/jzh/go/src/fmt/print.go:431:0 s=422
  1787: 0x4346ac M=1 runtime.scanObjectsSmall /home/jzh/go/src/runtime/mgcmark_greenteagc.go:1052:0 s=1015
  1788: 0x5d05b8 M=1 github.com/jzhang405/NexKV/internal/infrastructure/concurrency.taskQueue.Less /home/jzh/ws/go/src/github.com/jzhang405/NexKV/internal/infrastructure/concurrency/executor_percore.go:146:0 s=126
  1789: 0x48fc52 M=1 runtime.memmove /home/jzh/go/src/runtime/memmove_amd64.s:56:0 s=35
  1790: 0x4dc84b M=1 fmt.(*pp).fmtInteger /home/jzh/go/src/fmt/print.go:422:0 s=422
  1791: 0x45981e M=1 runtime.schedule /home/jzh/go/src/runtime/proc.go:4167:0 s=4135
  1792: 0x466c70 M=1 runtime.(*semaRoot).dequeue /home/jzh/go/src/runtime/sema.go:454:0 s=405
  1793: 0x4e11c0 M=1 fmt.(*pp).doPrintf /home/jzh/go/src/fmt/print.go:1033:0 s=1020
  1794: 0x48fd66 M=1 runtime.memmove /home/jzh/go/src/runtime/memmove_amd64.s:166:0 s=35
  1795: 0x486241 M=1 runtime.findObject /home/jzh/go/src/runtime/mbitmap.go:1361:0 s=1361
  1796: 0x46dd40 M=1 runtime.slicebytetostring /home/jzh/go/src/runtime/string.go:173:0 s=139
  1797: 0x4db830 M=1 fmt.Sprintf /home/jzh/go/src/fmt/print.go:241:0 s=237
  1798: 0x5d1f8a M=1 github.com/jzhang405/NexKV/internal/infrastructure/concurrency.heapDown /home/jzh/ws/go/src/github.com/jzhang405/NexKV/internal/infrastructure/concurrency/executor_percore.go:535:0 s=527
  1799: 0x49420a M=1 sync.(*Pool).Put /home/jzh/go/src/sync/pool.go:100:0 s=99
  1800: 0x41f213 M=1 runtime.lock2 /home/jzh/go/src/runtime/lock_spinbit.go:199:0 s=155
  1801: 0x5d0f7c M=1 github.com/jzhang405/NexKV/internal/infrastructure/concurrency.(*PerCoreExecutor).SubmitWithPriority /home/jzh/ws/go/src/github.com/jzhang405/NexKV/internal/infrastructure/concurrency/executor_percore.go:319:0 s=317
  1802: 0x41f2ba M=1 runtime.lock2 /home/jzh/go/src/runtime/lock_spinbit.go:214:0 s=155
  1803: 0x444135 M=1 runtime.(*pallocBits).summarize /home/jzh/go/src/runtime/mpallocbits.go:213:0 s=132
  1804: 0x420be0 M=1 runtime.nextFreeFast /home/jzh/go/src/runtime/malloc.go:1032:0 s=1021
             runtime.mallocgcTiny /home/jzh/go/src/runtime/malloc.go:1329:0 s=1254
  1805: 0x48d170 M=1 gcWriteBarrier /home/jzh/go/src/runtime/asm_amd64.s:1830:0 s=1813
  1806: 0x48fc49 M=1 runtime.memmove /home/jzh/go/src/runtime/memmove_amd64.s:54:0 s=35
  1807: 0x4a5f15 M=1 time.Since /home/jzh/go/src/time/time.go:1230:0 s=1227
  1808: 0x421195 M=1 runtime.getMCache /home/jzh/go/src/runtime/mcache.go:143:0 s=139
             runtime.mallocgcSmallScanNoHeader /home/jzh/go/src/runtime/malloc.go:1575:0 s=1555
  1809: 0x54c939 M=1 github.com/jzhang405/NexKV/pkg/errors.Wrapf /home/jzh/ws/go/src/github.com/jzhang405/NexKV/pkg/errors/errors.go:195:0 s=190
  1810: 0x4211ea M=1 runtime.mallocgcSmallScanNoHeader /home/jzh/go/src/runtime/malloc.go:1583:0 s=1555
  1811: 0x42f803 M=1 runtime.markroot.func1 /home/jzh/go/src/runtime/mgcmark.go:300:0 s=280
  1812: 0x41f19c M=1 runtime.lock2 /home/jzh/go/src/runtime/lock_spinbit.go:157:0 s=155
  1813: 0x4d90d9 M=1 fmt.(*buffer).write /home/jzh/go/src/fmt/print.go:104:0 s=103
             fmt.(*fmt).pad /home/jzh/go/src/fmt/format.go:95:0 s=93
  1814: 0x48628f M=1 runtime.findObject /home/jzh/go/src/runtime/mbitmap.go:1366:0 s=1361
  1815: 0x4703d9 M=1 runtime.step /home/jzh/go/src/runtime/symtab.go:1288:0 s=1285
  1816: 0x46fab9 M=1 runtime.pcvalue /home/jzh/go/src/runtime/symtab.go:1082:0 s=1013
  1817: 0x491001 M=1 runtime.futex /home/jzh/go/src/runtime/sys_linux_amd64.s:569:0 s=561
  1818: 0x45a23b M=1 runtime.preemptPark /home/jzh/go/src/runtime/proc.go:4434:0 s=4368
  1819: 0x46c026 M=1 runtime.newstack /home/jzh/go/src/runtime/stack.go:1141:0 s=1026
  1820: 0x49453c M=1 sync.(*Pool).pin /home/jzh/go/src/sync/pool.go:218:0 s=202
  1821: 0x4a5ed2 M=1 time.Since /home/jzh/go/src/time/time.go:1227:0 s=1227
  1822: 0x4dc905 M=1 fmt.(*pp).fmtInteger /home/jzh/go/src/fmt/print.go:430:0 s=422
  1823: 0x4212c5 M=1 runtime.mallocgcSmallScanNoHeader /home/jzh/go/src/runtime/malloc.go:1631:0 s=1555
  1824: 0x4329e1 M=1 runtime.gcmarknewobject /home/jzh/go/src/runtime/mgcmark.go:1760:0 s=1748
  1825: 0x5d11a7 M=1 github.com/jzhang405/NexKV/internal/infrastructure/concurrency.(*PerCoreExecutor).SubmitWithPriority /home/jzh/ws/go/src/github.com/jzhang405/NexKV/internal/infrastructure/concurrency/executor_percore.go:354:0 s=317
  1826: 0x5d0fd9 M=1 github.com/jzhang405/NexKV/internal/infrastructure/concurrency.(*PerCoreExecutor).SubmitWithPriority /home/jzh/ws/go/src/github.com/jzhang405/NexKV/internal/infrastructure/concurrency/executor_percore.go:329:0 s=317
  1827: 0x4a5f56 M=1 time.Since /home/jzh/go/src/time/time.go:1230:0 s=1227
  1828: 0x4540df M=1 runtime.casgstatus /home/jzh/go/src/runtime/proc.go:1278:0 s=1277
  1829: 0x420b77 M=1 runtime.mallocgcTiny /home/jzh/go/src/runtime/malloc.go:1324:0 s=1254
  1830: 0x45217f M=1 runtime.acquireSudog /home/jzh/go/src/runtime/proc.go:518:0 s=488
  1831: 0x452b93 M=1 runtime.forEachG /home/jzh/go/src/runtime/proc.go:734:0 s=731
  1832: 0x4a5f26 M=1 time.subMono /home/jzh/go/src/time/time.go:1215:0 s=1214
             time.Since /home/jzh/go/src/time/time.go:1230:0 s=1227
  1833: 0x422829 M=1 runtime.typePointers.next /home/jzh/go/src/runtime/mbitmap.go:250:0 s=243
  1834: 0x4db282 M=1 fmt.(*fmt).init /home/jzh/go/src/fmt/format.go:61:0 s=60
             fmt.newPrinter /home/jzh/go/src/fmt/print.go:156:0 s=151
  1835: 0x5d1793 M=1 github.com/jzhang405/NexKV/internal/infrastructure/concurrency.(*coreWorker).run /home/jzh/ws/go/src/github.com/jzhang405/NexKV/internal/infrastructure/concurrency/executor_percore.go:464:0 s=432
  1836: 0x5d05ca M=1 github.com/jzhang405/NexKV/internal/infrastructure/concurrency.taskQueue.Less /home/jzh/ws/go/src/github.com/jzhang405/NexKV/internal/infrastructure/concurrency/executor_percore.go:146:0 s=126
  1837: 0x48baf5 M=1 time.runtimeNano /home/jzh/go/src/runtime/time.go:35:0 s=33
  1838: 0x43465c M=1 runtime.scanObjectsSmall /home/jzh/go/src/runtime/mgcmark_greenteagc.go:1035:0 s=1015
  1839: 0x4540e0 M=1 runtime.casgstatus /home/jzh/go/src/runtime/proc.go:1278:0 s=1277
  1840: 0x4344f9 M=1 runtime.scanObjectsSmall /home/jzh/go/src/runtime/mgcmark_greenteagc.go:1028:0 s=1015
  1841: 0x4885fb M=1 internal/sync.runtime_canSpin /home/jzh/go/src/runtime/proc.go:7944:0 s=7938
  1842: 0x54c82b M=1 github.com/jzhang405/NexKV/pkg/errors.Wrapf /home/jzh/ws/go/src/github.com/jzhang405/NexKV/pkg/errors/errors.go:190:0 s=190
  1843: 0x4313f7 M=1 runtime.gcNextMarkRoot /home/jzh/go/src/runtime/mgcmark.go:1194:0 s=1191
  1844: 0x434de0 M=1 runtime.scanObject /home/jzh/go/src/runtime/mgcmark_greenteagc.go:1242:0 s=1187
  1845: 0x422839 M=1 runtime.typePointers.next /home/jzh/go/src/runtime/mbitmap.go:255:0 s=243
  1846: 0x42347a M=1 runtime.(*mspan).writeHeapBitsSmall /home/jzh/go/src/runtime/mbitmap.go:670:0 s=624
  1847: 0x4e14cf M=1 fmt.(*pp).doPrintf /home/jzh/go/src/fmt/print.go:1027:0 s=1020
  1848: 0x54c82e M=1 github.com/jzhang405/NexKV/pkg/errors.Wrapf /home/jzh/ws/go/src/github.com/jzhang405/NexKV/pkg/errors/errors.go:190:0 s=190
  1849: 0x41f34d M=1 runtime.procyield /home/jzh/go/src/runtime/stubs.go:282:0 s=278
             runtime.lock2 /home/jzh/go/src/runtime/lock_spinbit.go:216:0 s=155
  1850: 0x46dca0 M=1 runtime.slicebytetostring /home/jzh/go/src/runtime/string.go:139:0 s=139
  1851: 0x49426e M=1 sync.(*Pool).Put /home/jzh/go/src/sync/pool.go:121:0 s=99
  1852: 0x44b51d M=1 runtime.futexsleep /home/jzh/go/src/runtime/os_linux.go:74:0 s=66
  1853: 0x466331 M=1 runtime.goparkunlock /home/jzh/go/src/runtime/proc.go:468:0 s=467
             runtime.semacquire1 /home/jzh/go/src/runtime/sema.go:192:0 s=146
  1854: 0x4540d1 M=1 runtime.casgstatus /home/jzh/go/src/runtime/proc.go:1278:0 s=1277
  1855: 0x41f349 M=1 runtime.procyield /home/jzh/go/src/runtime/stubs.go:282:0 s=278
             runtime.lock2 /home/jzh/go/src/runtime/lock_spinbit.go:216:0 s=155
  1856: 0x43ccc0 M=1 runtime.(*mheap).alloc.func1 /home/jzh/go/src/runtime/mheap.go:1011:0 s=1011
  1857: 0x4211cf M=1 runtime.mallocgcSmallScanNoHeader /home/jzh/go/src/runtime/malloc.go:1587:0 s=1555
  1858: 0x422c97 M=1 runtime.bulkBarrierPreWrite /home/jzh/go/src/runtime/mbitmap.go:412:0 s=388
  1859: 0x466493 M=1 runtime.semrelease1 /home/jzh/go/src/runtime/sema.go:208:0 s=207
  1860: 0x493ba6 M=1 internal/sync.(*Mutex).lockSlow /home/jzh/go/src/internal/sync/mutex.go:112:0 s=95
  1861: 0x433d0d M=1 runtime.scanSpan /home/jzh/go/src/runtime/mgcmark_greenteagc.go:870:0 s=844
  1862: 0x5d1185 M=1 github.com/jzhang405/NexKV/internal/infrastructure/concurrency.(*PerCoreExecutor).SubmitWithPriority /home/jzh/ws/go/src/github.com/jzhang405/NexKV/internal/infrastructure/concurrency/executor_percore.go:353:0 s=317
  1863: 0x457ab6 M=1 runtime.findRunnable /home/jzh/go/src/runtime/proc.go:3464:0 s=3389
  1864: 0x431d40 M=1 runtime.scanblock /home/jzh/go/src/runtime/mgcmark.go:1510:0 s=1479
  1865: 0x41ec91 M=1 runtime.notesleep /home/jzh/go/src/runtime/lock_futex.go:48:0 s=35
  1866: 0x48fd80 M=1 runtime.memmove /home/jzh/go/src/runtime/memmove_amd64.s:182:0 s=35
  1867: 0x4d9b3e M=1 fmt.(*fmt).fmtInteger /home/jzh/go/src/fmt/format.go:229:0 s=197
  1868: 0x48583d M=1 runtime.convT64 /home/jzh/go/src/runtime/iface.go:402:0 s=400
  1869: 0x434dff M=1 runtime.scanObject /home/jzh/go/src/runtime/mgcmark_greenteagc.go:1254:0 s=1187
  1870: 0x4664b8 M=1 runtime.semrelease1 /home/jzh/go/src/runtime/sema.go:214:0 s=207
  1871: 0x43603e M=1 runtime.(*gcControllerState).releaseNextGCMarkWorker /home/jzh/go/src/runtime/mgcpacer.go:904:0 s=901
  1872: 0x45e9fb M=1 runtime.releasepNoTrace /home/jzh/go/src/runtime/proc.go:6347:0 s=6334
  1873: 0x460add M=1 runtime.globrunqgetbatch /home/jzh/go/src/runtime/proc.go:7303:0 s=7293
  1874: 0x487eae M=1 internal/runtime/atomic.(*Int32).CompareAndSwap /home/jzh/go/src/internal/runtime/atomic/types.go:37:0 s=36
             runtime.wakep /home/jzh/go/src/runtime/proc.go:3215:0 s=3212
  1875: 0x422be4 M=1 runtime.bulkBarrierPreWrite /home/jzh/go/src/runtime/mbitmap.go:388:0 s=388
  1876: 0x421205 M=1 runtime.heapSetTypeNoHeader /home/jzh/go/src/runtime/mbitmap.go:709:0 s=705
             runtime.mallocgcSmallScanNoHeader /home/jzh/go/src/runtime/malloc.go:1592:0 s=1555
  1877: 0x456db6 M=1 runtime.startm /home/jzh/go/src/runtime/proc.go:3124:0 s=3035
  1878: 0x454228 M=1 runtime.casgstatus /home/jzh/go/src/runtime/proc.go:1316:0 s=1277
  1879: 0x42126a M=1 runtime.mallocgcSmallScanNoHeader /home/jzh/go/src/runtime/malloc.go:1619:0 s=1555
  1880: 0x431b38 M=1 runtime.gcDrainN /home/jzh/go/src/runtime/mgcmark.go:1421:0 s=1392
  1881: 0x420ad7 M=1 runtime.getMCache /home/jzh/go/src/runtime/mcache.go:150:0 s=139
             runtime.mallocgcTiny /home/jzh/go/src/runtime/malloc.go:1299:0 s=1254
  1882: 0x42119f M=1 runtime.acquirem /home/jzh/go/src/runtime/runtime1.go:603:0 s=600
             runtime.mallocgcSmallScanNoHeader /home/jzh/go/src/runtime/malloc.go:1557:0 s=1555
  1883: 0x43d966 M=1 runtime.(*mheap).initSpan /home/jzh/go/src/runtime/mheap.go:1541:0 s=1439
  1884: 0x48fd62 M=1 runtime.memmove /home/jzh/go/src/runtime/memmove_amd64.s:165:0 s=35
  1885: 0x459893 M=1 runtime.schedule /home/jzh/go/src/runtime/proc.go:4202:0 s=4135
  1886: 0x44a049 M=1 runtime.wbBufFlush1 /home/jzh/go/src/runtime/mwbbuf.go:230:0 s=195
  1887: 0x466cc4 M=1 runtime.(*semaRoot).dequeue /home/jzh/go/src/runtime/sema.go:479:0 s=405
  1888: 0x4234c6 M=1 runtime.(*mspan).writeHeapBitsSmall /home/jzh/go/src/runtime/mbitmap.go:640:0 s=624
  1889: 0x436263 M=1 internal/runtime/atomic.(*Uint64).Add /home/jzh/go/src/internal/runtime/atomic/types.go:344:0 s=343
             runtime.(*gcControllerState).update /home/jzh/go/src/runtime/mgcpacer.go:957:0 s=954
  1890: 0x424484 M=1 runtime.(*mcache).refill /home/jzh/go/src/runtime/mcache.go:235:0 s=160
  1891: 0x4e1126 M=1 fmt.(*pp).doPrintf /home/jzh/go/src/fmt/print.go:1182:0 s=1020
  1892: 0x5d196a M=1 github.com/jzhang405/NexKV/internal/infrastructure/concurrency.(*coreWorker).executeTask /home/jzh/ws/go/src/github.com/jzhang405/NexKV/internal/infrastructure/concurrency/executor_percore.go:475:0 s=475
  1893: 0x54c86e M=1 github.com/jzhang405/NexKV/pkg/errors.Wrapf /home/jzh/ws/go/src/github.com/jzhang405/NexKV/pkg/errors/errors.go:195:0 s=190
  1894: 0x42120f M=1 runtime.mallocgcSmallScanNoHeader /home/jzh/go/src/runtime/malloc.go:1633:0 s=1555
  1895: 0x4d9035 M=1 fmt.(*buffer).write /home/jzh/go/src/fmt/print.go:104:0 s=103
             fmt.(*fmt).pad /home/jzh/go/src/fmt/format.go:95:0 s=93
  1896: 0x421cc7 M=1 runtime.newobject /home/jzh/go/src/runtime/malloc.go:2208:0 s=2208
  1897: 0x43471c M=1 runtime.scanObjectsSmall /home/jzh/go/src/runtime/mgcmark_greenteagc.go:1061:0 s=1015
  1898: 0x46dd2b M=1 runtime.slicebytetostring /home/jzh/go/src/runtime/string.go:140:0 s=139
  1899: 0x420b59 M=1 runtime.releasem /home/jzh/go/src/runtime/runtime1.go:610:0 s=607
             runtime.mallocgcTiny /home/jzh/go/src/runtime/malloc.go:1323:0 s=1254
  1900: 0x5d0f5a M=1 github.com/jzhang405/NexKV/internal/infrastructure/concurrency.(*PerCoreExecutor).SubmitWithPriority /home/jzh/ws/go/src/github.com/jzhang405/NexKV/internal/infrastructure/concurrency/executor_percore.go:317:0 s=317
  1901: 0x4211fd M=1 runtime.mallocgcSmallScanNoHeader /home/jzh/go/src/runtime/malloc.go:1585:0 s=1555
  1902: 0x493c2f M=1 internal/sync.(*Mutex).lockSlow /home/jzh/go/src/internal/sync/mutex.go:182:0 s=95
  1903: 0x494229 M=1 sync.(*Pool).Put /home/jzh/go/src/sync/pool.go:113:0 s=99
  1904: 0x41eb8a M=1 runtime.notewakeup /home/jzh/go/src/runtime/lock_futex.go:33:0 s=26
  1905: 0x421293 M=1 runtime.mallocgcSmallScanNoHeader /home/jzh/go/src/runtime/malloc.go:1602:0 s=1555
  1906: 0x431d65 M=1 runtime.scanblock /home/jzh/go/src/runtime/mgcmark.go:1493:0 s=1479
  1907: 0x422d19 M=1 runtime.bulkBarrierPreWrite /home/jzh/go/src/runtime/mbitmap.go:455:0 s=388
  1908: 0x44b5dd M=1 runtime.futexwakeup /home/jzh/go/src/runtime/os_linux.go:86:0 s=85
  1909: 0x4235dd M=1 runtime.(*mspan).nextFreeIndex /home/jzh/go/src/runtime/mbitmap.go:1156:0 s=1113
  1910: 0x44b57e M=1 runtime.futexsleep /home/jzh/go/src/runtime/os_linux.go:79:0 s=66
  1911: 0x41edb2 M=1 runtime.notetsleep_internal /home/jzh/go/src/runtime/lock_futex.go:89:0 s=60
  1912: 0x41eee8 M=1 runtime.notetsleep /home/jzh/go/src/runtime/lock_futex.go:112:0 s=106
  1913: 0x4558a4 M=1 runtime.forEachPInternal /home/jzh/go/src/runtime/proc.go:2199:0 s=2140
  1914: 0x42bb5e M=1 runtime.gcMarkDone.forEachP.func5 /home/jzh/go/src/runtime/proc.go:2126:0 s=2112
  1915: 0x42b713 M=1 runtime.forEachP /home/jzh/go/src/runtime/proc.go:2112:0 s=2111
             runtime.gcMarkDone /home/jzh/go/src/runtime/mgc.go:1042:0 s=1015
  1916: 0x42d567 M=1 runtime.gcBgMarkWorker /home/jzh/go/src/runtime/mgc.go:1912:0 s=1750
  1917: 0x424938 M=1 runtime.(*mcache).prepareForSweep /home/jzh/go/src/runtime/mcache.go:359:0 s=350
  1918: 0x4e111b M=1 fmt.(*pp).doPrintf /home/jzh/go/src/fmt/print.go:1029:0 s=1020
  1919: 0x42347d M=1 runtime.(*mspan).writeHeapBitsSmall /home/jzh/go/src/runtime/mbitmap.go:670:0 s=624
  1920: 0x460f2c M=1 runtime.runqput /home/jzh/go/src/runtime/proc.go:7508:0 s=7478
  1921: 0x4664a2 M=1 runtime.(*semTable).rootFor /home/jzh/go/src/runtime/sema.go:57:0 s=56
             runtime.semrelease1 /home/jzh/go/src/runtime/sema.go:208:0 s=207
  1922: 0x420b99 M=1 runtime.nextFreeFast /home/jzh/go/src/runtime/malloc.go:1024:0 s=1021
             runtime.mallocgcTiny /home/jzh/go/src/runtime/malloc.go:1329:0 s=1254
  1923: 0x43dff2 M=1 runtime.(*mheap).freeSpanLocked /home/jzh/go/src/runtime/mheap.go:1764:0 s=1730
  1924: 0x487eba M=1 runtime.wakep /home/jzh/go/src/runtime/proc.go:3216:0 s=3212
  1925: 0x4939e6 M=1 internal/sync.(*Mutex).lockSlow /home/jzh/go/src/internal/sync/mutex.go:140:0 s=95
  1926: 0x42492a M=1 runtime.(*mcache).prepareForSweep /home/jzh/go/src/runtime/mcache.go:350:0 s=350
  1927: 0x485869 M=1 runtime.convT64 /home/jzh/go/src/runtime/iface.go:407:0 s=400
  1928: 0x48d8de M=1 runtime.systemstack /home/jzh/go/src/runtime/asm_amd64.s:569:0 s=520
  1929: 0x42348c M=1 runtime.(*mspan).writeHeapBitsSmall /home/jzh/go/src/runtime/mbitmap.go:683:0 s=624
  1930: 0x434e91 M=1 runtime.scanObject /home/jzh/go/src/runtime/mgcmark_greenteagc.go:1258:0 s=1187
  1931: 0x43b673 M=1 runtime.(*gcWork).dispose /home/jzh/go/src/runtime/mgcwork.go:308:0 s=305
  1932: 0x483549 M=1 runtime.gcMarkDone.func1 /home/jzh/go/src/runtime/mgc.go:1052:0 s=1042
  1933: 0x455a03 M=1 runtime.runSafePointFn /home/jzh/go/src/runtime/proc.go:2240:0 s=2232
  1934: 0x43d8b2 M=1 runtime.(*mheap).initSpan /home/jzh/go/src/runtime/mheap.go:1514:0 s=1439
  1935: 0x422d6e M=1 runtime.(*wbBuf).get2 /home/jzh/go/src/runtime/mwbbuf.go:143:0 s=142
             runtime.bulkBarrierPreWrite /home/jzh/go/src/runtime/mbitmap.go:453:0 s=388
  1936: 0x4862a4 M=1 runtime.findObject /home/jzh/go/src/runtime/mbitmap.go:1378:0 s=1361
  1937: 0x49453d M=1 sync.(*Pool).pin /home/jzh/go/src/sync/pool.go:218:0 s=202
  1938: 0x45752d M=1 runtime.lockWithRank /home/jzh/go/src/runtime/lockrank_off.go:24:0 s=23
             runtime.lock /home/jzh/go/src/runtime/lock_spinbit.go:152:0 s=151
             runtime.gcstopm /home/jzh/go/src/runtime/proc.go:3311:0 s=3296
  1939: 0x4440dd M=1 runtime.(*pallocBits).summarize /home/jzh/go/src/runtime/mpallocbits.go:198:0 s=132
  1940: 0x486260 M=1 runtime.spanOf /home/jzh/go/src/runtime/mheap.go:705:0 s=696
             runtime.findObject /home/jzh/go/src/runtime/mbitmap.go:1362:0 s=1361
  1941: 0x434636 M=1 runtime.scanObjectsSmall /home/jzh/go/src/runtime/mgcmark_greenteagc.go:1034:0 s=1015
  1942: 0x44a0ac M=1 runtime.wbBufFlush1 /home/jzh/go/src/runtime/mwbbuf.go:230:0 s=195
  1943: 0x4de642 M=1 fmt.(*pp).printArg /home/jzh/go/src/fmt/print.go:708:0 s=682
  1944: 0x432c9b M=1 runtime.(*spanInlineMarkBits).tryAcquire /home/jzh/go/src/runtime/mgcmark_greenteagc.go:151:0 s=146
  1945: 0x432efd M=1 runtime.tryDeferToSpanScan /home/jzh/go/src/runtime/mgcmark_greenteagc.go:299:0 s=264
  1946: 0x48baee M=1 time.runtimeNano /home/jzh/go/src/runtime/time.go:34:0 s=33
  1947: 0x4e12c5 M=1 fmt.(*pp).doPrintf /home/jzh/go/src/fmt/print.go:1182:0 s=1020
  1948: 0x422d49 M=1 runtime.bulkBarrierPreWrite /home/jzh/go/src/runtime/mbitmap.go:452:0 s=388
  1949: 0x435c81 M=1 internal/runtime/atomic.(*Int64).CompareAndSwap /home/jzh/go/src/internal/runtime/atomic/types.go:90:0 s=89
             runtime.(*gcControllerState).assignWaitingGCWorker.func1 /home/jzh/go/src/runtime/mgcpacer.go:816:0 s=809
             runtime.(*gcControllerState).assignWaitingGCWorker /home/jzh/go/src/runtime/mgcpacer.go:822:0 s=764
  1950: 0x5d11c3 M=1 github.com/jzhang405/NexKV/internal/infrastructure/concurrency.(*PerCoreExecutor).SubmitWithPriority /home/jzh/ws/go/src/github.com/jzhang405/NexKV/internal/infrastructure/concurrency/executor_percore.go:343:0 s=317
  1951: 0x43464d M=1 runtime.scanObjectsSmall /home/jzh/go/src/runtime/mgcmark_greenteagc.go:1040:0 s=1015
  1952: 0x41f1c1 M=1 runtime.lock2 /home/jzh/go/src/runtime/lock_spinbit.go:156:0 s=155
  1953: 0x45997b M=1 runtime.schedule /home/jzh/go/src/runtime/proc.go:4223:0 s=4135
  1954: 0x45eb00 M=1 runtime.incidlelocked /home/jzh/go/src/runtime/proc.go:6355:0 s=6355
  1955: 0x5d1a52 M=1 github.com/jzhang405/NexKV/internal/infrastructure/concurrency.(*coreWorker).executeTask.func1 /home/jzh/ws/go/src/github.com/jzhang405/NexKV/internal/infrastructure/concurrency/executor_percore.go:483:0 s=476
  1956: 0x5d105a M=1 github.com/jzhang405/NexKV/internal/infrastructure/concurrency.(*PerCoreExecutor).SubmitWithPriority /home/jzh/ws/go/src/github.com/jzhang405/NexKV/internal/infrastructure/concurrency/executor_percore.go:337:0 s=317
  1957: 0x42ac63 M=1 runtime.gcTrigger.test /home/jzh/go/src/runtime/mgc.go:713:0 s=706
  1958: 0x420d1e M=1 runtime.mallocgcTiny /home/jzh/go/src/runtime/malloc.go:1387:0 s=1254
  1959: 0x4db804 M=1 fmt.Sprintf /home/jzh/go/src/fmt/print.go:239:0 s=237
  1960: 0x420cff M=1 runtime.releasem /home/jzh/go/src/runtime/runtime1.go:610:0 s=607
             runtime.mallocgcTiny /home/jzh/go/src/runtime/malloc.go:1384:0 s=1254
  1961: 0x46649f M=1 internal/runtime/atomic.(*Uint32).Load /home/jzh/go/src/internal/runtime/atomic/types.go:194:0 s=193
             runtime.semrelease1 /home/jzh/go/src/runtime/sema.go:214:0 s=207
  1962: 0x421100 M=1 runtime.mallocgcSmallScanNoHeader /home/jzh/go/src/runtime/malloc.go:1578:0 s=1555
  1963: 0x434060 M=1 runtime.pageIndexOf /home/jzh/go/src/runtime/mheap.go:759:0 s=757
             runtime.spanSetScans /home/jzh/go/src/runtime/mgcmark_greenteagc.go:937:0 s=936
  1964: 0x433d8e M=1 runtime.scanSpan /home/jzh/go/src/runtime/mgcmark_greenteagc.go:883:0 s=844
  1965: 0x48626d M=1 runtime.spanOf /home/jzh/go/src/runtime/mheap.go:714:0 s=696
             runtime.findObject /home/jzh/go/src/runtime/mbitmap.go:1362:0 s=1361
  1966: 0x45e6dd M=1 runtime.acquirepNoTrace /home/jzh/go/src/runtime/proc.go:6283:0 s=6274
  1967: 0x458a40 M=1 runtime.runqget /home/jzh/go/src/runtime/proc.go:7610:0 s=7598
             runtime.findRunnable /home/jzh/go/src/runtime/proc.go:3469:0 s=3389
  1968: 0x4db83a M=1 fmt.Sprintf /home/jzh/go/src/fmt/print.go:242:0 s=237
  1969: 0x48634d M=1 runtime.findObject /home/jzh/go/src/runtime/mbitmap.go:1372:0 s=1361
  1970: 0x4d9afd M=1 fmt.(*fmt).fmtInteger /home/jzh/go/src/fmt/format.go:211:0 s=197
  1971: 0x43b560 M=1 runtime.(*gcWork).tryGetObj /home/jzh/go/src/runtime/mgcwork.go:258:0 s=258
  1972: 0x42121e M=1 runtime.mallocgcSmallScanNoHeader /home/jzh/go/src/runtime/malloc.go:1587:0 s=1555
  1973: 0x420ca0 M=1 runtime.mallocgcTiny /home/jzh/go/src/runtime/malloc.go:1379:0 s=1254
  1974: 0x422d12 M=1 runtime.bulkBarrierPreWrite /home/jzh/go/src/runtime/mbitmap.go:454:0 s=388
  1975: 0x4212cd M=1 runtime.mallocgcSmallScanNoHeader /home/jzh/go/src/runtime/malloc.go:1631:0 s=1555
  1976: 0x4de612 M=1 fmt.(*pp).printArg /home/jzh/go/src/fmt/print.go:686:0 s=682
  1977: 0x4662dc M=1 runtime.cansemacquire /home/jzh/go/src/runtime/sema.go:297:0 s=291
             runtime.semacquire1 /home/jzh/go/src/runtime/sema.go:184:0 s=146
  1978: 0x434519 M=1 runtime.scanObjectsSmall /home/jzh/go/src/runtime/mgcmark_greenteagc.go:1029:0 s=1015
  1979: 0x486357 M=1 runtime.findObject /home/jzh/go/src/runtime/mbitmap.go:1372:0 s=1361
  1980: 0x4a4c8a M=1 time.Time.Before /home/jzh/go/src/time/time.go:281:0 s=281
  1981: 0x493a03 M=1 internal/sync.(*Mutex).lockSlow /home/jzh/go/src/internal/sync/mutex.go:104:0 s=95
  1982: 0x4db252 M=1 fmt.newPrinter /home/jzh/go/src/fmt/print.go:152:0 s=151
  1983: 0x4d90c5 M=1 fmt.(*buffer).write /home/jzh/go/src/fmt/print.go:104:0 s=103
             fmt.(*fmt).pad /home/jzh/go/src/fmt/format.go:95:0 s=93
  1984: 0x48d7ec M=1 runtime.gogo /home/jzh/go/src/runtime/asm_amd64.s:439:0 s=435
  1985: 0x43d8c0 M=1 runtime.(*mheap).initSpan /home/jzh/go/src/runtime/mheap.go:1524:0 s=1439
  1986: 0x421219 M=1 runtime.mallocgcSmallScanNoHeader /home/jzh/go/src/runtime/malloc.go:1590:0 s=1555
  1987: 0x421337 M=1 runtime.mallocgcSmallScanNoHeader /home/jzh/go/src/runtime/malloc.go:1583:0 s=1555
  1988: 0x422cfd M=1 runtime.(*wbBuf).get2 /home/jzh/go/src/runtime/mwbbuf.go:146:0 s=142
             runtime.bulkBarrierPreWrite /home/jzh/go/src/runtime/mbitmap.go:453:0 s=388
  1989: 0x5d05c9 M=1 github.com/jzhang405/NexKV/internal/infrastructure/concurrency.taskQueue.Less /home/jzh/ws/go/src/github.com/jzhang405/NexKV/internal/infrastructure/concurrency/executor_percore.go:146:0 s=126
  1990: 0x5d17e9 M=1 github.com/jzhang405/NexKV/internal/infrastructure/concurrency.(*coreWorker).run /home/jzh/ws/go/src/github.com/jzhang405/NexKV/internal/infrastructure/concurrency/executor_percore.go:465:0 s=432
  1991: 0x420c08 M=1 runtime.mallocgcTiny /home/jzh/go/src/runtime/malloc.go:1330:0 s=1254
  1992: 0x486292 M=1 runtime.findObject /home/jzh/go/src/runtime/mbitmap.go:1362:0 s=1361
  1993: 0x434dd2 M=1 runtime.typePointers.nextFast /home/jzh/go/src/runtime/mbitmap.go:232:0 s=212
             runtime.scanObject /home/jzh/go/src/runtime/mgcmark_greenteagc.go:1241:0 s=1187
  1994: 0x494356 M=1 sync.(*Pool).Get /home/jzh/go/src/sync/pool.go:157:0 s=131
  1995: 0x48fc76 M=1 runtime.memmove /home/jzh/go/src/runtime/memmove_amd64.s:63:0 s=35
  1996: 0x5dd07d M=1 github.com/jzhang405/NexKV/internal/infrastructure/concurrency.simulateTransportTask /home/jzh/ws/go/src/github.com/jzhang405/NexKV/internal/infrastructure/concurrency/executor_comparison_benchmark_test.go:24:0 s=22
  1997: 0x4db848 M=1 fmt.Sprintf /home/jzh/go/src/fmt/print.go:242:0 s=237
  1998: 0x432dde M=1 runtime.heapArenaOf /home/jzh/go/src/runtime/mheap.go:779:0 s=766
             runtime.tryDeferToSpanScan /home/jzh/go/src/runtime/mgcmark_greenteagc.go:270:0 s=264
  1999: 0x434e39 M=1 runtime.scanObject /home/jzh/go/src/runtime/mgcmark_greenteagc.go:1268:0 s=1187
  2000: 0x49452e M=1 sync.indexLocal /home/jzh/go/src/sync/pool.go:301:0 s=300
             sync.(*Pool).pin /home/jzh/go/src/sync/pool.go:218:0 s=202
  2001: 0x457b56 M=1 runtime.findRunnable /home/jzh/go/src/runtime/proc.go:3474:0 s=3389
  2002: 0x456b30 M=1 runtime.stopm /home/jzh/go/src/runtime/proc.go:3009:0 s=2992
  2003: 0x42f3dd M=1 runtime.markroot /home/jzh/go/src/runtime/mgcmark.go:280:0 s=221
  2004: 0x422be0 M=1 runtime.bulkBarrierPreWrite /home/jzh/go/src/runtime/mbitmap.go:388:0 s=388
  2005: 0x5dd0a5 M=1 github.com/jzhang405/NexKV/internal/infrastructure/concurrency.simulateTransportTask /home/jzh/ws/go/src/github.com/jzhang405/NexKV/internal/infrastructure/concurrency/executor_comparison_benchmark_test.go:25:0 s=22
  2006: 0x42117c M=1 runtime.nextFreeFast /home/jzh/go/src/runtime/malloc.go:1032:0 s=1021
             runtime.mallocgcSmallScanNoHeader /home/jzh/go/src/runtime/malloc.go:1579:0 s=1555
  2007: 0x4571aa M=1 runtime.stoplockedm /home/jzh/go/src/runtime/proc.go:3250:0 s=3250
  2008: 0x4212d5 M=1 runtime.mallocgcSmallScanNoHeader /home/jzh/go/src/runtime/malloc.go:1631:0 s=1555
  2009: 0x420d34 M=1 runtime.mallocgcTiny /home/jzh/go/src/runtime/malloc.go:1407:0 s=1254
  2010: 0x42289c M=1 runtime.typePointers.next /home/jzh/go/src/runtime/mbitmap.go:268:0 s=243
  2011: 0x5d1f39 M=1 github.com/jzhang405/NexKV/internal/infrastructure/concurrency.heapDown /home/jzh/ws/go/src/github.com/jzhang405/NexKV/internal/infrastructure/concurrency/executor_percore.go:541:0 s=527
  2012: 0x489af2 M=1 runtime.nanotime /home/jzh/go/src/runtime/time_nofake.go:33:0 s=32
             internal/sync.runtime_nanotime /home/jzh/go/src/runtime/sema.go:734:0 s=733
  2013: 0x493af6 M=1 internal/sync.(*Mutex).lockSlow /home/jzh/go/src/internal/sync/mutex.go:147:0 s=95
  2014: 0x439e66 M=1 runtime.(*sweepLocked).sweep /home/jzh/go/src/runtime/mgcsweep.go:667:0 s=505
  2015: 0x420ca4 M=1 runtime.mallocgcTiny /home/jzh/go/src/runtime/malloc.go:1379:0 s=1254
  2016: 0x42aba0 M=1 runtime.gcTrigger.test /home/jzh/go/src/runtime/mgc.go:706:0 s=706
  2017: 0x460e44 M=1 runtime.pidleget /home/jzh/go/src/runtime/proc.go:7415:0 s=7402
  2018: 0x48fd97 M=1 runtime.memmove /home/jzh/go/src/runtime/memmove_amd64.s:194:0 s=35
  2019: 0x43d89a M=1 runtime.(*mheap).initSpan /home/jzh/go/src/runtime/mheap.go:1497:0 s=1439
  2020: 0x5d1f43 M=1 github.com/jzhang405/NexKV/internal/infrastructure/concurrency.heapDown /home/jzh/ws/go/src/github.com/jzhang405/NexKV/internal/infrastructure/concurrency/executor_percore.go:541:0 s=527
  2021: 0x4db7c0 M=1 fmt.Sprintf /home/jzh/go/src/fmt/print.go:237:0 s=237
  2022: 0x44a098 M=1 runtime.wbBufFlush1 /home/jzh/go/src/runtime/mwbbuf.go:230:0 s=195
  2023: 0x422845 M=1 runtime.typePointers.next /home/jzh/go/src/runtime/mbitmap.go:256:0 s=243
  2024: 0x4de5d7 M=1 fmt.(*pp).printArg /home/jzh/go/src/fmt/print.go:683:0 s=682
  2025: 0x4210cc M=1 runtime.mallocgcSmallScanNoHeader /home/jzh/go/src/runtime/malloc.go:1576:0 s=1555
  2026: 0x5d2017 M=1 github.com/jzhang405/NexKV/internal/infrastructure/concurrency.heapDown /home/jzh/ws/go/src/github.com/jzhang405/NexKV/internal/infrastructure/concurrency/executor_percore.go:541:0 s=527
  2027: 0x4db2b2 M=1 fmt.newPrinter /home/jzh/go/src/fmt/print.go:157:0 s=151
  2028: 0x420c3e M=1 runtime.mallocgcTiny /home/jzh/go/src/runtime/malloc.go:1333:0 s=1254
  2029: 0x4524ed M=1 runtime.releaseSudog /home/jzh/go/src/runtime/proc.go:571:0 s=526
  2030: 0x4663d8 M=1 runtime.semacquire1 /home/jzh/go/src/runtime/sema.go:200:0 s=146
  2031: 0x488670 M=1 runtime.procyield /home/jzh/go/src/runtime/stubs.go:282:0 s=278
             internal/sync.runtime_doSpin /home/jzh/go/src/runtime/proc.go:7956:0 s=7955
  2032: 0x423474 M=1 runtime.(*mspan).writeHeapBitsSmall /home/jzh/go/src/runtime/mbitmap.go:670:0 s=624
  2033: 0x435fd7 M=1 runtime.(*gcControllerState).releaseNextGCMarkWorker /home/jzh/go/src/runtime/mgcpacer.go:903:0 s=901
  2034: 0x48582e M=1 runtime.convT64 /home/jzh/go/src/runtime/iface.go:401:0 s=400
  2035: 0x4210e9 M=1 runtime.mallocgcSmallScanNoHeader /home/jzh/go/src/runtime/malloc.go:1577:0 s=1555
  2036: 0x4243bd M=1 runtime.(*mcache).refill /home/jzh/go/src/runtime/mcache.go:187:0 s=160
  2037: 0x449ce6 M=1 internal/runtime/atomic.(*Uint32).Add /home/jzh/go/src/internal/runtime/atomic/types.go:291:0 s=290
             runtime.(*consistentHeapStats).release /home/jzh/go/src/runtime/mstats.go:807:0 s=805
  2038: 0x4243e8 M=1 runtime.(*mcache).refill /home/jzh/go/src/runtime/mcache.go:194:0 s=160
  2039: 0x46dcab M=1 runtime.slicebytetostring /home/jzh/go/src/runtime/string.go:139:0 s=139
  2040: 0x4662eb M=1 runtime.semacquire1 /home/jzh/go/src/runtime/sema.go:184:0 s=146
  2041: 0x420b53 M=1 runtime.releasem /home/jzh/go/src/runtime/runtime1.go:609:0 s=607
             runtime.mallocgcTiny /home/jzh/go/src/runtime/malloc.go:1323:0 s=1254
  2042: 0x4e127b M=1 fmt.(*pp).doPrintf /home/jzh/go/src/fmt/print.go:1029:0 s=1020
  2043: 0x48627a M=1 runtime.spanOf /home/jzh/go/src/runtime/mheap.go:719:0 s=696
             runtime.findObject /home/jzh/go/src/runtime/mbitmap.go:1362:0 s=1361
  2044: 0x48bb48 M=1 time.runtimeIsBubbled /home/jzh/go/src/runtime/time.go:43:0 s=42
  2045: 0x420aae M=1 runtime.mallocgcTiny /home/jzh/go/src/runtime/malloc.go:1254:0 s=1254
  2046: 0x422791 M=1 runtime.getGCMask /home/jzh/go/src/runtime/type.go:88:0 s=87
             runtime.(*mspan).typePointersOfType /home/jzh/go/src/runtime/mbitmap.go:188:0 s=179
  2047: 0x422cd9 M=1 runtime.bulkBarrierPreWrite /home/jzh/go/src/runtime/mbitmap.go:431:0 s=388
  2048: 0x4210e0 M=1 runtime.mallocgcSmallScanNoHeader /home/jzh/go/src/runtime/malloc.go:1576:0 s=1555
  2049: 0x49426f M=1 sync.(*Pool).Put /home/jzh/go/src/sync/pool.go:121:0 s=99
  2050: 0x4434c0 M=1 runtime.(*pageCache).alloc /home/jzh/go/src/runtime/mpagecache.go:37:0 s=37
  2051: 0x43d164 M=1 runtime.(*mheap).allocSpan /home/jzh/go/src/runtime/mheap.go:1250:0 s=1224
  2052: 0x434659 M=1 runtime.scanObjectsSmall /home/jzh/go/src/runtime/mgcmark_greenteagc.go:1043:0 s=1015
  2053: 0x434e5c M=1 runtime.scanObject /home/jzh/go/src/runtime/mgcmark_greenteagc.go:1269:0 s=1187
  2054: 0x4db7cb M=1 fmt.Sprintf /home/jzh/go/src/fmt/print.go:237:0 s=237
  2055: 0x43e084 M=1 runtime.(*mheap).freeSpanLocked /home/jzh/go/src/runtime/mheap.go:1778:0 s=1730
  2056: 0x43fe58 M=1 runtime.(*gcBitsArena).tryAlloc /home/jzh/go/src/runtime/mheap.go:2909:0 s=2904
             runtime.newMarkBits /home/jzh/go/src/runtime/mheap.go:2926:0 s=2920
  2057: 0x43d864 M=1 runtime.(*mheap).initSpan /home/jzh/go/src/runtime/mheap.go:1493:0 s=1439
  2058: 0x456e9e M=1 runtime.runqempty /home/jzh/go/src/runtime/proc.go:7455:0 s=7447
             runtime.handoffp /home/jzh/go/src/runtime/proc.go:3136:0 s=3131
  2059: 0x42f379 M=1 runtime.markroot /home/jzh/go/src/runtime/mgcmark.go:264:0 s=221
  2060: 0x41f7d5 M=1 runtime.cheaprand /home/jzh/go/src/runtime/rand.go:228:0 s=227
             runtime.cheaprandn /home/jzh/go/src/runtime/rand.go:293:0 s=291
             runtime.unlock2Wake /home/jzh/go/src/runtime/lock_spinbit.go:350:0 s=345
  2061: 0x452b8b M=1 runtime.forEachG /home/jzh/go/src/runtime/proc.go:734:0 s=731
  2062: 0x442498 M=1 runtime.(*pageAlloc).free /home/jzh/go/src/runtime/mpagealloc.go:977:0 s=940
  2063: 0x4db844 M=1 fmt.Sprintf /home/jzh/go/src/fmt/print.go:242:0 s=237
  2064: 0x44a08e M=1 runtime.wbBufFlush1 /home/jzh/go/src/runtime/mwbbuf.go:243:0 s=195
  2065: 0x44a053 M=1 runtime.wbBufFlush1 /home/jzh/go/src/runtime/mwbbuf.go:230:0 s=195
  2066: 0x41f52e M=1 runtime.nanotime /home/jzh/go/src/runtime/time_nofake.go:33:0 s=32
             runtime.(*mLockProfile).end /home/jzh/go/src/runtime/mprof.go:669:0 s=667
             runtime.lock2 /home/jzh/go/src/runtime/lock_spinbit.go:201:0 s=155
  2067: 0x421363 M=1 runtime.mallocgcSmallScanNoHeader /home/jzh/go/src/runtime/malloc.go:1643:0 s=1555
  2068: 0x4347f8 M=1 runtime.extractHeapBitsSmall /home/jzh/go/src/runtime/mgcmark_greenteagc.go:1087:0 s=1063
  2069: 0x42f3a9 M=1 runtime.markroot /home/jzh/go/src/runtime/mgcmark.go:274:0 s=221
  2070: 0x432a4f M=1 runtime.pageIndexOf /home/jzh/go/src/runtime/mheap.go:760:0 s=757
             runtime.gcmarknewobject /home/jzh/go/src/runtime/mgcmark.go:1766:0 s=1748
  2071: 0x49431e M=1 sync.(*Pool).Get /home/jzh/go/src/sync/pool.go:147:0 s=131
  2072: 0x493a5e M=1 internal/sync.(*Mutex).lockSlow /home/jzh/go/src/internal/sync/mutex.go:123:0 s=95
  2073: 0x485c48 M=1 runtime.mallocgc /home/jzh/go/src/runtime/malloc.go:1251:0 s=1119
  2074: 0x45eb4b M=1 runtime.incidlelocked /home/jzh/go/src/runtime/proc.go:6362:0 s=6355
  2075: 0x41ecbb M=1 runtime.notesleep /home/jzh/go/src/runtime/lock_futex.go:53:0 s=35
  2076: 0x43b8b4 M=1 runtime.(*gcWork).empty /home/jzh/go/src/runtime/mgcwork.go:384:0 s=383
  2077: 0x4d9d35 M=1 fmt.(*fmt).fmtInteger /home/jzh/go/src/fmt/format.go:307:0 s=197
  2078: 0x420c52 M=1 runtime.mallocgcTiny /home/jzh/go/src/runtime/malloc.go:1338:0 s=1254
  2079: 0x456e80 M=1 runtime.handoffp /home/jzh/go/src/runtime/proc.go:3131:0 s=3131
  2080: 0x5d0eea M=1 github.com/jzhang405/NexKV/internal/infrastructure/concurrency.(*PerCoreExecutor).Submit /home/jzh/ws/go/src/github.com/jzhang405/NexKV/internal/infrastructure/concurrency/executor_percore.go:312:0 s=312
  2081: 0x420be5 M=1 runtime.nextFreeFast /home/jzh/go/src/runtime/malloc.go:1032:0 s=1021
             runtime.mallocgcTiny /home/jzh/go/src/runtime/malloc.go:1329:0 s=1254
  2082: 0x41d247 M=1 runtime.(*timeHistogram).record /home/jzh/go/src/runtime/histogram.go:124:0 s=105
  2083: 0x422820 M=1 runtime.typePointers.next /home/jzh/go/src/runtime/mbitmap.go:245:0 s=243
  2084: 0x493d0d M=1 internal/sync.(*Mutex).unlockSlow /home/jzh/go/src/internal/sync/mutex.go:215:0 s=202
  2085: 0x490ff2 M=1 runtime.futex /home/jzh/go/src/runtime/sys_linux_amd64.s:566:0 s=561
  2086: 0x434e0d M=1 runtime.scanObject /home/jzh/go/src/runtime/mgcmark_greenteagc.go:1258:0 s=1187
  2087: 0x483537 M=1 runtime.gcMarkDone.func1 /home/jzh/go/src/runtime/mgc.go:1045:0 s=1042
  2088: 0x4233d5 M=1 runtime.(*mspan).writeHeapBitsSmall /home/jzh/go/src/runtime/mbitmap.go:658:0 s=624
  2089: 0x4233e1 M=1 runtime.(*mspan).writeHeapBitsSmall /home/jzh/go/src/runtime/mbitmap.go:659:0 s=624
  2090: 0x488621 M=1 runtime.runqempty /home/jzh/go/src/runtime/proc.go:7454:0 s=7447
             internal/sync.runtime_canSpin /home/jzh/go/src/runtime/proc.go:7947:0 s=7938
  2091: 0x4662cd M=1 runtime.cansemacquire /home/jzh/go/src/runtime/sema.go:294:0 s=291
             runtime.semacquire1 /home/jzh/go/src/runtime/sema.go:184:0 s=146
  2092: 0x459833 M=1 runtime.schedule /home/jzh/go/src/runtime/proc.go:4172:0 s=4135
  2093: 0x485b3b M=1 runtime.mallocgc /home/jzh/go/src/runtime/malloc.go:1127:0 s=1119
  2094: 0x41f250 M=1 runtime.lock2 /home/jzh/go/src/runtime/lock_spinbit.go:194:0 s=155
  2095: 0x42285f M=1 runtime.getGCMask /home/jzh/go/src/runtime/type.go:88:0 s=87
             runtime.typePointers.next /home/jzh/go/src/runtime/mbitmap.go:268:0 s=243
  2096: 0x4db81f M=1 fmt.Sprintf /home/jzh/go/src/fmt/print.go:240:0 s=237
  2097: 0x424bf5 M=1 runtime.(*activeSweep).begin /home/jzh/go/src/runtime/mgcsweep.go:151:0 s=148
             runtime.(*mcentral).cacheSpan /home/jzh/go/src/runtime/mcentral.go:118:0 s=82
  2098: 0x494355 M=1 sync.(*Pool).Get /home/jzh/go/src/sync/pool.go:157:0 s=131
  2099: 0x41e84b M=1 runtime.lfstackPack /home/jzh/go/src/runtime/lfstack.go:79:0 s=78
             runtime.(*lfstack).push /home/jzh/go/src/runtime/lfstack.go:26:0 s=24
  2100: 0x4557e3 M=1 runtime.forEachPInternal /home/jzh/go/src/runtime/proc.go:2176:0 s=2140
  2101: 0x43d97b M=1 internal/runtime/atomic.(*Uintptr).Add /home/jzh/go/src/internal/runtime/atomic/types.go:420:0 s=419
             runtime.(*mheap).initSpan /home/jzh/go/src/runtime/mheap.go:1541:0 s=1439
  2102: 0x48bb4b M=1 time.runtimeIsBubbled /home/jzh/go/src/runtime/time.go:43:0 s=42
  2103: 0x4394c5 M=1 runtime.bgsweep /home/jzh/go/src/runtime/mgcsweep.go:301:0 s=272
  2104: 0x5d1a64 M=1 github.com/jzhang405/NexKV/internal/infrastructure/concurrency.(*coreWorker).executeTask.func1 /home/jzh/ws/go/src/github.com/jzhang405/NexKV/internal/infrastructure/concurrency/executor_percore.go:484:0 s=476
  2105: 0x448e4c M=1 internal/runtime/atomic.(*Uint32).Add /home/jzh/go/src/internal/runtime/atomic/types.go:291:0 s=290
             runtime.(*spanSet).pop /home/jzh/go/src/runtime/mspanset.go:235:0 s=150
  2106: 0x4211e5 M=1 runtime.mallocgcSmallScanNoHeader /home/jzh/go/src/runtime/malloc.go:1583:0 s=1555
  2107: 0x48d901 M=1 runtime.systemstack /home/jzh/go/src/runtime/asm_amd64.s:580:0 s=520
  2108: 0x42291b M=1 runtime.typePointers.next /home/jzh/go/src/runtime/mbitmap.go:264:0 s=243
  2109: 0x4942aa M=1 sync.(*Pool).Get /home/jzh/go/src/sync/pool.go:131:0 s=131
  2110: 0x4212d2 M=1 runtime.mallocgcSmallScanNoHeader /home/jzh/go/src/runtime/malloc.go:1631:0 s=1555
  2111: 0x4703c1 M=1 runtime.step /home/jzh/go/src/runtime/symtab.go:1285:0 s=1285
  2112: 0x4702e8 M=1 runtime.pcdatavalue1 /home/jzh/go/src/runtime/symtab.go:1252:0 s=1248
  2113: 0x470598 M=1 runtime.(*inlineUnwinder).resolveInternal /home/jzh/go/src/runtime/symtabinl.go:82:0 s=77
             runtime.(*inlineUnwinder).next /home/jzh/go/src/runtime/symtabinl.go:97:0 s=91
  2114: 0x475fb6 M=1 runtime.tracebackPCs /home/jzh/go/src/runtime/traceback.go:629:0 s=621
  2115: 0x477e5a M=1 runtime.callers.func1 /home/jzh/go/src/runtime/traceback.go:1101:0 s=1098
  2116: 0x48c8f3 M=1 runtime.callers /home/jzh/go/src/runtime/traceback.go:1098:0 s=1093
  2117: 0x444d30 M=1 runtime.mProf_Malloc /home/jzh/go/src/runtime/mprof.go:447:0 s=437
  2118: 0x421d9a M=1 runtime.profilealloc /home/jzh/go/src/runtime/malloc.go:2297:0 s=2290
  2119: 0x4212fb M=1 runtime.mallocgcSmallScanNoHeader /home/jzh/go/src/runtime/malloc.go:1633:0 s=1555
  2120: 0x41f6a9 M=1 runtime.(*mLockProfile).store /home/jzh/go/src/runtime/mprof.go:756:0 s=755
             runtime.unlock2 /home/jzh/go/src/runtime/lock_spinbit.go:317:0 s=267
  2121: 0x48864b M=1 internal/sync.runtime_canSpin /home/jzh/go/src/runtime/proc.go:7948:0 s=7938
  2122: 0x4662c6 M=1 runtime.cansemacquire /home/jzh/go/src/runtime/sema.go:292:0 s=291
             runtime.semacquire1 /home/jzh/go/src/runtime/sema.go:184:0 s=146
  2123: 0x420c98 M=1 runtime.mallocgcTiny /home/jzh/go/src/runtime/malloc.go:1379:0 s=1254
  2124: 0x5d1f7f M=1 github.com/jzhang405/NexKV/internal/infrastructure/concurrency.heapDown /home/jzh/ws/go/src/github.com/jzhang405/NexKV/internal/infrastructure/concurrency/executor_percore.go:535:0 s=527
  2125: 0x4542a3 M=1 runtime.casgstatus /home/jzh/go/src/runtime/proc.go:1328:0 s=1277
  2126: 0x435e71 M=1 runtime.(*gcControllerState).findRunnableGCWorker /home/jzh/go/src/runtime/mgcpacer.go:874:0 s=861
  2127: 0x5dd0c0 M=1 github.com/jzhang405/NexKV/internal/infrastructure/concurrency.simulateTransportTask /home/jzh/ws/go/src/github.com/jzhang405/NexKV/internal/infrastructure/concurrency/executor_comparison_benchmark_test.go:38:0 s=22
  2128: 0x434e60 M=1 runtime.scanObject /home/jzh/go/src/runtime/mgcmark_greenteagc.go:1269:0 s=1187
  2129: 0x43a231 M=1 runtime.(*sweepLocked).sweep /home/jzh/go/src/runtime/mgcsweep.go:793:0 s=505
  2130: 0x42cfe4 M=1 runtime.gcMarkTermination.func3 /home/jzh/go/src/runtime/mgc.go:1515:0 s=1500
  2131: 0x42c524 M=1 runtime.gcMarkTermination /home/jzh/go/src/runtime/mgc.go:1500:0 s=1344
  2132: 0x42b93d M=1 runtime.gcMarkDone /home/jzh/go/src/runtime/mgc.go:1173:0 s=1015
  2133: 0x423331 M=1 runtime.getGCMask /home/jzh/go/src/runtime/type.go:92:0 s=87
             runtime.(*mspan).writeHeapBitsSmall /home/jzh/go/src/runtime/mbitmap.go:626:0 s=624
  2134: 0x4334ee M=1 runtime.(*spanQueue).steal /home/jzh/go/src/runtime/mgcmark_greenteagc.go:565:0 s=543
  2135: 0x420c57 M=1 runtime.mallocgcTiny /home/jzh/go/src/runtime/malloc.go:1338:0 s=1254
  2136: 0x43d567 M=1 runtime.(*mheap).allocSpan /home/jzh/go/src/runtime/mheap.go:1408:0 s=1224
  2137: 0x485827 M=1 runtime.convT64 /home/jzh/go/src/runtime/iface.go:400:0 s=400
  2138: 0x420b20 M=1 runtime.mallocgcTiny /home/jzh/go/src/runtime/malloc.go:1317:0 s=1254
  2139: 0x4e10cf M=1 fmt.(*pp).doPrintf /home/jzh/go/src/fmt/print.go:1020:0 s=1020
  2140: 0x432db2 M=1 runtime.tryDeferToSpanScan /home/jzh/go/src/runtime/mgcmark_greenteagc.go:265:0 s=264
  2141: 0x493fee M=1 sync.(*Mutex).Unlock /home/jzh/go/src/sync/mutex.go:65:0 s=64
  2142: 0x4d900e M=1 fmt.(*fmt).pad /home/jzh/go/src/fmt/format.go:94:0 s=93
  2143: 0x4e121c M=1 fmt.(*buffer).writeString /home/jzh/go/src/fmt/print.go:108:0 s=107
             fmt.(*pp).doPrintf /home/jzh/go/src/fmt/print.go:1033:0 s=1020
  2144: 0x45976a M=1 runtime.schedule /home/jzh/go/src/runtime/proc.go:4135:0 s=4135
  2145: 0x421244 M=1 runtime.heapSetTypeNoHeader /home/jzh/go/src/runtime/mbitmap.go:709:0 s=705
             runtime.mallocgcSmallScanNoHeader /home/jzh/go/src/runtime/malloc.go:1592:0 s=1555
  2146: 0x420af0 M=1 runtime.alignUp /home/jzh/go/src/runtime/stubs.go:375:0 s=374
             runtime.mallocgcTiny /home/jzh/go/src/runtime/malloc.go:1303:0 s=1254
  2147: 0x434e34 M=1 runtime.scanObject /home/jzh/go/src/runtime/mgcmark_greenteagc.go:1250:0 s=1187
  2148: 0x454430 M=1 runtime.procyield /home/jzh/go/src/runtime/stubs.go:282:0 s=278
             runtime.casgstatus /home/jzh/go/src/runtime/proc.go:1308:0 s=1277
  2149: 0x5d1f8f M=1 github.com/jzhang405/NexKV/internal/infrastructure/concurrency.heapDown /home/jzh/ws/go/src/github.com/jzhang405/NexKV/internal/infrastructure/concurrency/executor_percore.go:535:0 s=527
  2150: 0x42286c M=1 runtime.typePointers.next /home/jzh/go/src/runtime/mbitmap.go:268:0 s=243
  2151: 0x45e741 M=1 runtime.wirep /home/jzh/go/src/runtime/proc.go:6296:0 s=6296
  2152: 0x460f6c M=1 runtime.runqput /home/jzh/go/src/runtime/proc.go:7513:0 s=7478
  2153: 0x4d9e79 M=1 fmt.(*fmt).fmtInteger /home/jzh/go/src/fmt/format.go:247:0 s=197
  2154: 0x433ede M=1 runtime.scanSpan /home/jzh/go/src/runtime/mgcmark_greenteagc.go:898:0 s=844
  2155: 0x457264 M=1 runtime.stoplockedm /home/jzh/go/src/runtime/proc.go:3271:0 s=3250
  2156: 0x420ceb M=1 runtime.releasem /home/jzh/go/src/runtime/runtime1.go:609:0 s=607
             runtime.mallocgcTiny /home/jzh/go/src/runtime/malloc.go:1384:0 s=1254
  2157: 0x4455c0 M=1 runtime.(*mLockProfile).start /home/jzh/go/src/runtime/mprof.go:660:0 s=660
  2158: 0x41f3d6 M=1 runtime.lock2 /home/jzh/go/src/runtime/lock_spinbit.go:235:0 s=155
  2159: 0x48f36c M=1 runtime.cputicks /home/jzh/go/src/runtime/asm_amd64.s:1263:0 s=1255
  2160: 0x41f3a4 M=1 runtime.lock2 /home/jzh/go/src/runtime/lock_spinbit.go:234:0 s=155
  2161: 0x422c53 M=1 runtime.spanOf /home/jzh/go/src/runtime/mheap.go:722:0 s=696
             runtime.bulkBarrierPreWrite /home/jzh/go/src/runtime/mbitmap.go:395:0 s=388
  2162: 0x4e126c M=1 fmt.(*buffer).writeString /home/jzh/go/src/fmt/print.go:108:0 s=107
             fmt.(*pp).doPrintf /home/jzh/go/src/fmt/print.go:1033:0 s=1020
  2163: 0x494535 M=1 sync.indexLocal /home/jzh/go/src/sync/pool.go:301:0 s=300
             sync.(*Pool).pin /home/jzh/go/src/sync/pool.go:218:0 s=202
  2164: 0x4942df M=1 sync.(*Pool).Get /home/jzh/go/src/sync/pool.go:137:0 s=131
  2165: 0x435fc7 M=1 runtime.(*gcControllerState).releaseNextGCMarkWorker /home/jzh/go/src/runtime/mgcpacer.go:901:0 s=901
  2166: 0x422d54 M=1 runtime.bulkBarrierPreWrite /home/jzh/go/src/runtime/mbitmap.go:452:0 s=388
  2167: 0x432e85 M=1 runtime.tryDeferToSpanScan /home/jzh/go/src/runtime/mgcmark_greenteagc.go:287:0 s=264
  2168: 0x5d2075 M=1 github.com/jzhang405/NexKV/internal/infrastructure/concurrency.heapDown /home/jzh/ws/go/src/github.com/jzhang405/NexKV/internal/infrastructure/concurrency/executor_percore.go:541:0 s=527
  2169: 0x45faf1 M=1 runtime.preemptone /home/jzh/go/src/runtime/proc.go:6872:0 s=6866
  2170: 0x45fa8e M=1 runtime.preemptall /home/jzh/go/src/runtime/proc.go:6849:0 s=6843
  2171: 0x455768 M=1 runtime.forEachPInternal /home/jzh/go/src/runtime/proc.go:2157:0 s=2140
  2172: 0x4233b5 M=1 runtime.gcUsesSpanInlineMarkBits /home/jzh/go/src/runtime/mgcmark_greenteagc.go:259:0 s=258
             runtime.spanHeapBitsRange /home/jzh/go/src/runtime/mbitmap.go:573:0 s=570
             runtime.(*mspan).writeHeapBitsSmall /home/jzh/go/src/runtime/mbitmap.go:653:0 s=624
  2173: 0x48f946 M=1 runtime.memclrNoHeapPointers /home/jzh/go/src/runtime/memclr_amd64.s:24:0 s=15
  2174: 0x466c0a M=1 runtime.(*semaRoot).dequeue /home/jzh/go/src/runtime/sema.go:440:0 s=405
  2175: 0x48d7e0 M=1 runtime.gogo /home/jzh/go/src/runtime/asm_amd64.s:436:0 s=435
  2176: 0x4211b5 M=1 runtime.mallocgcSmallScanNoHeader /home/jzh/go/src/runtime/malloc.go:1580:0 s=1555
  2177: 0x5d0f97 M=1 github.com/jzhang405/NexKV/internal/infrastructure/concurrency.(*PerCoreExecutor).SubmitWithPriority /home/jzh/ws/go/src/github.com/jzhang405/NexKV/internal/infrastructure/concurrency/executor_percore.go:319:0 s=317
  2178: 0x4e129f M=1 fmt.(*pp).doPrintf /home/jzh/go/src/fmt/print.go:1029:0 s=1020
  2179: 0x5d1aa3 M=1 github.com/jzhang405/NexKV/internal/infrastructure/concurrency.heapPop /home/jzh/ws/go/src/github.com/jzhang405/NexKV/internal/infrastructure/concurrency/executor_percore.go:499:0 s=499
  2180: 0x46dd49 M=1 runtime.slicebytetostring /home/jzh/go/src/runtime/string.go:173:0 s=139
  2181: 0x420ab2 M=1 runtime.acquirem /home/jzh/go/src/runtime/runtime1.go:601:0 s=600
             runtime.mallocgcTiny /home/jzh/go/src/runtime/malloc.go:1256:0 s=1254
  2182: 0x5d0fa2 M=1 github.com/jzhang405/NexKV/internal/infrastructure/concurrency.(*PerCoreExecutor).SubmitWithPriority /home/jzh/ws/go/src/github.com/jzhang405/NexKV/internal/infrastructure/concurrency/executor_percore.go:319:0 s=317
  2183: 0x438623 M=1 runtime.(*scavengeIndex).free /home/jzh/go/src/runtime/mgcscavenge.go:1150:0 s=1147
  2184: 0x493a1e M=1 internal/sync.(*Mutex).lockSlow /home/jzh/go/src/internal/sync/mutex.go:122:0 s=95
  2185: 0x4224ac M=1 runtime.wbMove /home/jzh/go/src/runtime/mbarrier.go:197:0 s=192
  2186: 0x466524 M=1 runtime.unlockWithRank /home/jzh/go/src/runtime/lockrank_off.go:35:0 s=34
             runtime.unlock /home/jzh/go/src/runtime/lock_spinbit.go:261:0 s=260
             runtime.semrelease1 /home/jzh/go/src/runtime/sema.go:230:0 s=207
  2187: 0x457483 M=1 runtime.startlockedm /home/jzh/go/src/runtime/proc.go:3292:0 s=3278
  2188: 0x4d903d M=1 fmt.(*buffer).write /home/jzh/go/src/fmt/print.go:104:0 s=103
             fmt.(*fmt).pad /home/jzh/go/src/fmt/format.go:95:0 s=93
  2189: 0x49426a M=1 sync.(*Pool).Put /home/jzh/go/src/sync/pool.go:121:0 s=99
  2190: 0x5d11ed M=1 github.com/jzhang405/NexKV/internal/infrastructure/concurrency.(*PerCoreExecutor).SubmitWithPriority /home/jzh/ws/go/src/github.com/jzhang405/NexKV/internal/infrastructure/concurrency/executor_percore.go:343:0 s=317
  2191: 0x43bc2d M=1 runtime.trygetfull /home/jzh/go/src/runtime/mgcwork.go:505:0 s=499
  2192: 0x4540d5 M=1 runtime.casgstatus /home/jzh/go/src/runtime/proc.go:1278:0 s=1277
  2193: 0x4dc84e M=1 fmt.(*pp).fmtInteger /home/jzh/go/src/fmt/print.go:422:0 s=422
  2194: 0x420b8a M=1 runtime.nextFreeFast /home/jzh/go/src/runtime/malloc.go:1022:0 s=1021
             runtime.mallocgcTiny /home/jzh/go/src/runtime/malloc.go:1329:0 s=1254
  2195: 0x45e9d7 M=1 runtime.releasepNoTrace /home/jzh/go/src/runtime/proc.go:6341:0 s=6334
  2196: 0x494522 M=1 sync.(*Pool).pin /home/jzh/go/src/sync/pool.go:215:0 s=202
  2197: 0x493ae5 M=1 internal/sync.(*Mutex).lockSlow /home/jzh/go/src/internal/sync/mutex.go:122:0 s=95
  2198: 0x46dcb2 M=1 runtime.slicebytetostring /home/jzh/go/src/runtime/string.go:140:0 s=139
  2199: 0x460e5e M=1 runtime.pidleget /home/jzh/go/src/runtime/proc.go:7417:0 s=7402
  2200: 0x46dcf4 M=1 runtime.slicebytetostring /home/jzh/go/src/runtime/string.go:140:0 s=139
  2201: 0x4334af M=1 runtime.(*spanQueue).steal /home/jzh/go/src/runtime/mgcmark_greenteagc.go:558:0 s=543
  2202: 0x431b46 M=1 runtime.gcDrainN /home/jzh/go/src/runtime/mgcmark.go:1422:0 s=1392
  2203: 0x4a5f2c M=1 time.subMono /home/jzh/go/src/time/time.go:1216:0 s=1214
             time.Since /home/jzh/go/src/time/time.go:1230:0 s=1227
  2204: 0x487e8a M=1 runtime.wakep /home/jzh/go/src/runtime/proc.go:3212:0 s=3212
  2205: 0x420c43 M=1 runtime.mallocgcTiny /home/jzh/go/src/runtime/malloc.go:1333:0 s=1254
  2206: 0x489ae6 M=1 internal/sync.runtime_nanotime /home/jzh/go/src/runtime/sema.go:733:0 s=733
  2207: 0x493b36 M=1 internal/sync.(*Mutex).lockSlow /home/jzh/go/src/internal/sync/mutex.go:150:0 s=95
  2208: 0x444bb7 M=1 runtime.mProf_FlushLocked /home/jzh/go/src/runtime/mprof.go:411:0 s=401
  2209: 0x444b2e M=1 runtime.mProf_Flush /home/jzh/go/src/runtime/mprof.go:392:0 s=383
  2210: 0x42c536 M=1 runtime.gcMarkTermination /home/jzh/go/src/runtime/mgc.go:1521:0 s=1344
  2211: 0x424772 M=1 runtime.(*mcache).releaseAll /home/jzh/go/src/runtime/mcache.go:299:0 s=290
  2212: 0x424954 M=1 runtime.(*mcache).prepareForSweep /home/jzh/go/src/runtime/mcache.go:366:0 s=350
  2213: 0x41e96b M=1 runtime.(*listHeadManual).push /home/jzh/go/src/runtime/list_manual.go:87:0 s=79
  2214: 0x434de4 M=1 runtime.scanObject /home/jzh/go/src/runtime/mgcmark_greenteagc.go:1242:0 s=1187
  2215: 0x421190 M=1 runtime.mallocgcSmallScanNoHeader /home/jzh/go/src/runtime/malloc.go:1579:0 s=1555
  2216: 0x4d9e80 M=1 fmt.(*fmt).fmtInteger /home/jzh/go/src/fmt/format.go:247:0 s=197
  2217: 0x42129b M=1 runtime.mallocgcSmallScanNoHeader /home/jzh/go/src/runtime/malloc.go:1604:0 s=1555
  2218: 0x41f208 M=1 runtime.lock2 /home/jzh/go/src/runtime/lock_spinbit.go:170:0 s=155
  2219: 0x5d1fbc M=1 github.com/jzhang405/NexKV/internal/infrastructure/concurrency.heapDown /home/jzh/ws/go/src/github.com/jzhang405/NexKV/internal/infrastructure/concurrency/executor_percore.go:536:0 s=527
  2220: 0x5d0518 M=1 github.com/jzhang405/NexKV/internal/infrastructure/concurrency.taskQueue.Less /home/jzh/ws/go/src/github.com/jzhang405/NexKV/internal/infrastructure/concurrency/executor_percore.go:131:0 s=126
  2221: 0x47222a M=1 runtime.(*timers).check /home/jzh/go/src/runtime/time.go:1009:0 s=1009
  2222: 0x4941f2 M=1 sync.(*Pool).Put /home/jzh/go/src/sync/pool.go:99:0 s=99
  2223: 0x48f084 M=1 runtime.procyieldAsm /home/jzh/go/src/runtime/asm_amd64.s:865:0 s=863
  2224: 0x4575ea M=1 runtime.execute /home/jzh/go/src/runtime/proc.go:3331:0 s=3331
  2225: 0x5d0480 M=1 github.com/jzhang405/NexKV/internal/infrastructure/concurrency.taskQueue.Less /home/jzh/ws/go/src/github.com/jzhang405/NexKV/internal/infrastructure/concurrency/executor_percore.go:128:0 s=126
  2226: 0x4e1118 M=1 fmt.(*pp).doPrintf /home/jzh/go/src/fmt/print.go:1026:0 s=1020
  2227: 0x493f8a M=1 sync.(*Mutex).Lock /home/jzh/go/src/sync/mutex.go:45:0 s=45
  2228: 0x41f6e5 M=1 runtime.unlock2 /home/jzh/go/src/runtime/lock_spinbit.go:322:0 s=267
  2229: 0x457898 M=1 runtime.findRunnable /home/jzh/go/src/runtime/proc.go:3415:0 s=3389
  2230: 0x439597 M=1 runtime.(*sweepLocker).tryAcquire /home/jzh/go/src/runtime/mgcsweep.go:347:0 s=342
  2231: 0x45e8e0 M=1 runtime.releasep /home/jzh/go/src/runtime/proc.go:6324:0 s=6324
  2232: 0x4228f1 M=1 runtime.typePointers.next /home/jzh/go/src/runtime/mbitmap.go:271:0 s=243
  2233: 0x44a04e M=1 runtime.wbBufFlush1 /home/jzh/go/src/runtime/mwbbuf.go:230:0 s=195
  2234: 0x5d115f M=1 github.com/jzhang405/NexKV/internal/infrastructure/concurrency.heapPush /home/jzh/ws/go/src/github.com/jzhang405/NexKV/internal/infrastructure/concurrency/executor_percore.go:494:0 s=493
             github.com/jzhang405/NexKV/internal/infrastructure/concurrency.(*PerCoreExecutor).SubmitWithPriority /home/jzh/ws/go/src/github.com/jzhang405/NexKV/internal/infrastructure/concurrency/executor_percore.go:347:0 s=317
  2235: 0x432d17 M=1 runtime.(*mspan).moveInlineMarks /home/jzh/go/src/runtime/mgcmark_greenteagc.go:206:0 s=196
  2236: 0x41f7ea M=1 runtime.cheaprand /home/jzh/go/src/runtime/rand.go:236:0 s=227
             runtime.cheaprandn /home/jzh/go/src/runtime/rand.go:293:0 s=291
             runtime.unlock2Wake /home/jzh/go/src/runtime/lock_spinbit.go:350:0 s=345
  2237: 0x46dd0b M=1 runtime.slicebytetostring /home/jzh/go/src/runtime/string.go:170:0 s=139
  2238: 0x5d1fd5 M=1 github.com/jzhang405/NexKV/internal/infrastructure/concurrency.heapDown /home/jzh/ws/go/src/github.com/jzhang405/NexKV/internal/infrastructure/concurrency/executor_percore.go:538:0 s=527
  2239: 0x493f8f M=1 internal/sync.(*Mutex).Lock /home/jzh/go/src/internal/sync/mutex.go:63:0 s=61
             sync.(*Mutex).Lock /home/jzh/go/src/sync/mutex.go:46:0 s=45
  2240: 0x434dbc M=1 runtime.scanObject /home/jzh/go/src/runtime/mgcmark_greenteagc.go:1250:0 s=1187
  2241: 0x5dd5e5 M=1 github.com/jzhang405/NexKV/internal/infrastructure/concurrency.BenchmarkPerCoreVsAnts_Transport_Throughput.func3.1 /home/jzh/ws/go/src/github.com/jzhang405/NexKV/internal/infrastructure/concurrency/executor_comparison_benchmark_test.go:121:0 s=119
  2242: 0x4d9da6 M=1 fmt.(*fmt).fmtInteger /home/jzh/go/src/fmt/format.go:322:0 s=197
  2243: 0x43f9d5 M=1 runtime.setprofilebucket /home/jzh/go/src/runtime/mheap.go:2719:0 s=2717
  2244: 0x444eba M=1 runtime.mProf_Malloc.func1 /home/jzh/go/src/runtime/mprof.go:464:0 s=463
  2245: 0x444e35 M=1 runtime.mProf_Malloc /home/jzh/go/src/runtime/mprof.go:463:0 s=437
  2246: 0x41ea19 M=1 runtime.(*listHeadManual).pop /home/jzh/go/src/runtime/list_manual.go:109:0 s=96
  2247: 0x45428e M=1 runtime.casgstatus /home/jzh/go/src/runtime/proc.go:1325:0 s=1277
  2248: 0x456eb9 M=1 runtime.runqempty /home/jzh/go/src/runtime/proc.go:7457:0 s=7447
             runtime.handoffp /home/jzh/go/src/runtime/proc.go:3136:0 s=3131
  2249: 0x421124 M=1 runtime.nextFreeFast /home/jzh/go/src/runtime/malloc.go:1023:0 s=1021
             runtime.mallocgcSmallScanNoHeader /home/jzh/go/src/runtime/malloc.go:1579:0 s=1555
  2250: 0x41f209 M=1 runtime.lock2 /home/jzh/go/src/runtime/lock_spinbit.go:170:0 s=155
  2251: 0x5d0585 M=1 github.com/jzhang405/NexKV/internal/infrastructure/concurrency.taskQueue.Less /home/jzh/ws/go/src/github.com/jzhang405/NexKV/internal/infrastructure/concurrency/executor_percore.go:145:0 s=126
  2252: 0x5d20b2 M=1 github.com/jzhang405/NexKV/internal/infrastructure/concurrency.heapDown /home/jzh/ws/go/src/github.com/jzhang405/NexKV/internal/infrastructure/concurrency/executor_percore.go:541:0 s=527
  2253: 0x491200 M=1 time.now /home/jzh/go/src/runtime/time_linux_amd64.s:14:0 s=14
  2254: 0x489457 M=1 internal/sync.runtime_Semrelease /home/jzh/go/src/runtime/sema.go:125:0 s=123
  2255: 0x5d0f9e M=1 github.com/jzhang405/NexKV/internal/infrastructure/concurrency.(*PerCoreExecutor).SubmitWithPriority /home/jzh/ws/go/src/github.com/jzhang405/NexKV/internal/infrastructure/concurrency/executor_percore.go:319:0 s=317
  2256: 0x41ea0e M=1 runtime.(*listHeadManual).pop /home/jzh/go/src/runtime/list_manual.go:105:0 s=96
  2257: 0x5d1a57 M=1 github.com/jzhang405/NexKV/internal/infrastructure/concurrency.(*coreWorker).executeTask.func1 /home/jzh/ws/go/src/github.com/jzhang405/NexKV/internal/infrastructure/concurrency/executor_percore.go:483:0 s=476
  2258: 0x4d9a52 M=1 fmt.(*fmt).fmtInteger /home/jzh/go/src/fmt/format.go:197:0 s=197
  2259: 0x432ea9 M=1 runtime.tryDeferToSpanScan /home/jzh/go/src/runtime/mgcmark_greenteagc.go:290:0 s=264
  2260: 0x433520 M=1 runtime.(*spanQueue).refill /home/jzh/go/src/runtime/mgcmark_greenteagc.go:586:0 s=586
  2261: 0x4334ae M=1 runtime.(*spanQueue).steal /home/jzh/go/src/runtime/mgcmark_greenteagc.go:558:0 s=543
  2262: 0x42ba85 M=1 runtime.gcMarkDone.func3 /home/jzh/go/src/runtime/mgc.go:1105:0 s=1103
  2263: 0x42b827 M=1 runtime.gcMarkDone /home/jzh/go/src/runtime/mgc.go:1103:0 s=1015
  2264: 0x4d9dc7 M=1 fmt.(*fmt).fmtInteger /home/jzh/go/src/fmt/format.go:324:0 s=197
  2265: 0x42291e M=1 runtime.typePointers.next /home/jzh/go/src/runtime/mbitmap.go:264:0 s=243
  2266: 0x420c6f M=1 runtime.mallocgcTiny /home/jzh/go/src/runtime/malloc.go:1367:0 s=1254
  2267: 0x5d05bd M=1 github.com/jzhang405/NexKV/internal/infrastructure/concurrency.taskQueue.Less /home/jzh/ws/go/src/github.com/jzhang405/NexKV/internal/infrastructure/concurrency/executor_percore.go:146:0 s=126
  2268: 0x475599 M=1 runtime.(*unwinder).resolveInternal /home/jzh/go/src/runtime/traceback.go:258:0 s=253
  2269: 0x475e95 M=1 runtime.tracebackPCs /home/jzh/go/src/runtime/traceback.go:624:0 s=621
  2270: 0x4440e0 M=1 runtime.(*pallocBits).summarize /home/jzh/go/src/runtime/mpallocbits.go:198:0 s=132
  2271: 0x460a7f M=1 runtime.globrunqgetbatch /home/jzh/go/src/runtime/proc.go:7300:0 s=7293
  2272: 0x4e123b M=1 fmt.(*buffer).writeString /home/jzh/go/src/fmt/print.go:108:0 s=107
             fmt.(*pp).doPrintf /home/jzh/go/src/fmt/print.go:1033:0 s=1020
  2273: 0x420b24 M=1 runtime.mallocgcTiny /home/jzh/go/src/runtime/malloc.go:1317:0 s=1254
  2274: 0x43b59e M=1 runtime.(*gcWork).tryGetObj /home/jzh/go/src/runtime/mgcwork.go:265:0 s=258
  2275: 0x431b2e M=1 runtime.gcDrainN /home/jzh/go/src/runtime/mgcmark.go:1421:0 s=1392
  2276: 0x45760b M=1 runtime.execute /home/jzh/go/src/runtime/proc.go:3334:0 s=3331
  2277: 0x48d8c2 M=1 runtime.systemstack /home/jzh/go/src/runtime/asm_amd64.s:560:0 s=520
  2278: 0x432fdb M=1 runtime.tryDeferToSpanScan /home/jzh/go/src/runtime/mgcmark_greenteagc.go:272:0 s=264
  2279: 0x422cd5 M=1 runtime.bulkBarrierPreWrite /home/jzh/go/src/runtime/mbitmap.go:431:0 s=388
  2280: 0x424eaa M=1 runtime.(*mcentral).uncacheSpan /home/jzh/go/src/runtime/mcentral.go:205:0 s=205
  2281: 0x487efa M=1 internal/runtime/atomic.(*Int32).Add /home/jzh/go/src/internal/runtime/atomic/types.go:56:0 s=55
             runtime.wakep /home/jzh/go/src/runtime/proc.go:3230:0 s=3212
  2282: 0x460ac0 M=1 runtime.(*gQueue).pop /home/jzh/go/src/runtime/proc.go:7805:0 s=7802
             runtime.globrunqgetbatch /home/jzh/go/src/runtime/proc.go:7302:0 s=7293
  2283: 0x4540c8 M=1 runtime.casgstatus /home/jzh/go/src/runtime/proc.go:1278:0 s=1277
  2284: 0x49422b M=1 sync.(*Pool).Put /home/jzh/go/src/sync/pool.go:113:0 s=99
  2285: 0x422868 M=1 runtime.getGCMask /home/jzh/go/src/runtime/type.go:92:0 s=87
             runtime.typePointers.next /home/jzh/go/src/runtime/mbitmap.go:268:0 s=243
  2286: 0x5d05a9 M=1 github.com/jzhang405/NexKV/internal/infrastructure/concurrency.taskQueue.Less /home/jzh/ws/go/src/github.com/jzhang405/NexKV/internal/infrastructure/concurrency/executor_percore.go:146:0 s=126
  2287: 0x448d98 M=1 runtime.headTailIndex.head /home/jzh/go/src/runtime/mspanset.go:359:0 s=358
             runtime.headTailIndex.split /home/jzh/go/src/runtime/mspanset.go:369:0 s=368
             runtime.(*spanSet).pop /home/jzh/go/src/runtime/mspanset.go:160:0 s=150
  2288: 0x422c45 M=1 runtime.spanOf /home/jzh/go/src/runtime/mheap.go:722:0 s=696
             runtime.bulkBarrierPreWrite /home/jzh/go/src/runtime/mbitmap.go:395:0 s=388
  2289: 0x44a058 M=1 runtime.wbBufFlush1 /home/jzh/go/src/runtime/mwbbuf.go:240:0 s=195
  2290: 0x4db7dc M=1 fmt.Sprintf /home/jzh/go/src/fmt/print.go:242:0 s=237
  2291: 0x482fe6 M=1 runtime.wbBufFlush.func1 /home/jzh/go/src/runtime/mwbbuf.go:180:0 s=180
  2292: 0x42346f M=1 runtime.(*mspan).writeHeapBitsSmall /home/jzh/go/src/runtime/mbitmap.go:669:0 s=624
  2293: 0x4de5db M=1 fmt.(*pp).printArg /home/jzh/go/src/fmt/print.go:684:0 s=682
  2294: 0x4a5f29 M=1 time.subMono /home/jzh/go/src/time/time.go:1215:0 s=1214
             time.Since /home/jzh/go/src/time/time.go:1230:0 s=1227
  2295: 0x48d177 M=1 gcWriteBarrier /home/jzh/go/src/runtime/asm_amd64.s:1832:0 s=1813
  2296: 0x458a60 M=1 runtime.runqget /home/jzh/go/src/runtime/proc.go:7615:0 s=7598
             runtime.findRunnable /home/jzh/go/src/runtime/proc.go:3469:0 s=3389
  2297: 0x43d19f M=1 runtime.(*mheap).tryAllocMSpan /home/jzh/go/src/runtime/mheap.go:1146:0 s=1137
             runtime.(*mheap).allocSpan /home/jzh/go/src/runtime/mheap.go:1252:0 s=1224
  2298: 0x487d64 M=1 runtime.gopark /home/jzh/go/src/runtime/proc.go:455:0 s=445
  2299: 0x4234c1 M=1 runtime.(*mspan).writeHeapBitsSmall /home/jzh/go/src/runtime/mbitmap.go:640:0 s=624
  2300: 0x54c962 M=1 github.com/jzhang405/NexKV/pkg/errors.mergeNexError /home/jzh/ws/go/src/github.com/jzhang405/NexKV/pkg/errors/errors.go:214:0 s=199
             github.com/jzhang405/NexKV/pkg/errors.Wrapf /home/jzh/ws/go/src/github.com/jzhang405/NexKV/pkg/errors/errors.go:195:0 s=190
  2301: 0x4e10da M=1 fmt.(*pp).doPrintf /home/jzh/go/src/fmt/print.go:1025:0 s=1020
  2302: 0x420b52 M=1 runtime.mallocgcTiny /home/jzh/go/src/runtime/malloc.go:1323:0 s=1254
  2303: 0x448c2f M=1 runtime.lockWithRank /home/jzh/go/src/runtime/lockrank_off.go:24:0 s=23
             runtime.lock /home/jzh/go/src/runtime/lock_spinbit.go:152:0 s=151
             runtime.(*spanSet).push /home/jzh/go/src/runtime/mspanset.go:97:0 s=83
  2304: 0x4664c2 M=1 internal/runtime/atomic.(*Uint32).Load /home/jzh/go/src/internal/runtime/atomic/types.go:194:0 s=193
             runtime.semrelease1 /home/jzh/go/src/runtime/sema.go:214:0 s=207
  2305: 0x460aaf M=1 runtime.globrunqgetbatch /home/jzh/go/src/runtime/proc.go:7300:0 s=7293
  2306: 0x422784 M=1 runtime.(*mspan).typePointersOfType /home/jzh/go/src/runtime/mbitmap.go:179:0 s=179
  2307: 0x4224c1 M=1 runtime.wbMove /home/jzh/go/src/runtime/mbarrier.go:198:0 s=192
  2308: 0x5d1076 M=1 github.com/jzhang405/NexKV/internal/infrastructure/concurrency.(*PerCoreExecutor).SubmitWithPriority /home/jzh/ws/go/src/github.com/jzhang405/NexKV/internal/infrastructure/concurrency/executor_percore.go:349:0 s=317
  2309: 0x457911 M=1 runtime.findRunnable /home/jzh/go/src/runtime/proc.go:3443:0 s=3389
  2310: 0x466ca5 M=1 runtime.(*semaRoot).dequeue /home/jzh/go/src/runtime/sema.go:479:0 s=405
  2311: 0x420bf5 M=1 runtime.nextFreeFast /home/jzh/go/src/runtime/malloc.go:1033:0 s=1021
             runtime.mallocgcTiny /home/jzh/go/src/runtime/malloc.go:1329:0 s=1254
  2312: 0x457227 M=1 runtime.stoplockedm /home/jzh/go/src/runtime/proc.go:3264:0 s=3250
  2313: 0x4e11b4 M=1 fmt.(*buffer).writeString /home/jzh/go/src/fmt/print.go:108:0 s=107
             fmt.(*pp).doPrintf /home/jzh/go/src/fmt/print.go:1033:0 s=1020
  2314: 0x5d0540 M=1 github.com/jzhang405/NexKV/internal/infrastructure/concurrency.taskQueue.Less /home/jzh/ws/go/src/github.com/jzhang405/NexKV/internal/infrastructure/concurrency/executor_percore.go:132:0 s=126
  2315: 0x44e00b M=1 runtime.gorecover /home/jzh/go/src/runtime/panic.go:1069:0 s=1069
  2316: 0x4224a4 M=1 runtime.wbMove /home/jzh/go/src/runtime/mbarrier.go:192:0 s=192
  2317: 0x5d120f M=1 github.com/jzhang405/NexKV/internal/infrastructure/concurrency.(*PerCoreExecutor).SubmitWithPriority /home/jzh/ws/go/src/github.com/jzhang405/NexKV/internal/infrastructure/concurrency/executor_percore.go:343:0 s=317
  2318: 0x4e130f M=1 fmt.(*pp).doPrintf /home/jzh/go/src/fmt/print.go:1047:0 s=1020
  2319: 0x5d05a4 M=1 github.com/jzhang405/NexKV/internal/infrastructure/concurrency.taskQueue.Less /home/jzh/ws/go/src/github.com/jzhang405/NexKV/internal/infrastructure/concurrency/executor_percore.go:146:0 s=126
  2320: 0x4acf6a M=1 time.Now /home/jzh/go/src/time/time.go:1347:0 s=1347
  2321: 0x41f7c0 M=1 runtime.unlock2Wake /home/jzh/go/src/runtime/lock_spinbit.go:345:0 s=345
  2322: 0x41f218 M=1 runtime.lock2 /home/jzh/go/src/runtime/lock_spinbit.go:186:0 s=155
  2323: 0x421316 M=1 runtime.releasem /home/jzh/go/src/runtime/runtime1.go:609:0 s=607
             runtime.mallocgcSmallScanNoHeader /home/jzh/go/src/runtime/malloc.go:1636:0 s=1555
  2324: 0x4e1116 M=1 fmt.(*pp).doPrintf /home/jzh/go/src/fmt/print.go:1025:0 s=1020
  2325: 0x43603a M=1 runtime.(*gcControllerState).releaseNextGCMarkWorker /home/jzh/go/src/runtime/mgcpacer.go:904:0 s=901
  2326: 0x4d9da2 M=1 fmt.(*fmt).fmtInteger /home/jzh/go/src/fmt/format.go:322:0 s=197
  2327: 0x456d98 M=1 runtime.startm /home/jzh/go/src/runtime/proc.go:3120:0 s=3035
  2328: 0x5d17e4 M=1 github.com/jzhang405/NexKV/internal/infrastructure/concurrency.(*coreWorker).run /home/jzh/ws/go/src/github.com/jzhang405/NexKV/internal/infrastructure/concurrency/executor_percore.go:465:0 s=432
  2329: 0x435e0a M=1 runtime.nanotime /home/jzh/go/src/runtime/time_nofake.go:33:0 s=32
             runtime.(*gcControllerState).findRunnableGCWorker /home/jzh/go/src/runtime/mgcpacer.go:867:0 s=861
  2330: 0x45a00a M=1 runtime.gosched_m /home/jzh/go/src/runtime/proc.go:4349:0 s=4349
  2331: 0x432dae M=1 runtime.tryDeferToSpanScan /home/jzh/go/src/runtime/mgcmark_greenteagc.go:264:0 s=264
  2332: 0x4233cb M=1 runtime.(*mspan).writeHeapBitsSmall /home/jzh/go/src/runtime/mbitmap.go:655:0 s=624
  2333: 0x457721 M=1 runtime.execute /home/jzh/go/src/runtime/proc.go:3372:0 s=3331
  2334: 0x4885e0 M=1 internal/sync.runtime_canSpin /home/jzh/go/src/runtime/proc.go:7944:0 s=7938
  2335: 0x423605 M=1 runtime.(*mspan).nextFreeIndex /home/jzh/go/src/runtime/mbitmap.go:1160:0 s=1113
  2336: 0x5d1bfe M=1 github.com/jzhang405/NexKV/internal/infrastructure/concurrency.heapPop /home/jzh/ws/go/src/github.com/jzhang405/NexKV/internal/infrastructure/concurrency/executor_percore.go:511:0 s=499
  2337: 0x4e149b M=1 fmt.(*pp).doPrintf /home/jzh/go/src/fmt/print.go:1075:0 s=1020
  2338: 0x493b53 M=1 internal/sync.(*Mutex).lockSlow /home/jzh/go/src/internal/sync/mutex.go:152:0 s=95
  2339: 0x460a7b M=1 runtime.globrunqgetbatch /home/jzh/go/src/runtime/proc.go:7296:0 s=7293
  2340: 0x41eb89 M=1 runtime.notewakeup /home/jzh/go/src/runtime/lock_futex.go:33:0 s=26
  2341: 0x4575f7 M=1 runtime.execute /home/jzh/go/src/runtime/proc.go:3334:0 s=3331
  2342: 0x494205 M=1 sync.(*Pool).Put /home/jzh/go/src/sync/pool.go:100:0 s=99
  2343: 0x4228a2 M=1 runtime.typePointers.next /home/jzh/go/src/runtime/mbitmap.go:268:0 s=243
  2344: 0x5d1f9a M=1 github.com/jzhang405/NexKV/internal/infrastructure/concurrency.heapDown /home/jzh/ws/go/src/github.com/jzhang405/NexKV/internal/infrastructure/concurrency/executor_percore.go:535:0 s=527
  2345: 0x45e8f9 M=1 runtime.traceAcquire /home/jzh/go/src/runtime/traceruntime.go:189:0 s=188
             runtime.releasep /home/jzh/go/src/runtime/proc.go:6325:0 s=6324
  2346: 0x4e123e M=1 fmt.(*buffer).writeString /home/jzh/go/src/fmt/print.go:108:0 s=107
             fmt.(*pp).doPrintf /home/jzh/go/src/fmt/print.go:1033:0 s=1020
  2347: 0x466159 M=1 runtime.semacquire1 /home/jzh/go/src/runtime/sema.go:148:0 s=146
  2348: 0x422c87 M=1 internal/runtime/atomic.(*Uint8).Load /home/jzh/go/src/internal/runtime/atomic/types.go:124:0 s=123
             runtime.(*mSpanStateBox).get /home/jzh/go/src/runtime/mheap.go:419:0 s=418
             runtime.bulkBarrierPreWrite /home/jzh/go/src/runtime/mbitmap.go:412:0 s=388
  2349: 0x453872 M=1 runtime.traceAcquire /home/jzh/go/src/runtime/traceruntime.go:189:0 s=188
             runtime.ready /home/jzh/go/src/runtime/proc.go:1131:0 s=1120
  2350: 0x5d11cf M=1 github.com/jzhang405/NexKV/internal/infrastructure/concurrency.(*PerCoreExecutor).SubmitWithPriority /home/jzh/ws/go/src/github.com/jzhang405/NexKV/internal/infrastructure/concurrency/executor_percore.go:343:0 s=317
  2351: 0x4390a4 M=1 runtime.(*mheap).nextSpanForSweep /home/jzh/go/src/runtime/mgcsweep.go:105:0 s=96
  2352: 0x439a38 M=1 runtime.(*sweepLocked).sweep /home/jzh/go/src/runtime/mgcsweep.go:509:0 s=505
  2353: 0x420c5d M=1 runtime.mallocgcTiny /home/jzh/go/src/runtime/malloc.go:1341:0 s=1254
  2354: 0x4e14bc M=1 fmt.(*pp).doPrintf /home/jzh/go/src/fmt/print.go:1026:0 s=1020
  2355: 0x45976b M=1 runtime.schedule /home/jzh/go/src/runtime/proc.go:4135:0 s=4135
  2356: 0x448d28 M=1 runtime.(*spanSet).push /home/jzh/go/src/runtime/mspanset.go:86:0 s=83
  2357: 0x48fda4 M=1 runtime.memmove /home/jzh/go/src/runtime/memmove_amd64.s:197:0 s=35
  2358: 0x439719 M=1 runtime.sweepone /home/jzh/go/src/runtime/mgcsweep.go:407:0 s=359
  2359: 0x455a44 M=1 runtime.unlockWithRank /home/jzh/go/src/runtime/lockrank_off.go:35:0 s=34
             runtime.unlock /home/jzh/go/src/runtime/lock_spinbit.go:261:0 s=260
             runtime.runSafePointFn /home/jzh/go/src/runtime/proc.go:2246:0 s=2232
  2360: 0x420b70 M=1 runtime.mallocgcTiny /home/jzh/go/src/runtime/malloc.go:1324:0 s=1254
  2361: 0x44a0b1 M=1 runtime.wbBufFlush1 /home/jzh/go/src/runtime/mwbbuf.go:245:0 s=195
  2362: 0x456e8a M=1 runtime.handoffp /home/jzh/go/src/runtime/proc.go:3131:0 s=3131
  2363: 0x421147 M=1 runtime.nextFreeFast /home/jzh/go/src/runtime/malloc.go:1027:0 s=1021
             runtime.mallocgcSmallScanNoHeader /home/jzh/go/src/runtime/malloc.go:1579:0 s=1555
  2364: 0x5d199d M=1 github.com/jzhang405/NexKV/internal/infrastructure/concurrency.(*coreWorker).executeTask /home/jzh/ws/go/src/github.com/jzhang405/NexKV/internal/infrastructure/concurrency/executor_percore.go:486:0 s=475
  2365: 0x45984c M=1 runtime.schedule /home/jzh/go/src/runtime/proc.go:4183:0 s=4135
  2366: 0x493a0f M=1 internal/sync.(*Mutex).lockSlow /home/jzh/go/src/internal/sync/mutex.go:104:0 s=95
  2367: 0x4a4c80 M=1 time.Time.Before /home/jzh/go/src/time/time.go:281:0 s=281
  2368: 0x456c83 M=1 runtime.startm /home/jzh/go/src/runtime/proc.go:3109:0 s=3035
  2369: 0x4d9cfb M=1 fmt.(*fmt).fmtInteger /home/jzh/go/src/fmt/format.go:300:0 s=197
  2370: 0x54c85f M=1 github.com/jzhang405/NexKV/pkg/errors.Wrapf /home/jzh/ws/go/src/github.com/jzhang405/NexKV/pkg/errors/errors.go:195:0 s=190
  2371: 0x422911 M=1 runtime.typePointers.next /home/jzh/go/src/runtime/mbitmap.go:264:0 s=243
  2372: 0x433c82 M=1 runtime.scanSpan /home/jzh/go/src/runtime/mgcmark_greenteagc.go:854:0 s=844
  2373: 0x459e82 M=1 runtime.unlock /home/jzh/go/src/runtime/lock_spinbit.go:261:0 s=260
             runtime.goschedImpl /home/jzh/go/src/runtime/proc.go:4338:0 s=4307
  2374: 0x48d801 M=1 runtime.mcall /home/jzh/go/src/runtime/asm_amd64.s:458:0 s=458
  2375: 0x420bd7 M=1 runtime.nextFreeFast /home/jzh/go/src/runtime/malloc.go:1030:0 s=1021
             runtime.mallocgcTiny /home/jzh/go/src/runtime/malloc.go:1329:0 s=1254
  2376: 0x43fe81 M=1 runtime.(*gcBitsArena).tryAlloc /home/jzh/go/src/runtime/mheap.go:2915:0 s=2904
             runtime.newMarkBits /home/jzh/go/src/runtime/mheap.go:2926:0 s=2920
  2377: 0x439fc8 M=1 runtime.(*sweepLocked).sweep /home/jzh/go/src/runtime/mgcsweep.go:698:0 s=505
  2378: 0x41f27b M=1 runtime.lock2 /home/jzh/go/src/runtime/lock_spinbit.go:209:0 s=155
  2379: 0x45e9b2 M=1 runtime.releasepNoTrace /home/jzh/go/src/runtime/proc.go:6335:0 s=6334
  2380: 0x432dbf M=1 runtime.arenaIndex /home/jzh/go/src/runtime/mheap.go:616:0 s=615
             runtime.heapArenaOf /home/jzh/go/src/runtime/mheap.go:767:0 s=766
             runtime.tryDeferToSpanScan /home/jzh/go/src/runtime/mgcmark_greenteagc.go:270:0 s=264
  2381: 0x45e78b M=1 runtime.wirep /home/jzh/go/src/runtime/proc.go:6306:0 s=6296
  2382: 0x4e14b9 M=1 fmt.(*pp).doPrintf /home/jzh/go/src/fmt/print.go:1077:0 s=1020
  2383: 0x4862ae M=1 runtime.findObject /home/jzh/go/src/runtime/mbitmap.go:1378:0 s=1361
  2384: 0x5d04a7 M=1 github.com/jzhang405/NexKV/internal/infrastructure/concurrency.taskQueue.Less /home/jzh/ws/go/src/github.com/jzhang405/NexKV/internal/infrastructure/concurrency/executor_percore.go:128:0 s=126
  2385: 0x44e000 M=1 runtime.gorecover /home/jzh/go/src/runtime/panic.go:1069:0 s=1069
  2386: 0x460ea0 M=1 runtime.pidlegetSpinning /home/jzh/go/src/runtime/proc.go:7430:0 s=7430
  2387: 0x4dc958 M=1 fmt.(*pp).fmtInteger /home/jzh/go/src/fmt/print.go:431:0 s=422
  2388: 0x4942d1 M=1 sync.(*Pool).Get /home/jzh/go/src/sync/pool.go:137:0 s=131
  2389: 0x485b50 M=1 runtime.mallocgc /home/jzh/go/src/runtime/malloc.go:1148:0 s=1119
  2390: 0x4acf73 M=1 time.Now /home/jzh/go/src/time/time.go:1349:0 s=1347
  2391: 0x48b725 M=1 runtime.findfunc /home/jzh/go/src/runtime/symtab.go:952:0 s=923
  2392: 0x42281f M=1 runtime.typePointers.next /home/jzh/go/src/runtime/mbitmap.go:244:0 s=243
  2393: 0x5d1190 M=1 github.com/jzhang405/NexKV/internal/infrastructure/concurrency.(*PerCoreExecutor).SubmitWithPriority /home/jzh/ws/go/src/github.com/jzhang405/NexKV/internal/infrastructure/concurrency/executor_percore.go:354:0 s=317
  2394: 0x431b58 M=1 runtime.gcDrainN /home/jzh/go/src/runtime/mgcmark.go:1424:0 s=1392
  2395: 0x54c865 M=1 github.com/jzhang405/NexKV/pkg/errors.Wrapf /home/jzh/ws/go/src/github.com/jzhang405/NexKV/pkg/errors/errors.go:195:0 s=190
  2396: 0x422d04 M=1 runtime.(*wbBuf).get2 /home/jzh/go/src/runtime/mwbbuf.go:146:0 s=142
             runtime.bulkBarrierPreWrite /home/jzh/go/src/runtime/mbitmap.go:453:0 s=388
  2397: 0x431404 M=1 internal/runtime/atomic.(*Uint32).Add /home/jzh/go/src/internal/runtime/atomic/types.go:291:0 s=290
             runtime.gcNextMarkRoot /home/jzh/go/src/runtime/mgcmark.go:1194:0 s=1191
  2398: 0x5d1b91 M=1 github.com/jzhang405/NexKV/internal/infrastructure/concurrency.heapPop /home/jzh/ws/go/src/github.com/jzhang405/NexKV/internal/infrastructure/concurrency/executor_percore.go:506:0 s=499
  2399: 0x432e2a M=1 runtime.alignDown /home/jzh/go/src/runtime/stubs.go:382:0 s=381
             runtime.tryDeferToSpanScan /home/jzh/go/src/runtime/mgcmark_greenteagc.go:281:0 s=264
  2400: 0x41ea24 M=1 runtime.(*listHeadManual).pop /home/jzh/go/src/runtime/list_manual.go:112:0 s=96
  2401: 0x42d491 M=1 runtime.nanotime /home/jzh/go/src/runtime/time_nofake.go:33:0 s=32
             runtime.gcBgMarkWorker /home/jzh/go/src/runtime/mgc.go:1887:0 s=1750
  2402: 0x448db1 M=1 runtime.(*spanSet).pop /home/jzh/go/src/runtime/mspanset.go:168:0 s=150
  2403: 0x5d2027 M=1 github.com/jzhang405/NexKV/internal/infrastructure/concurrency.heapDown /home/jzh/ws/go/src/github.com/jzhang405/NexKV/internal/infrastructure/concurrency/executor_percore.go:541:0 s=527
  2404: 0x41e994 M=1 runtime.(*listHeadManual).push /home/jzh/go/src/runtime/list_manual.go:92:0 s=79
  2405: 0x466516 M=1 internal/runtime/atomic.(*Uint32).Add /home/jzh/go/src/internal/runtime/atomic/types.go:291:0 s=290
             runtime.semrelease1 /home/jzh/go/src/runtime/sema.go:228:0 s=207
  2406: 0x4d9c20 M=1 fmt.(*fmt).fmtInteger /home/jzh/go/src/fmt/format.go:273:0 s=197
  2407: 0x4a5eeb M=1 time.Since /home/jzh/go/src/time/time.go:1228:0 s=1227
  2408: 0x49423b M=1 sync.(*Pool).Put /home/jzh/go/src/sync/pool.go:113:0 s=99
  2409: 0x54c99a M=1 github.com/jzhang405/NexKV/pkg/errors.Wrapf /home/jzh/ws/go/src/github.com/jzhang405/NexKV/pkg/errors/errors.go:195:0 s=190
  2410: 0x43b006 M=1 runtime.deductSweepCredit /home/jzh/go/src/runtime/mgcsweep.go:929:0 s=913
  2411: 0x43d5a1 M=1 runtime.(*mheap).allocSpan /home/jzh/go/src/runtime/mheap.go:1415:0 s=1224
  2412: 0x422cb9 M=1 runtime.bulkBarrierPreWrite /home/jzh/go/src/runtime/mbitmap.go:421:0 s=388
  2413: 0x4227c4 M=1 runtime.(*mspan).typePointersOfType /home/jzh/go/src/runtime/mbitmap.go:189:0 s=179
  2414: 0x485ba5 M=1 internal/abi.(*Type).Pointers /home/jzh/go/src/internal/abi/type.go:203:0 s=203
             runtime.mallocgc /home/jzh/go/src/runtime/malloc.go:1187:0 s=1119
  2415: 0x5d0489 M=1 github.com/jzhang405/NexKV/internal/infrastructure/concurrency.taskQueue.Less /home/jzh/ws/go/src/github.com/jzhang405/NexKV/internal/infrastructure/concurrency/executor_percore.go:129:0 s=126
  2416: 0x5d0f45 M=1 github.com/jzhang405/NexKV/internal/infrastructure/concurrency.(*PerCoreExecutor).SubmitWithPriority /home/jzh/ws/go/src/github.com/jzhang405/NexKV/internal/infrastructure/concurrency/executor_percore.go:317:0 s=317
  2417: 0x41ea2d M=1 runtime.(*listHeadManual).getNode /home/jzh/go/src/runtime/list_manual.go:58:0 s=57
             runtime.(*listHeadManual).pop /home/jzh/go/src/runtime/list_manual.go:113:0 s=96
  2418: 0x421133 M=1 runtime.nextFreeFast /home/jzh/go/src/runtime/malloc.go:1025:0 s=1021
             runtime.mallocgcSmallScanNoHeader /home/jzh/go/src/runtime/malloc.go:1579:0 s=1555
  2419: 0x5d04ee M=1 github.com/jzhang405/NexKV/internal/infrastructure/concurrency.taskQueue.Less /home/jzh/ws/go/src/github.com/jzhang405/NexKV/internal/infrastructure/concurrency/executor_percore.go:130:0 s=126
  2420: 0x4722b5 M=1 runtime.(*timers).check /home/jzh/go/src/runtime/time.go:1030:0 s=1009
  2421: 0x420ab7 M=1 runtime.acquirem /home/jzh/go/src/runtime/runtime1.go:602:0 s=600
             runtime.mallocgcTiny /home/jzh/go/src/runtime/malloc.go:1256:0 s=1254
  2422: 0x4344c9 M=1 runtime.gcUsesSpanInlineMarkBits /home/jzh/go/src/runtime/mgcmark_greenteagc.go:259:0 s=258
             runtime.spanHeapBitsRange /home/jzh/go/src/runtime/mbitmap.go:573:0 s=570
             runtime.scanObjectsSmall /home/jzh/go/src/runtime/mgcmark_greenteagc.go:1022:0 s=1015
  2423: 0x420bd4 M=1 runtime.nextFreeFast /home/jzh/go/src/runtime/malloc.go:1030:0 s=1021
             runtime.mallocgcTiny /home/jzh/go/src/runtime/malloc.go:1329:0 s=1254
  2424: 0x41f18b M=1 runtime.lock2 /home/jzh/go/src/runtime/lock_spinbit.go:155:0 s=155
  2425: 0x4e12e6 M=1 fmt.(*pp).doPrintf /home/jzh/go/src/fmt/print.go:1041:0 s=1020
  2426: 0x4597ca M=1 runtime.schedule /home/jzh/go/src/runtime/proc.go:4154:0 s=4135
  2427: 0x45e7e4 M=1 runtime.wirep /home/jzh/go/src/runtime/proc.go:6321:0 s=6296
  2428: 0x423538 M=1 runtime.(*mspan).nextFreeIndex /home/jzh/go/src/runtime/mbitmap.go:1125:0 s=1113
  2429: 0x5d1fcb M=1 github.com/jzhang405/NexKV/internal/infrastructure/concurrency.heapDown /home/jzh/ws/go/src/github.com/jzhang405/NexKV/internal/infrastructure/concurrency/executor_percore.go:538:0 s=527
  2430: 0x4d9026 M=1 fmt.(*fmt).pad /home/jzh/go/src/fmt/format.go:95:0 s=93
  2431: 0x486319 M=1 runtime.findObject /home/jzh/go/src/runtime/mbitmap.go:1391:0 s=1361
  2432: 0x42348f M=1 runtime.(*mspan).writeHeapBitsSmall /home/jzh/go/src/runtime/mbitmap.go:683:0 s=624
  2433: 0x466cb1 M=1 runtime.(*semaRoot).dequeue /home/jzh/go/src/runtime/sema.go:479:0 s=405
  2434: 0x48ba8a M=1 time.runtimeNow /home/jzh/go/src/runtime/time.go:18:0 s=17
  2435: 0x435e2b M=1 internal/runtime/atomic.(*Int64).Load /home/jzh/go/src/internal/runtime/atomic/types.go:74:0 s=73
             runtime.(*gcCPULimiterState).needUpdate /home/jzh/go/src/runtime/mgclimit.go:145:0 s=144
             runtime.(*gcControllerState).findRunnableGCWorker /home/jzh/go/src/runtime/mgcpacer.go:869:0 s=861
  2436: 0x493ac4 M=1 internal/sync.(*Mutex).lockSlow /home/jzh/go/src/internal/sync/mutex.go:101:0 s=95
  2437: 0x457201 M=1 runtime.mPark /home/jzh/go/src/runtime/proc.go:1967:0 s=1965
             runtime.stoplockedm /home/jzh/go/src/runtime/proc.go:3263:0 s=3250
  2438: 0x433c3a M=1 runtime.objptr.spanBase /home/jzh/go/src/runtime/mgcmark_greenteagc.go:835:0 s=834
             runtime.scanSpan /home/jzh/go/src/runtime/mgcmark_greenteagc.go:845:0 s=844
  2439: 0x4db385 M=1 fmt.(*pp).free /home/jzh/go/src/fmt/print.go:179:0 s=161
  2440: 0x4e10f2 M=1 fmt.(*pp).doPrintf /home/jzh/go/src/fmt/print.go:1025:0 s=1020
  2441: 0x422d7c M=1 runtime.bulkBarrierPreWrite /home/jzh/go/src/runtime/mbitmap.go:448:0 s=388
  2442: 0x5d1f85 M=1 github.com/jzhang405/NexKV/internal/infrastructure/concurrency.heapDown /home/jzh/ws/go/src/github.com/jzhang405/NexKV/internal/infrastructure/concurrency/executor_percore.go:530:0 s=527
  2443: 0x4d9e71 M=1 fmt.(*fmt).fmtInteger /home/jzh/go/src/fmt/format.go:247:0 s=197
  2444: 0x41f69e M=1 runtime.(*mLockProfile).store /home/jzh/go/src/runtime/mprof.go:756:0 s=755
             runtime.unlock2 /home/jzh/go/src/runtime/lock_spinbit.go:317:0 s=267
  2445: 0x432fbd M=1 runtime.tryDeferToSpanScan /home/jzh/go/src/runtime/mgcmark_greenteagc.go:313:0 s=264
  2446: 0x434e49 M=1 runtime.scanObject /home/jzh/go/src/runtime/mgcmark_greenteagc.go:1268:0 s=1187
  2447: 0x54c98d M=1 github.com/jzhang405/NexKV/pkg/errors.mergeNexError /home/jzh/ws/go/src/github.com/jzhang405/NexKV/pkg/errors/errors.go:215:0 s=199
             github.com/jzhang405/NexKV/pkg/errors.Wrapf /home/jzh/ws/go/src/github.com/jzhang405/NexKV/pkg/errors/errors.go:195:0 s=190
  2448: 0x54c820 M=1 github.com/jzhang405/NexKV/pkg/errors.Wrapf /home/jzh/ws/go/src/github.com/jzhang405/NexKV/pkg/errors/errors.go:190:0 s=190
  2449: 0x459cd7 M=1 runtime.traceAcquire /home/jzh/go/src/runtime/traceruntime.go:189:0 s=188
             runtime.goschedImpl /home/jzh/go/src/runtime/proc.go:4309:0 s=4307
  2450: 0x448bde M=1 runtime.(*spanSet).push /home/jzh/go/src/runtime/mspanset.go:85:0 s=83
  2451: 0x452ba7 M=1 runtime.forEachG /home/jzh/go/src/runtime/proc.go:733:0 s=731
  2452: 0x4acfb3 M=1 time.Now /home/jzh/go/src/time/time.go:1360:0 s=1347
  2453: 0x44ffa3 M=1 runtime.suspendG /home/jzh/go/src/runtime/preempt.go:124:0 s=106
  2454: 0x43b397 M=1 runtime.(*gcWork).putObjBatch /home/jzh/go/src/runtime/mgcwork.go:218:0 s=217
  2455: 0x44a244 M=1 runtime.wbBufFlush1 /home/jzh/go/src/runtime/mwbbuf.go:270:0 s=195
  2456: 0x431b24 M=1 runtime.gcDrainN /home/jzh/go/src/runtime/mgcmark.go:1420:0 s=1392
  2457: 0x4540cd M=1 runtime.casgstatus /home/jzh/go/src/runtime/proc.go:1278:0 s=1277
  2458: 0x457246 M=1 runtime.stoplockedm /home/jzh/go/src/runtime/proc.go:3265:0 s=3250
  2459: 0x45eb38 M=1 runtime.incidlelocked /home/jzh/go/src/runtime/proc.go:6361:0 s=6355
  2460: 0x488682 M=1 internal/sync.runtime_doSpin /home/jzh/go/src/runtime/proc.go:7957:0 s=7955
  2461: 0x493fef M=1 internal/sync.(*Mutex).Unlock /home/jzh/go/src/internal/sync/mutex.go:194:0 s=187
             sync.(*Mutex).Unlock /home/jzh/go/src/sync/mutex.go:65:0 s=64
  2462: 0x483292 M=1 runtime.gcResetMarkState.func1 /home/jzh/go/src/runtime/mgc.go:2119:0 s=2116
  2463: 0x420cea M=1 runtime.mallocgcTiny /home/jzh/go/src/runtime/malloc.go:1384:0 s=1254
  2464: 0x442a82 M=1 runtime.packPallocSum /home/jzh/go/src/runtime/mpagealloc.go:1044:0 s=1039
             runtime.mergeSummaries /home/jzh/go/src/runtime/mpagealloc.go:1118:0 s=1084
  2465: 0x45a006 M=1 runtime.gosched_m /home/jzh/go/src/runtime/proc.go:4349:0 s=4349
  2466: 0x422808 M=1 runtime.typePointers.next /home/jzh/go/src/runtime/mbitmap.go:243:0 s=243
  2467: 0x4540d9 M=1 runtime.casgstatus /home/jzh/go/src/runtime/proc.go:1278:0 s=1277
  2468: 0x48fb90 M=1 runtime.memclrNoHeapPointers /home/jzh/go/src/runtime/memclr_amd64.s:193:0 s=15
  2469: 0x54c972 M=1 github.com/jzhang405/NexKV/pkg/errors.mergeNexError /home/jzh/ws/go/src/github.com/jzhang405/NexKV/pkg/errors/errors.go:214:0 s=199
             github.com/jzhang405/NexKV/pkg/errors.Wrapf /home/jzh/ws/go/src/github.com/jzhang405/NexKV/pkg/errors/errors.go:195:0 s=190
  2470: 0x4347ce M=1 runtime.extractHeapBitsSmall /home/jzh/go/src/runtime/mgcmark_greenteagc.go:1084:0 s=1063
  2471: 0x43d119 M=1 runtime.lockWithRank /home/jzh/go/src/runtime/lockrank_off.go:24:0 s=23
             runtime.lock /home/jzh/go/src/runtime/lock_spinbit.go:152:0 s=151
             runtime.(*mheap).allocSpan /home/jzh/go/src/runtime/mheap.go:1244:0 s=1224
  2472: 0x459cf2 M=1 runtime.traceAcquire /home/jzh/go/src/runtime/traceruntime.go:189:0 s=188
             runtime.goschedImpl /home/jzh/go/src/runtime/proc.go:4309:0 s=4307
  2473: 0x431410 M=1 runtime.gcNextMarkRoot /home/jzh/go/src/runtime/mgcmark.go:1195:0 s=1191
  2474: 0x4543de M=1 runtime.casgstatus /home/jzh/go/src/runtime/proc.go:1381:0 s=1277
  2475: 0x421319 M=1 runtime.mallocgcSmallScanNoHeader /home/jzh/go/src/runtime/malloc.go:1636:0 s=1555
  2476: 0x449c26 M=1 internal/runtime/atomic.(*Uint32).Add /home/jzh/go/src/internal/runtime/atomic/types.go:291:0 s=290
             runtime.(*consistentHeapStats).acquire /home/jzh/go/src/runtime/mstats.go:778:0 s=776
  2477: 0x42438a M=1 runtime.(*mcache).refill /home/jzh/go/src/runtime/mcache.go:185:0 s=160
  2478: 0x41f2ad M=1 runtime.lock2 /home/jzh/go/src/runtime/lock_spinbit.go:211:0 s=155
  2479: 0x42284e M=1 runtime.typePointers.next /home/jzh/go/src/runtime/mbitmap.go:257:0 s=243
  2480: 0x44a0a2 M=1 runtime.wbBufFlush1 /home/jzh/go/src/runtime/mwbbuf.go:240:0 s=195
  2481: 0x431930 M=1 runtime.gcDrain /home/jzh/go/src/runtime/mgcmark.go:1281:0 s=1239
  2482: 0x438f31 M=1 runtime.binarySearchTree /home/jzh/go/src/runtime/mgcstack.go:319:0 s=311
  2483: 0x438ef6 M=1 runtime.binarySearchTree /home/jzh/go/src/runtime/mgcstack.go:316:0 s=311
  2484: 0x438f5c M=1 runtime.binarySearchTree /home/jzh/go/src/runtime/mgcstack.go:323:0 s=311
  2485: 0x430e94 M=1 runtime.(*stackScanState).buildIndex /home/jzh/go/src/runtime/mgcstack.go:303:0 s=302
             runtime.scanstack /home/jzh/go/src/runtime/mgcmark.go:1008:0 s=904
  2486: 0x432e71 M=1 runtime.tryDeferToSpanScan /home/jzh/go/src/runtime/mgcmark_greenteagc.go:286:0 s=264
  2487: 0x431ad0 M=1 runtime.(*spanQueue).tryGetFast /home/jzh/go/src/runtime/mgcmark_greenteagc.go:532:0 s=531
             runtime.(*gcWork).tryGetSpanFast /home/jzh/go/src/runtime/mgcmark_greenteagc.go:318:0 s=317
             runtime.gcDrainN /home/jzh/go/src/runtime/mgcmark.go:1414:0 s=1392
  2488: 0x48d14d M=1 gcWriteBarrier /home/jzh/go/src/runtime/asm_amd64.s:1817:0 s=1813
  2489: 0x4e136a M=1 fmt.(*pp).doPrintf /home/jzh/go/src/fmt/print.go:1062:0 s=1020
  2490: 0x5d211c M=1 github.com/jzhang405/NexKV/internal/infrastructure/concurrency.heapDown /home/jzh/ws/go/src/github.com/jzhang405/NexKV/internal/infrastructure/concurrency/executor_percore.go:538:0 s=527
  2491: 0x4e1be0 M=1 fmt.(*pp).doPrintf /home/jzh/go/src/fmt/print.go:1179:0 s=1020
  2492: 0x41eb60 M=1 runtime.notewakeup /home/jzh/go/src/runtime/lock_futex.go:26:0 s=26
  2493: 0x44b5ea M=1 runtime.futexwakeup /home/jzh/go/src/runtime/os_linux.go:88:0 s=85
  2494: 0x41e952 M=1 runtime.(*listHeadManual).getNode /home/jzh/go/src/runtime/list_manual.go:58:0 s=57
             runtime.(*listHeadManual).push /home/jzh/go/src/runtime/list_manual.go:83:0 s=79
  2495: 0x5d2061 M=1 github.com/jzhang405/NexKV/internal/infrastructure/concurrency.heapDown /home/jzh/ws/go/src/github.com/jzhang405/NexKV/internal/infrastructure/concurrency/executor_percore.go:541:0 s=527
  2496: 0x44a0fa M=1 runtime.(*mspan).markBitsForIndex /home/jzh/go/src/runtime/mgcmark_greenteagc.go:232:0 s=228
             runtime.wbBufFlush1 /home/jzh/go/src/runtime/mwbbuf.go:249:0 s=195
  2497: 0x43a199 M=1 runtime.(*sweepLocked).sweep /home/jzh/go/src/runtime/mgcsweep.go:775:0 s=505
  2498: 0x4227d0 M=1 runtime.(*mspan).typePointersOfType /home/jzh/go/src/runtime/mbitmap.go:189:0 s=179
  2499: 0x42f345 M=1 runtime.markroot /home/jzh/go/src/runtime/mgcmark.go:257:0 s=221
  2500: 0x422d15 M=1 runtime.bulkBarrierPreWrite /home/jzh/go/src/runtime/mbitmap.go:454:0 s=388
  2501: 0x41f5ea M=1 runtime.unlock2 /home/jzh/go/src/runtime/lock_spinbit.go:267:0 s=267
  2502: 0x420b37 M=1 runtime.mallocgcTiny /home/jzh/go/src/runtime/malloc.go:1320:0 s=1254
  2503: 0x4340f4 M=1 runtime.spanSetScans /home/jzh/go/src/runtime/mgcmark_greenteagc.go:972:0 s=936
  2504: 0x493d18 M=1 internal/sync.(*Mutex).unlockSlow /home/jzh/go/src/internal/sync/mutex.go:219:0 s=202
  2505: 0x4211ae M=1 runtime.mallocgcSmallScanNoHeader /home/jzh/go/src/runtime/malloc.go:1580:0 s=1555
  2506: 0x5d204d M=1 github.com/jzhang405/NexKV/internal/infrastructure/concurrency.heapDown /home/jzh/ws/go/src/github.com/jzhang405/NexKV/internal/infrastructure/concurrency/executor_percore.go:541:0 s=527
  2507: 0x448bca M=1 runtime.(*spanSet).push /home/jzh/go/src/runtime/mspanset.go:83:0 s=83
  2508: 0x488572 M=1 runtime.procPin /home/jzh/go/src/runtime/proc.go:7890:0 s=7885
             sync.runtime_procPin /home/jzh/go/src/runtime/proc.go:7913:0 s=7912
  2509: 0x43b90a M=1 runtime.getempty /home/jzh/go/src/runtime/mgcwork.go:424:0 s=424
  2510: 0x43bc7b M=1 runtime.handoff /home/jzh/go/src/runtime/mgcwork.go:511:0 s=509
  2511: 0x43b819 M=1 runtime.(*gcWork).balance /home/jzh/go/src/runtime/mgcwork.go:365:0 s=356
  2512: 0x4315b1 M=1 runtime.gcDrain /home/jzh/go/src/runtime/mgcmark.go:1307:0 s=1239
  2513: 0x457471 M=1 runtime.startlockedm /home/jzh/go/src/runtime/proc.go:3290:0 s=3278
  2514: 0x457bc6 M=1 internal/runtime/atomic.(*Uint32).Load /home/jzh/go/src/internal/runtime/atomic/types.go:194:0 s=193
             runtime.netpollinited /home/jzh/go/src/runtime/netpoll.go:232:0 s=231
             runtime.findRunnable /home/jzh/go/src/runtime/proc.go:3495:0 s=3389
  2515: 0x466bd7 M=1 runtime.(*semaRoot).dequeue /home/jzh/go/src/runtime/sema.go:436:0 s=405
  2516: 0x4dc94d M=1 fmt.(*pp).fmtInteger /home/jzh/go/src/fmt/print.go:431:0 s=422
  2517: 0x41f356 M=1 runtime.lock2 /home/jzh/go/src/runtime/lock_spinbit.go:217:0 s=155
  2518: 0x43fe29 M=1 runtime.(*gcBitsArena).tryAlloc /home/jzh/go/src/runtime/mheap.go:2905:0 s=2904
             runtime.newMarkBits /home/jzh/go/src/runtime/mheap.go:2926:0 s=2920
  2519: 0x432fc7 M=1 runtime.tryDeferToSpanScan /home/jzh/go/src/runtime/mgcmark_greenteagc.go:313:0 s=264
  2520: 0x43174d M=1 runtime.gcDrain /home/jzh/go/src/runtime/mgcmark.go:1351:0 s=1239
  2521: 0x42290c M=1 runtime.typePointers.next /home/jzh/go/src/runtime/mbitmap.go:269:0 s=243
  2522: 0x456db3 M=1 runtime.releasem /home/jzh/go/src/runtime/runtime1.go:609:0 s=607
             runtime.startm /home/jzh/go/src/runtime/proc.go:3124:0 s=3035
  2523: 0x456c7c M=1 runtime.startm /home/jzh/go/src/runtime/proc.go:3109:0 s=3035
  2524: 0x422ad3 M=1 runtime.typePointers.fastForward /home/jzh/go/src/runtime/mbitmap.go:330:0 s=283
  2525: 0x434f59 M=1 runtime.scanObject /home/jzh/go/src/runtime/mgcmark_greenteagc.go:1233:0 s=1187
  2526: 0x45766c M=1 runtime.execute /home/jzh/go/src/runtime/proc.go:3343:0 s=3331
  2527: 0x4440ef M=1 runtime.(*pallocBits).summarize /home/jzh/go/src/runtime/mpallocbits.go:199:0 s=132
  2528: 0x41eb66 M=1 runtime.notewakeup /home/jzh/go/src/runtime/lock_futex.go:26:0 s=26
  2529: 0x41f180 M=1 runtime.lock2 /home/jzh/go/src/runtime/lock_spinbit.go:155:0 s=155
  2530: 0x488586 M=1 runtime.procUnpin /home/jzh/go/src/runtime/proc.go:7907:0 s=7905
             sync.runtime_procUnpin /home/jzh/go/src/runtime/proc.go:7919:0 s=7918
  2531: 0x41f4c5 M=1 runtime.lock2 /home/jzh/go/src/runtime/lock_spinbit.go:199:0 s=155
  2532: 0x456ec0 M=1 runtime.runqempty /home/jzh/go/src/runtime/proc.go:7457:0 s=7447
             runtime.handoffp /home/jzh/go/src/runtime/proc.go:3136:0 s=3131
  2533: 0x44a024 M=1 runtime.wbBufFlush1 /home/jzh/go/src/runtime/mwbbuf.go:230:0 s=195
  2534: 0x493a5a M=1 internal/sync.(*Mutex).lockSlow /home/jzh/go/src/internal/sync/mutex.go:122:0 s=95
  2535: 0x43b8ea M=1 internal/runtime/atomic.(*Uint32).Load /home/jzh/go/src/internal/runtime/atomic/types.go:194:0 s=193
             runtime.(*spanSPMC).empty /home/jzh/go/src/runtime/mgcmark_greenteagc.go:734:0 s=732
             runtime.(*spanQueue).chainEmpty /home/jzh/go/src/runtime/mgcmark_greenteagc.go:451:0 s=447
             runtime.(*spanQueue).empty /home/jzh/go/src/runtime/mgcmark_greenteagc.go:441:0 s=436
             runtime.(*gcWork).empty /home/jzh/go/src/runtime/mgcwork.go:384:0 s=383
  2536: 0x42f265 M=1 runtime.markroot /home/jzh/go/src/runtime/mgcmark.go:221:0 s=221
  2537: 0x42345a M=1 runtime.(*mspan).writeHeapBitsSmall /home/jzh/go/src/runtime/mbitmap.go:670:0 s=624
  2538: 0x54c868 M=1 github.com/jzhang405/NexKV/pkg/errors.Wrapf /home/jzh/ws/go/src/github.com/jzhang405/NexKV/pkg/errors/errors.go:195:0 s=190
  2539: 0x4212ac M=1 runtime.mallocgcSmallScanNoHeader /home/jzh/go/src/runtime/malloc.go:1609:0 s=1555
  2540: 0x421247 M=1 runtime.heapSetTypeNoHeader /home/jzh/go/src/runtime/mbitmap.go:709:0 s=705
             runtime.mallocgcSmallScanNoHeader /home/jzh/go/src/runtime/malloc.go:1592:0 s=1555
  2541: 0x4d9b02 M=1 fmt.(*fmt).fmtInteger /home/jzh/go/src/fmt/format.go:219:0 s=197
  2542: 0x4d9c30 M=1 fmt.(*fmt).fmtInteger /home/jzh/go/src/fmt/format.go:273:0 s=197
  2543: 0x41f8ba M=1 runtime.unlock2Wake /home/jzh/go/src/runtime/lock_spinbit.go:378:0 s=345
  2544: 0x440188 M=1 runtime.nextMarkBitArenaEpoch /home/jzh/go/src/runtime/mheap.go:3002:0 s=2994
  2545: 0x4393a9 M=1 runtime.finishsweep_m /home/jzh/go/src/runtime/mgcsweep.go:269:0 s=231
  2546: 0x42123b M=1 runtime.heapSetTypeNoHeader /home/jzh/go/src/runtime/mbitmap.go:709:0 s=705
             runtime.mallocgcSmallScanNoHeader /home/jzh/go/src/runtime/malloc.go:1592:0 s=1555
  2547: 0x4939df M=1 internal/sync.(*Mutex).lockSlow /home/jzh/go/src/internal/sync/mutex.go:100:0 s=95
  2548: 0x42129d M=1 runtime.mallocgcSmallScanNoHeader /home/jzh/go/src/runtime/malloc.go:1619:0 s=1555
  2549: 0x456a9d M=1 runtime.stopm /home/jzh/go/src/runtime/proc.go:2995:0 s=2992
  2550: 0x459ddb M=1 runtime.dropg /home/jzh/go/src/runtime/proc.go:4243:0 s=4240
             runtime.goschedImpl /home/jzh/go/src/runtime/proc.go:4330:0 s=4307
  2551: 0x431da4 M=1 runtime.scanblock /home/jzh/go/src/runtime/mgcmark.go:1501:0 s=1479
  2552: 0x444105 M=1 runtime.(*pallocBits).summarize /home/jzh/go/src/runtime/mpallocbits.go:192:0 s=132
  2553: 0x42fb37 M=1 internal/runtime/atomic.(*Uint8).Load /home/jzh/go/src/internal/runtime/atomic/types.go:124:0 s=123
             runtime.(*mSpanStateBox).get /home/jzh/go/src/runtime/mheap.go:419:0 s=418
             runtime.markrootSpans /home/jzh/go/src/runtime/mgcmark.go:440:0 s=393
  2554: 0x42f35d M=1 runtime.markroot /home/jzh/go/src/runtime/mgcmark.go:259:0 s=221
  2555: 0x4d9d87 M=1 fmt.(*fmt).fmtInteger /home/jzh/go/src/fmt/format.go:320:0 s=197
  2556: 0x5d1fe0 M=1 github.com/jzhang405/NexKV/internal/infrastructure/concurrency.heapDown /home/jzh/ws/go/src/github.com/jzhang405/NexKV/internal/infrastructure/concurrency/executor_percore.go:538:0 s=527
  2557: 0x4347fc M=1 runtime.extractHeapBitsSmall /home/jzh/go/src/runtime/mgcmark_greenteagc.go:1087:0 s=1063
  2558: 0x48d15d M=1 gcWriteBarrier /home/jzh/go/src/runtime/asm_amd64.s:1824:0 s=1813
  2559: 0x4524f1 M=1 runtime.releaseSudog /home/jzh/go/src/runtime/proc.go:571:0 s=526
  2560: 0x5d1a65 M=1 github.com/jzhang405/NexKV/internal/infrastructure/concurrency.(*coreWorker).executeTask.func1 /home/jzh/ws/go/src/github.com/jzhang405/NexKV/internal/infrastructure/concurrency/executor_percore.go:484:0 s=476
  2561: 0x48586d M=1 runtime.convT64 /home/jzh/go/src/runtime/iface.go:407:0 s=400
  2562: 0x47222b M=1 runtime.(*timers).check /home/jzh/go/src/runtime/time.go:1009:0 s=1009
  2563: 0x4575eb M=1 runtime.execute /home/jzh/go/src/runtime/proc.go:3331:0 s=3331
  2564: 0x45383f M=1 runtime.ready /home/jzh/go/src/runtime/proc.go:1125:0 s=1120
  2565: 0x4347c2 M=1 runtime.extractHeapBitsSmall /home/jzh/go/src/runtime/mgcmark_greenteagc.go:1084:0 s=1063
  2566: 0x4db298 M=1 fmt.(*fmt).init /home/jzh/go/src/fmt/format.go:62:0 s=60
             fmt.newPrinter /home/jzh/go/src/fmt/print.go:156:0 s=151
  2567: 0x487d68 M=1 runtime.gopark /home/jzh/go/src/runtime/proc.go:455:0 s=445
  2568: 0x420cd6 M=1 runtime.mallocgcTiny /home/jzh/go/src/runtime/malloc.go:1383:0 s=1254
  2569: 0x45724b M=1 runtime.stoplockedm /home/jzh/go/src/runtime/proc.go:3270:0 s=3250
  2570: 0x423601 M=1 runtime.(*mspan).nextFreeIndex /home/jzh/go/src/runtime/mbitmap.go:1160:0 s=1113
  2571: 0x420936 M=1 runtime.(*mcache).nextFree /home/jzh/go/src/runtime/malloc.go:1062:0 s=1048
  2572: 0x5d1828 M=1 github.com/jzhang405/NexKV/internal/infrastructure/concurrency.(*coreWorker).run /home/jzh/ws/go/src/github.com/jzhang405/NexKV/internal/infrastructure/concurrency/executor_percore.go:450:0 s=432
  2573: 0x472279 M=1 runtime.nanotime /home/jzh/go/src/runtime/time_nofake.go:33:0 s=32
             runtime.(*timers).check /home/jzh/go/src/runtime/time.go:1020:0 s=1009
  2574: 0x489ae0 M=1 internal/sync.runtime_nanotime /home/jzh/go/src/runtime/sema.go:733:0 s=733
  2575: 0x48d89c M=1 runtime.systemstack /home/jzh/go/src/runtime/asm_amd64.s:540:0 s=520
  2576: 0x42350b M=1 runtime.(*mspan).nextFreeIndex /home/jzh/go/src/runtime/mbitmap.go:1113:0 s=1113
  2577: 0x434dc5 M=1 runtime.typePointers.nextFast /home/jzh/go/src/runtime/mbitmap.go:214:0 s=212
             runtime.scanObject /home/jzh/go/src/runtime/mgcmark_greenteagc.go:1241:0 s=1187
  2578: 0x459880 M=1 runtime.schedule /home/jzh/go/src/runtime/proc.go:4198:0 s=4135
  2579: 0x4208aa M=1 runtime.(*mcache).nextFree /home/jzh/go/src/runtime/malloc.go:1048:0 s=1048
  2580: 0x42f32b M=1 runtime.markroot /home/jzh/go/src/runtime/mgcmark.go:244:0 s=221
  2581: 0x466ad2 M=1 runtime.(*semaRoot).dequeue /home/jzh/go/src/runtime/sema.go:410:0 s=405
  2582: 0x420ce6 M=1 runtime.releasem /home/jzh/go/src/runtime/runtime1.go:609:0 s=607
             runtime.mallocgcTiny /home/jzh/go/src/runtime/malloc.go:1384:0 s=1254
  2583: 0x4dc900 M=1 fmt.(*pp).fmtInteger /home/jzh/go/src/fmt/print.go:423:0 s=422
  2584: 0x421bc7 M=1 runtime.deductAssistCredit /home/jzh/go/src/runtime/malloc.go:1899:0 s=1899
  2585: 0x493a4c M=1 internal/sync.(*Mutex).lockSlow /home/jzh/go/src/internal/sync/mutex.go:120:0 s=95
  2586: 0x43af2a M=1 runtime.deductSweepCredit /home/jzh/go/src/runtime/mgcsweep.go:913:0 s=913
  2587: 0x4578a0 M=1 runtime.findRunnable /home/jzh/go/src/runtime/proc.go:3418:0 s=3389
  2588: 0x41eb7e M=1 runtime.notewakeup /home/jzh/go/src/runtime/lock_futex.go:32:0 s=26
  2589: 0x4396ec M=1 runtime.sweepone /home/jzh/go/src/runtime/mgcsweep.go:395:0 s=359
  2590: 0x4a4c97 M=1 time.Time.Before /home/jzh/go/src/time/time.go:282:0 s=281
  2591: 0x4db7ce M=1 fmt.Sprintf /home/jzh/go/src/fmt/print.go:237:0 s=237
  2592: 0x466704 M=1 runtime.(*semaRoot).queue /home/jzh/go/src/runtime/sema.go:309:0 s=304
  2593: 0x434d47 M=1 runtime.scanObject /home/jzh/go/src/runtime/mgcmark_greenteagc.go:1201:0 s=1187
  2594: 0x45e701 M=1 runtime.acquirepNoTrace /home/jzh/go/src/runtime/proc.go:6283:0 s=6274
  2595: 0x48f500 M=1 runtime.gcWriteBarrier2 /home/jzh/go/src/runtime/asm_amd64.s:1889:0 s=1888
  2596: 0x4e113c M=1 fmt.(*pp).doPrintf /home/jzh/go/src/fmt/print.go:1027:0 s=1020
  2597: 0x449b4d M=1 runtime.(*sysMemStat).add /home/jzh/go/src/runtime/mstats.go:660:0 s=659
  2598: 0x422840 M=1 runtime.typePointers.next /home/jzh/go/src/runtime/mbitmap.go:255:0 s=243
  2599: 0x456dad M=1 runtime.releasem /home/jzh/go/src/runtime/runtime1.go:609:0 s=607
             runtime.startm /home/jzh/go/src/runtime/proc.go:3124:0 s=3035
  2600: 0x440a82 M=1 runtime.(*pageAlloc).update /home/jzh/go/src/runtime/mpagealloc.go:508:0 s=492
  2601: 0x424f52 M=1 runtime.(*mcentral).uncacheSpan /home/jzh/go/src/runtime/mcentral.go:237:0 s=205
  2602: 0x42484b M=1 runtime.(*mcache).releaseAll /home/jzh/go/src/runtime/mcache.go:322:0 s=290
  2603: 0x483364 M=1 runtime.gcMarkTermination.func4 /home/jzh/go/src/runtime/mgc.go:1546:0 s=1545
  2604: 0x4557aa M=1 runtime.forEachPInternal /home/jzh/go/src/runtime/proc.go:2167:0 s=2140
  2605: 0x42cf5e M=1 runtime.gcMarkTermination.forEachP.func7 /home/jzh/go/src/runtime/proc.go:2126:0 s=2112
  2606: 0x42c5aa M=1 runtime.forEachP /home/jzh/go/src/runtime/proc.go:2112:0 s=2111
             runtime.gcMarkTermination /home/jzh/go/src/runtime/mgc.go:1545:0 s=1344
  2607: 0x4e12f5 M=1 fmt.(*fmt).clearflags /home/jzh/go/src/fmt/format.go:56:0 s=54
             fmt.(*pp).doPrintf /home/jzh/go/src/fmt/print.go:1044:0 s=1020
  2608: 0x432c64 M=1 runtime.(*spanInlineMarkBits).tryAcquire /home/jzh/go/src/runtime/mgcmark_greenteagc.go:148:0 s=146
  2609: 0x5d1bcb M=1 github.com/jzhang405/NexKV/internal/infrastructure/concurrency.heapPop /home/jzh/ws/go/src/github.com/jzhang405/NexKV/internal/infrastructure/concurrency/executor_percore.go:511:0 s=499
  2610: 0x54c855 M=1 github.com/jzhang405/NexKV/pkg/errors.Wrapf /home/jzh/ws/go/src/github.com/jzhang405/NexKV/pkg/errors/errors.go:192:0 s=190
  2611: 0x420b8e M=1 runtime.nextFreeFast /home/jzh/go/src/runtime/malloc.go:1023:0 s=1021
             runtime.mallocgcTiny /home/jzh/go/src/runtime/malloc.go:1329:0 s=1254
  2612: 0x485820 M=1 runtime.convT64 /home/jzh/go/src/runtime/iface.go:400:0 s=400
  2613: 0x5dd605 M=1 github.com/jzhang405/NexKV/internal/infrastructure/concurrency.BenchmarkPerCoreVsAnts_Transport_Throughput.func3.1 /home/jzh/ws/go/src/github.com/jzhang405/NexKV/internal/infrastructure/concurrency/executor_comparison_benchmark_test.go:121:0 s=119
  2614: 0x455a31 M=1 runtime.runSafePointFn /home/jzh/go/src/runtime/proc.go:2244:0 s=2232
  2615: 0x431907 M=1 runtime.gcDrain /home/jzh/go/src/runtime/mgcmark.go:1276:0 s=1239
  2616: 0x42278c M=1 runtime.spanClass.noscan /home/jzh/go/src/runtime/mheap.go:600:0 s=599
             runtime.(*mspan).typePointersOfType /home/jzh/go/src/runtime/mbitmap.go:184:0 s=179
  2617: 0x454007 M=1 internal/runtime/atomic.(*Uint32).CompareAndSwap /home/jzh/go/src/internal/runtime/atomic/types.go:236:0 s=235
             runtime.castogscanstatus /home/jzh/go/src/runtime/proc.go:1254:0 s=1245
  2618: 0x4501bc M=1 runtime.suspendG /home/jzh/go/src/runtime/preempt.go:168:0 s=106
  2619: 0x431a7a M=1 runtime.gcDrainN /home/jzh/go/src/runtime/mgcmark.go:1407:0 s=1392
  2620: 0x44b5d4 M=1 runtime.futexwakeup /home/jzh/go/src/runtime/os_linux.go:86:0 s=85
  2621: 0x466147 M=1 runtime.cansemacquire /home/jzh/go/src/runtime/sema.go:297:0 s=291
             runtime.semacquire1 /home/jzh/go/src/runtime/sema.go:153:0 s=146
  2622: 0x42f299 M=1 runtime.markroot /home/jzh/go/src/runtime/mgcmark.go:223:0 s=221
  2623: 0x5d1b1f M=1 github.com/jzhang405/NexKV/internal/infrastructure/concurrency.heapPop /home/jzh/ws/go/src/github.com/jzhang405/NexKV/internal/infrastructure/concurrency/executor_percore.go:506:0 s=499
  2624: 0x420d0a M=1 runtime.mallocgcTiny /home/jzh/go/src/runtime/malloc.go:1333:0 s=1254
  2625: 0x4942ae M=1 sync.(*Pool).Get /home/jzh/go/src/sync/pool.go:131:0 s=131
  2626: 0x494240 M=1 sync.(*Pool).Put /home/jzh/go/src/sync/pool.go:113:0 s=99
  2627: 0x46dd12 M=1 runtime.slicebytetostring /home/jzh/go/src/runtime/string.go:170:0 s=139
  2628: 0x453850 M=1 runtime.acquirem /home/jzh/go/src/runtime/runtime1.go:603:0 s=600
             runtime.ready /home/jzh/go/src/runtime/proc.go:1124:0 s=1120
  2629: 0x435c1d M=1 runtime.(*gcControllerState).assignWaitingGCWorker /home/jzh/go/src/runtime/mgcpacer.go:781:0 s=764
  2630: 0x4571f2 M=1 runtime.stoplockedm /home/jzh/go/src/runtime/proc.go:3261:0 s=3250
  2631: 0x487ebb M=1 runtime.acquirem /home/jzh/go/src/runtime/runtime1.go:602:0 s=600
             runtime.wakep /home/jzh/go/src/runtime/proc.go:3224:0 s=3212
  2632: 0x45988c M=1 runtime.schedule /home/jzh/go/src/runtime/proc.go:4202:0 s=4135
  2633: 0x48d880 M=1 runtime.systemstack /home/jzh/go/src/runtime/asm_amd64.s:520:0 s=520
  2634: 0x5d2124 M=1 github.com/jzhang405/NexKV/internal/infrastructure/concurrency.heapDown /home/jzh/ws/go/src/github.com/jzhang405/NexKV/internal/infrastructure/concurrency/executor_percore.go:541:0 s=527
  2635: 0x41f6b2 M=1 runtime.(*mLockProfile).store /home/jzh/go/src/runtime/mprof.go:756:0 s=755
             runtime.unlock2 /home/jzh/go/src/runtime/lock_spinbit.go:317:0 s=267
  2636: 0x432d08 M=1 runtime.divRoundUp /home/jzh/go/src/runtime/stubs.go:391:0 s=388
             runtime.(*mspan).moveInlineMarks /home/jzh/go/src/runtime/mgcmark_greenteagc.go:200:0 s=196
  2637: 0x493b96 M=1 internal/sync.(*Mutex).lockSlow /home/jzh/go/src/internal/sync/mutex.go:109:0 s=95
  2638: 0x424e4a M=1 runtime.(*mcentral).cacheSpan /home/jzh/go/src/runtime/mcentral.go:171:0 s=82
  2639: 0x432eec M=1 runtime.alignDown /home/jzh/go/src/runtime/stubs.go:382:0 s=381
             runtime.tryDeferToSpanScan /home/jzh/go/src/runtime/mgcmark_greenteagc.go:281:0 s=264
  2640: 0x439f6f M=1 runtime.(*sweepLocked).sweep /home/jzh/go/src/runtime/mgcsweep.go:681:0 s=505
  2641: 0x421155 M=1 runtime.nextFreeFast /home/jzh/go/src/runtime/malloc.go:1027:0 s=1021
             runtime.mallocgcSmallScanNoHeader /home/jzh/go/src/runtime/malloc.go:1579:0 s=1555
  2642: 0x4663a4 M=1 runtime.unlockWithRank /home/jzh/go/src/runtime/lockrank_off.go:35:0 s=34
             runtime.unlock /home/jzh/go/src/runtime/lock_spinbit.go:261:0 s=260
             runtime.semacquire1 /home/jzh/go/src/runtime/sema.go:186:0 s=146
  2643: 0x4208d6 M=1 runtime.(*mcache).nextFree /home/jzh/go/src/runtime/malloc.go:1049:0 s=1048
  2644: 0x434409 M=1 runtime.scanObjectsSmall /home/jzh/go/src/runtime/mgcmark_greenteagc.go:1017:0 s=1015
  2645: 0x422906 M=1 runtime.typePointers.next /home/jzh/go/src/runtime/mbitmap.go:271:0 s=243
  2646: 0x43481a M=1 runtime.extractHeapBitsSmall /home/jzh/go/src/runtime/mgcmark_greenteagc.go:1087:0 s=1063
  2647: 0x423500 M=1 runtime.(*mspan).nextFreeIndex /home/jzh/go/src/runtime/mbitmap.go:1113:0 s=1113
  2648: 0x4578fe M=1 runtime.findRunnable /home/jzh/go/src/runtime/proc.go:3443:0 s=3389
  2649: 0x48f97d M=1 runtime.memclrNoHeapPointers /home/jzh/go/src/runtime/memclr_amd64.s:35:0 s=15
  2650: 0x5d04d9 M=1 github.com/jzhang405/NexKV/internal/infrastructure/concurrency.taskQueue.Less /home/jzh/ws/go/src/github.com/jzhang405/NexKV/internal/infrastructure/concurrency/executor_percore.go:130:0 s=126
  2651: 0x48d834 M=1 runtime.mcall /home/jzh/go/src/runtime/asm_amd64.s:488:0 s=458
  2652: 0x456aae M=1 runtime.stopm /home/jzh/go/src/runtime/proc.go:2998:0 s=2992
  2653: 0x493d3f M=1 internal/sync.(*Mutex).unlockSlow /home/jzh/go/src/internal/sync/mutex.go:222:0 s=202
  2654: 0x434db8 M=1 runtime.scanObject /home/jzh/go/src/runtime/mgcmark_greenteagc.go:1250:0 s=1187
  2655: 0x42f80a M=1 runtime.markroot.func1 /home/jzh/go/src/runtime/mgcmark.go:301:0 s=280
  2656: 0x4208e5 M=1 runtime.(*mcache).nextFree /home/jzh/go/src/runtime/malloc.go:1051:0 s=1048
  2657: 0x5d1f96 M=1 github.com/jzhang405/NexKV/internal/infrastructure/concurrency.heapDown /home/jzh/ws/go/src/github.com/jzhang405/NexKV/internal/infrastructure/concurrency/executor_percore.go:535:0 s=527
  2658: 0x493a49 M=1 internal/sync.(*Mutex).lockSlow /home/jzh/go/src/internal/sync/mutex.go:120:0 s=95
  2659: 0x43fe50 M=1 runtime.(*gcBitsArena).tryAlloc /home/jzh/go/src/runtime/mheap.go:2909:0 s=2904
             runtime.newMarkBits /home/jzh/go/src/runtime/mheap.go:2926:0 s=2920
  2660: 0x5d1bd7 M=1 github.com/jzhang405/NexKV/internal/infrastructure/concurrency.heapPop /home/jzh/ws/go/src/github.com/jzhang405/NexKV/internal/infrastructure/concurrency/executor_percore.go:511:0 s=499
  2661: 0x422788 M=1 runtime.(*mspan).typePointersOfType /home/jzh/go/src/runtime/mbitmap.go:184:0 s=179
  2662: 0x432c73 M=1 runtime.(*spanScanOwnership).or /home/jzh/go/src/runtime/mgcmark_greenteagc.go:106:0 s=95
             runtime.(*spanInlineMarkBits).tryAcquire /home/jzh/go/src/runtime/mgcmark_greenteagc.go:150:0 s=146
  2663: 0x45716d M=1 runtime.handoffp /home/jzh/go/src/runtime/proc.go:3137:0 s=3131
  2664: 0x422d9a M=1 runtime.bulkBarrierPreWrite /home/jzh/go/src/runtime/mbitmap.go:144:0 s=388
  2665: 0x452ba2 M=1 runtime.forEachG /home/jzh/go/src/runtime/proc.go:733:0 s=731
  2666: 0x45e75e M=1 runtime.wirep /home/jzh/go/src/runtime/proc.go:6299:0 s=6296
  2667: 0x424ae9 M=1 runtime.(*mcentral).partialSwept /home/jzh/go/src/runtime/mcentral.go:66:0 s=65
             runtime.(*mcentral).cacheSpan /home/jzh/go/src/runtime/mcentral.go:114:0 s=82
  2668: 0x44ff96 M=1 runtime.suspendG /home/jzh/go/src/runtime/preempt.go:124:0 s=106
  2669: 0x466ce0 M=1 runtime.(*maybeTraceablePtr).set /home/jzh/go/src/runtime/runtime2.go:360:0 s=359
             runtime.(*semaRoot).dequeue /home/jzh/go/src/runtime/sema.go:481:0 s=405
  2670: 0x435bc9 M=1 runtime.(*gcControllerState).assignWaitingGCWorker /home/jzh/go/src/runtime/mgcpacer.go:769:0 s=764
  2671: 0x422d2e M=1 runtime.bulkBarrierPreWrite /home/jzh/go/src/runtime/mbitmap.go:448:0 s=388
  2672: 0x421bf2 M=1 runtime.deductAssistCredit /home/jzh/go/src/runtime/malloc.go:1907:0 s=1899
  2673: 0x466337 M=1 runtime.semacquire1 /home/jzh/go/src/runtime/sema.go:193:0 s=146
  2674: 0x432e00 M=1 runtime.tryDeferToSpanScan /home/jzh/go/src/runtime/mgcmark_greenteagc.go:275:0 s=264
  2675: 0x459de2 M=1 runtime.(*muintptr).set /home/jzh/go/src/runtime/runtime2.go:292:0 s=292
             runtime.setMNoWB /home/jzh/go/src/runtime/runtime2.go:300:0 s=299
             runtime.dropg /home/jzh/go/src/runtime/proc.go:4243:0 s=4240
             runtime.goschedImpl /home/jzh/go/src/runtime/proc.go:4330:0 s=4307
  2676: 0x422ca3 M=1 runtime.bulkBarrierPreWrite /home/jzh/go/src/runtime/mbitmap.go:389:0 s=388
  2677: 0x4362f4 M=1 runtime.(*gcControllerState).update /home/jzh/go/src/runtime/mgcpacer.go:974:0 s=954
  2678: 0x5d1a00 M=1 github.com/jzhang405/NexKV/internal/infrastructure/concurrency.(*coreWorker).executeTask.func1 /home/jzh/ws/go/src/github.com/jzhang405/NexKV/internal/infrastructure/concurrency/executor_percore.go:476:0 s=476
  2679: 0x4395b1 M=1 runtime.(*sweepLocker).tryAcquire /home/jzh/go/src/runtime/mgcsweep.go:351:0 s=342
  2680: 0x4de5b2 M=1 fmt.(*pp).printArg /home/jzh/go/src/fmt/print.go:683:0 s=682
  2681: 0x43d87b M=1 runtime.newAllocBits /home/jzh/go/src/runtime/mheap.go:2977:0 s=2976
             runtime.(*mheap).initSpan /home/jzh/go/src/runtime/mheap.go:1494:0 s=1439
  2682: 0x45896f M=1 runtime.(*gQueue).empty /home/jzh/go/src/runtime/proc.go:7759:0 s=7758
             runtime.findRunnable /home/jzh/go/src/runtime/proc.go:3479:0 s=3389
  2683: 0x42438d M=1 runtime.(*mcache).refill /home/jzh/go/src/runtime/mcache.go:186:0 s=160
  2684: 0x5d11f9 M=1 github.com/jzhang405/NexKV/internal/infrastructure/concurrency.(*PerCoreExecutor).SubmitWithPriority /home/jzh/ws/go/src/github.com/jzhang405/NexKV/internal/infrastructure/concurrency/executor_percore.go:343:0 s=317
  2685: 0x4db3ba M=1 fmt.(*pp).free /home/jzh/go/src/fmt/print.go:181:0 s=161
  2686: 0x5d1f48 M=1 github.com/jzhang405/NexKV/internal/infrastructure/concurrency.heapDown /home/jzh/ws/go/src/github.com/jzhang405/NexKV/internal/infrastructure/concurrency/executor_percore.go:538:0 s=527
  2687: 0x5d04f7 M=1 github.com/jzhang405/NexKV/internal/infrastructure/concurrency.taskQueue.Less /home/jzh/ws/go/src/github.com/jzhang405/NexKV/internal/infrastructure/concurrency/executor_percore.go:130:0 s=126
  2688: 0x4d9e38 M=1 fmt.(*fmt).fmtInteger /home/jzh/go/src/fmt/format.go:247:0 s=197
  2689: 0x4d9a80 M=1 fmt.(*fmt).fmtInteger /home/jzh/go/src/fmt/format.go:206:0 s=197
  2690: 0x4440af M=1 runtime.(*pallocBits).summarize /home/jzh/go/src/runtime/mpallocbits.go:178:0 s=132
  2691: 0x460aa8 M=1 runtime.(*gQueue).pop /home/jzh/go/src/runtime/proc.go:7803:0 s=7802
             runtime.globrunqgetbatch /home/jzh/go/src/runtime/proc.go:7302:0 s=7293
  2692: 0x4d9b6c M=1 fmt.(*fmt).fmtInteger /home/jzh/go/src/fmt/format.go:242:0 s=197
  2693: 0x459d7e M=1 runtime.traceLocker.ok /home/jzh/go/src/runtime/traceruntime.go:251:0 s=250
             runtime.goschedImpl /home/jzh/go/src/runtime/proc.go:4315:0 s=4307
  2694: 0x43642e M=1 runtime.(*gcControllerState).memoryLimitHeapGoal /home/jzh/go/src/runtime/mgcpacer.go:1144:0 s=1048
  2695: 0x436364 M=1 runtime.(*gcControllerState).heapGoalInternal /home/jzh/go/src/runtime/mgcpacer.go:1007:0 s=1002
  2696: 0x43649b M=1 runtime.(*gcControllerState).trigger /home/jzh/go/src/runtime/mgcpacer.go:1191:0 s=1190
  2697: 0x454413 M=1 runtime.casgstatus /home/jzh/go/src/runtime/proc.go:1383:0 s=1277
  2698: 0x456af5 M=1 runtime.mPark /home/jzh/go/src/runtime/proc.go:1966:0 s=1965
             runtime.stopm /home/jzh/go/src/runtime/proc.go:3008:0 s=2992
  2699: 0x456c54 M=1 runtime.mget /home/jzh/go/src/runtime/proc.go:7217:0 s=7213
             runtime.startm /home/jzh/go/src/runtime/proc.go:3072:0 s=3035
  2700: 0x434ea8 M=1 runtime.scanObject /home/jzh/go/src/runtime/mgcmark_greenteagc.go:1250:0 s=1187
  2701: 0x485841 M=1 runtime.convT64 /home/jzh/go/src/runtime/iface.go:402:0 s=400
  2702: 0x4224c2 M=1 runtime.wbMove /home/jzh/go/src/runtime/mbarrier.go:198:0 s=192
  2703: 0x433091 M=1 runtime.(*gcWork).tryGetSpan /home/jzh/go/src/runtime/mgcmark_greenteagc.go:332:0 s=322
  2704: 0x4571f7 M=1 runtime.stoplockedm /home/jzh/go/src/runtime/proc.go:3261:0 s=3250
  2705: 0x5d0472 M=1 github.com/jzhang405/NexKV/internal/infrastructure/concurrency.taskQueue.Less /home/jzh/ws/go/src/github.com/jzhang405/NexKV/internal/infrastructure/concurrency/executor_percore.go:126:0 s=126
  2706: 0x466332 M=1 runtime.semacquire1 /home/jzh/go/src/runtime/sema.go:193:0 s=146
  2707: 0x4233d9 M=1 runtime.(*mspan).writeHeapBitsSmall /home/jzh/go/src/runtime/mbitmap.go:659:0 s=624
  2708: 0x432df7 M=1 runtime.tryDeferToSpanScan /home/jzh/go/src/runtime/mgcmark_greenteagc.go:274:0 s=264
  2709: 0x456c89 M=1 runtime.startm /home/jzh/go/src/runtime/proc.go:3112:0 s=3035
  2710: 0x434786 M=1 runtime.extractHeapBitsSmall /home/jzh/go/src/runtime/mgcmark_greenteagc.go:1073:0 s=1063
  2711: 0x43b5f0 M=1 runtime.(*gcWork).tryGetObj /home/jzh/go/src/runtime/mgcwork.go:272:0 s=258
  2712: 0x41ea46 M=1 runtime.(*listHeadManual).pop /home/jzh/go/src/runtime/list_manual.go:117:0 s=96
  2713: 0x4e12e0 M=1 fmt.(*pp).doPrintf /home/jzh/go/src/fmt/print.go:1035:0 s=1020
  2714: 0x5d201a M=1 github.com/jzhang405/NexKV/internal/infrastructure/concurrency.heapDown /home/jzh/ws/go/src/github.com/jzhang405/NexKV/internal/infrastructure/concurrency/executor_percore.go:541:0 s=527
  2715: 0x456a80 M=1 runtime.stopm /home/jzh/go/src/runtime/proc.go:2992:0 s=2992
  2716: 0x48d852 M=1 runtime.mcall /home/jzh/go/src/runtime/asm_amd64.s:496:0 s=458
  2717: 0x493b32 M=1 internal/sync.(*Mutex).lockSlow /home/jzh/go/src/internal/sync/mutex.go:150:0 s=95
  2718: 0x42f46a M=1 runtime.markroot /home/jzh/go/src/runtime/mgcmark.go:321:0 s=221
  2719: 0x5d1f7b M=1 github.com/jzhang405/NexKV/internal/infrastructure/concurrency.heapDown /home/jzh/ws/go/src/github.com/jzhang405/NexKV/internal/infrastructure/concurrency/executor_percore.go:535:0 s=527
  2720: 0x493a39 M=1 internal/sync.(*Mutex).lockSlow /home/jzh/go/src/internal/sync/mutex.go:140:0 s=95
  2721: 0x493d3b M=1 internal/sync.(*Mutex).unlockSlow /home/jzh/go/src/internal/sync/mutex.go:222:0 s=202
  2722: 0x41f26e M=1 runtime.lock2 /home/jzh/go/src/runtime/lock_spinbit.go:205:0 s=155
  2723: 0x46d177 M=1 runtime.(*stkframe).getStackMap /home/jzh/go/src/runtime/stkframe.go:214:0 s=157
  2724: 0x449b44 M=1 runtime.(*sysMemStat).add /home/jzh/go/src/runtime/mstats.go:659:0 s=659
  2725: 0x43e019 M=1 runtime.(*mheap).freeSpanLocked /home/jzh/go/src/runtime/mheap.go:1766:0 s=1730
  2726: 0x457821 M=1 runtime.findRunnable /home/jzh/go/src/runtime/proc.go:3390:0 s=3389
  2727: 0x420d0f M=1 runtime.mallocgcTiny /home/jzh/go/src/runtime/malloc.go:1333:0 s=1254
  2728: 0x42284b M=1 runtime.typePointers.next /home/jzh/go/src/runtime/mbitmap.go:263:0 s=243
  2729: 0x432e0d M=1 runtime.tryDeferToSpanScan /home/jzh/go/src/runtime/mgcmark_greenteagc.go:275:0 s=264
  2730: 0x41f982 M=1 runtime.semawakeup /home/jzh/go/src/runtime/lock_futex.go:159:0 s=158
             runtime.unlock2Wake /home/jzh/go/src/runtime/lock_spinbit.go:461:0 s=345
  2731: 0x493a14 M=1 internal/sync.(*Mutex).lockSlow /home/jzh/go/src/internal/sync/mutex.go:104:0 s=95
  2732: 0x47558a M=1 runtime.(*unwinder).resolveInternal /home/jzh/go/src/runtime/traceback.go:253:0 s=253
  2733: 0x475412 M=1 runtime.(*unwinder).initAt /home/jzh/go/src/runtime/traceback.go:225:0 s=133
  2734: 0x477e30 M=1 runtime.callers.func1 /home/jzh/go/src/runtime/traceback.go:1100:0 s=1098
  2735: 0x5d20e2 M=1 github.com/jzhang405/NexKV/internal/infrastructure/concurrency.heapDown /home/jzh/ws/go/src/github.com/jzhang405/NexKV/internal/infrastructure/concurrency/executor_percore.go:541:0 s=527
  2736: 0x431d59 M=1 runtime.scanblock /home/jzh/go/src/runtime/mgcmark.go:1496:0 s=1479
  2737: 0x42f67d M=1 runtime.markroot /home/jzh/go/src/runtime/mgcmark.go:229:0 s=221
  2738: 0x493bbd M=1 internal/sync.(*Mutex).lockSlow /home/jzh/go/src/internal/sync/mutex.go:104:0 s=95
  2739: 0x459d15 M=1 runtime.readgstatus /home/jzh/go/src/runtime/proc.go:1208:0 s=1207
             runtime.goschedImpl /home/jzh/go/src/runtime/proc.go:4310:0 s=4307
  2740: 0x460aa5 M=1 runtime.globrunqgetbatch /home/jzh/go/src/runtime/proc.go:7300:0 s=7293
  2741: 0x4502e1 M=1 runtime.suspendG /home/jzh/go/src/runtime/preempt.go:144:0 s=106
  2742: 0x448bce M=1 runtime.(*spanSet).push /home/jzh/go/src/runtime/mspanset.go:83:0 s=83
  2743: 0x42abb9 M=1 runtime.gcTrigger.test /home/jzh/go/src/runtime/mgc.go:707:0 s=706
  2744: 0x4669e7 M=1 runtime.(*semaRoot).queue /home/jzh/go/src/runtime/sema.go:382:0 s=304
  2745: 0x46dd21 M=1 runtime.slicebytetostring /home/jzh/go/src/runtime/string.go:172:0 s=139
  2746: 0x493b1d M=1 internal/sync.(*Mutex).lockSlow /home/jzh/go/src/internal/sync/mutex.go:149:0 s=95
  2747: 0x5d1bec M=1 github.com/jzhang405/NexKV/internal/infrastructure/concurrency.heapPop /home/jzh/ws/go/src/github.com/jzhang405/NexKV/internal/infrastructure/concurrency/executor_percore.go:511:0 s=499
  2748: 0x5d0f6c M=1 github.com/jzhang405/NexKV/internal/infrastructure/concurrency.(*PerCoreExecutor).SubmitWithPriority /home/jzh/ws/go/src/github.com/jzhang405/NexKV/internal/infrastructure/concurrency/executor_percore.go:319:0 s=317
  2749: 0x4394ca M=1 runtime.bgsweep /home/jzh/go/src/runtime/mgcsweep.go:303:0 s=272
  2750: 0x43cc20 M=1 runtime.(*mheap).alloc /home/jzh/go/src/runtime/mheap.go:1006:0 s=1006
  2751: 0x432cfe M=1 runtime.spanInlineMarkBitsFromBase /home/jzh/go/src/runtime/mgcmark_greenteagc.go:181:0 s=180
             runtime.(*mspan).inlineMarkBits /home/jzh/go/src/runtime/mgcmark_greenteagc.go:225:0 s=221
             runtime.(*mspan).moveInlineMarks /home/jzh/go/src/runtime/mgcmark_greenteagc.go:201:0 s=196
  2752: 0x5d19a5 M=1 github.com/jzhang405/NexKV/internal/infrastructure/concurrency.(*coreWorker).executeTask /home/jzh/ws/go/src/github.com/jzhang405/NexKV/internal/infrastructure/concurrency/executor_percore.go:486:0 s=475
  2753: 0x459cf4 M=1 runtime.traceAcquire /home/jzh/go/src/runtime/traceruntime.go:189:0 s=188
             runtime.goschedImpl /home/jzh/go/src/runtime/proc.go:4309:0 s=4307
  2754: 0x466351 M=1 runtime.cansemacquire /home/jzh/go/src/runtime/sema.go:292:0 s=291
             runtime.semacquire1 /home/jzh/go/src/runtime/sema.go:193:0 s=146
  2755: 0x5d11e6 M=1 github.com/jzhang405/NexKV/internal/infrastructure/concurrency.(*PerCoreExecutor).SubmitWithPriority /home/jzh/ws/go/src/github.com/jzhang405/NexKV/internal/infrastructure/concurrency/executor_percore.go:343:0 s=317
  2756: 0x432fda M=1 runtime.tryDeferToSpanScan /home/jzh/go/src/runtime/mgcmark_greenteagc.go:277:0 s=264
  2757: 0x4316dd M=1 runtime.gcDrain /home/jzh/go/src/runtime/mgcmark.go:1300:0 s=1239
  2758: 0x47045c M=1 runtime.step /home/jzh/go/src/runtime/symtab.go:1304:0 s=1285
  2759: 0x43a613 M=1 runtime.(*sweepLocked).sweep /home/jzh/go/src/runtime/mgcsweep.go:672:0 s=505
  2760: 0x43fe19 M=1 runtime.newMarkBits /home/jzh/go/src/runtime/mheap.go:2921:0 s=2920
  2761: 0x4318a0 M=1 runtime.gcDrain /home/jzh/go/src/runtime/mgcmark.go:1270:0 s=1239
  2762: 0x4455e3 M=1 runtime.cheaprand /home/jzh/go/src/runtime/rand.go:236:0 s=227
             runtime.cheaprandn /home/jzh/go/src/runtime/rand.go:293:0 s=291
             runtime.(*mLockProfile).start /home/jzh/go/src/runtime/mprof.go:661:0 s=660
  2763: 0x4de5cb M=1 fmt.(*pp).printArg /home/jzh/go/src/fmt/print.go:683:0 s=682
  2764: 0x45785c M=1 runtime.findRunnable /home/jzh/go/src/runtime/proc.go:3407:0 s=3389
  2765: 0x4557d1 M=1 runtime.unlockWithRank /home/jzh/go/src/runtime/lockrank_off.go:35:0 s=34
             runtime.unlock /home/jzh/go/src/runtime/lock_spinbit.go:261:0 s=260
             runtime.forEachPInternal /home/jzh/go/src/runtime/proc.go:2173:0 s=2140
  2766: 0x439ed4 M=1 runtime.(*mspan).countAlloc /home/jzh/go/src/runtime/mbitmap.go:1497:0 s=1495
             runtime.(*sweepLocked).sweep /home/jzh/go/src/runtime/mgcsweep.go:679:0 s=505
  2767: 0x45eb46 M=1 runtime.incidlelocked /home/jzh/go/src/runtime/proc.go:6362:0 s=6355
  2768: 0x48d8bb M=1 runtime.systemstack /home/jzh/go/src/runtime/asm_amd64.s:556:0 s=520
  2769: 0x431879 M=1 runtime.gcDrain /home/jzh/go/src/runtime/mgcmark.go:1275:0 s=1239
  2770: 0x45998b M=1 runtime.schedule /home/jzh/go/src/runtime/proc.go:4230:0 s=4135
  2771: 0x4661b3 M=1 runtime.(*semTable).rootFor /home/jzh/go/src/runtime/sema.go:57:0 s=56
             runtime.semacquire1 /home/jzh/go/src/runtime/sema.go:164:0 s=146
  2772: 0x485bd4 M=1 runtime.mallocgc /home/jzh/go/src/runtime/malloc.go:1192:0 s=1119
  2773: 0x4e11a7 M=1 fmt.(*pp).doPrintf /home/jzh/go/src/fmt/print.go:1033:0 s=1020
  2774: 0x4db259 M=1 fmt.newPrinter /home/jzh/go/src/fmt/print.go:152:0 s=151
  2775: 0x4892a9 M=1 internal/sync.runtime_SemacquireMutex /home/jzh/go/src/runtime/sema.go:96:0 s=94
  2776: 0x421200 M=1 runtime.mallocgcSmallScanNoHeader /home/jzh/go/src/runtime/malloc.go:1585:0 s=1555
  2777: 0x41f280 M=1 runtime.lock2 /home/jzh/go/src/runtime/lock_spinbit.go:209:0 s=155
  2778: 0x5d20fc M=1 github.com/jzhang405/NexKV/internal/infrastructure/concurrency.heapDown /home/jzh/ws/go/src/github.com/jzhang405/NexKV/internal/infrastructure/concurrency/executor_percore.go:541:0 s=527
  2779: 0x41f2b5 M=1 runtime.lock2 /home/jzh/go/src/runtime/lock_spinbit.go:214:0 s=155
  2780: 0x448d46 M=1 runtime.(*spanSet).push /home/jzh/go/src/runtime/mspanset.go:146:0 s=83
  2781: 0x4318f6 M=1 runtime.gcDrain /home/jzh/go/src/runtime/mgcmark.go:1275:0 s=1239
  2782: 0x422be1 M=1 runtime.bulkBarrierPreWrite /home/jzh/go/src/runtime/mbitmap.go:388:0 s=388
  2783: 0x4acfc2 M=1 time.Now /home/jzh/go/src/time/time.go:1360:0 s=1347
  2784: 0x4e11aa M=1 fmt.(*pp).doPrintf /home/jzh/go/src/fmt/print.go:1033:0 s=1020
  2785: 0x432e19 M=1 runtime.tryDeferToSpanScan /home/jzh/go/src/runtime/mgcmark_greenteagc.go:276:0 s=264
  2786: 0x472237 M=1 runtime.(*timers).wakeTime /home/jzh/go/src/runtime/time.go:992:0 s=985
             runtime.(*timers).check /home/jzh/go/src/runtime/time.go:1013:0 s=1009
Mappings
1: 0x400000/0x653000/0x0 /tmp/go-build2800134904/b001/concurrency.test 2e8a341cb9d8c0ea8d390b68bb9c62bfb2617880 [FN]
2: 0x7219f1828000/0x7219f19b0000/0x28000 /usr/lib/x86_64-linux-gnu/libc.so.6 8e9fd827446c24067541ac5390e6f527fb5947bb 
3: 0x7219f1a66000/0x7219f1a68000/0x0 [vdso]  
4: 0x7219f1a69000/0x7219f1a94000/0x1000 /usr/lib/x86_64-linux-gnu/ld-linux-x86-64.so.2 da07864eb4c1b06504b8688d25d7e84759fe708d 
5: 0xffffffffff600000/0xffffffffff601000/0x0 [vsyscall]  
